{
"type": "FeatureCollection",
"name": "delitos_robo_hurto",
"crs": { "type": "name", "properties": { "name": "urn:ogc:def:crs:EPSG::32718" } },
"features": [
{ "type": "Feature", "properties": { "id": "4", "FECHA_CORTE": 20240425, "FECHA_REGISTRO": 20240223, "ID_DOC_DENUNCIA": "060b191856ee7bf4feb80322d9c04ff36bbc99eaa7507563768f5cac95fb1ab2", "UBIGEO": 70101, "DEPARTAMENTO": "CALLAO", "PROVINCIA": "CALLAO", "DISTRITO": "CALLAO", "TIPO_DE_DENUNCIA": "ACTA DE INTERVENCION", "SITUACION_DENUNCIA": "RESUELTA", "TIPO": "PATRIMONIO (DELITO)", "SUBTIPO": "ROBO", "MODALIDAD": "ROBO AGRAVADO", "FECHA_HECHO": 20240223, "HORA_HECHO": 1610, "UBICACION": "CALLE LAS GARZAS CUADRA 2 CALLAO", "DESCRIPCION": "BOCANEGRA", "FECHA_NACIMIENTO": 19950926, "EDAD_PERSONA": 28, "SEXO": "MASCULINO", "ESTADO_CIVIL": "SOLTERO(A)", "GRADO_INSTRUCCION": "NO INDICA", "OCUPACION": "NO INDICA", "PAIS_NATAL": "PERU", "LONGITUD": -77.12538349, "LATITUD": -12.05116387, "Año": "2024", "Mes": "02" }, "geometry": { "type": "Point", "coordinates": [ 268627.645494456286542, 8666892.475113768130541 ] } },
{ "type": "Feature", "properties": { "id": "5", "FECHA_CORTE": 20240425, "FECHA_REGISTRO": 20240225, "ID_DOC_DENUNCIA": "57c0ea81739114f4a0132b5c2508ee00ad6b5ea02963f4f53eae0895322f8e38", "UBIGEO": 70101, "DEPARTAMENTO": "CALLAO", "PROVINCIA": "CALLAO", "DISTRITO": "CALLAO", "TIPO_DE_DENUNCIA": "ACTA DE INTERVENCION", "SITUACION_DENUNCIA": "RESUELTA", "TIPO": "PATRIMONIO (DELITO)", "SUBTIPO": "HURTO", "MODALIDAD": "HURTO AGRAVADO EN CASA HABITADA", "FECHA_HECHO": 20240224, "HORA_HECHO": 1930, "UBICACION": "MZ. P LT. 14 - JR EL CONDOR NRO. 107 URB EL CONDOR - CALLAO", "DESCRIPCION": "BOCANEGRA", "FECHA_NACIMIENTO": 19851014, "EDAD_PERSONA": 38, "SEXO": "MASCULINO", "ESTADO_CIVIL": "SOLTERO(A)", "GRADO_INSTRUCCION": "NO INDICA", "OCUPACION": "OBRERO", "PAIS_NATAL": "PERU", "LONGITUD": -77.0897995, "LATITUD": -12.0135314, "Año": "2024", "Mes": "02" }, "geometry": { "type": "Point", "coordinates": [ 272471.28900081187021, 8671086.13149531558156 ] } },
{ "type": "Feature", "properties": { "id": "7", "FECHA_CORTE": 20240425, "FECHA_REGISTRO": 20240214, "ID_DOC_DENUNCIA": "7876e6243cb2c76fa403ce85c8e13f8e43798eb305937f74591f0bef70c58ba2", "UBIGEO": 70101, "DEPARTAMENTO": "CALLAO", "PROVINCIA": "CALLAO", "DISTRITO": "CALLAO", "TIPO_DE_DENUNCIA": "DENUNCIA", "SITUACION_DENUNCIA": "PENDIENTE", "TIPO": "PATRIMONIO (DELITO)", "SUBTIPO": "HURTO", "MODALIDAD": "HURTO", "FECHA_HECHO": 20240213, "HORA_HECHO": 915, "UBICACION": "GOBIERNO REGIONAL DEL CALLAO", "DESCRIPCION": "JUAN INGUNZA VALDIVIA", "FECHA_NACIMIENTO": 19701213, "EDAD_PERSONA": 53, "SEXO": "MASCULINO", "ESTADO_CIVIL": "SOLTERO(A)", "GRADO_INSTRUCCION": "NO INDICA", "OCUPACION": "NO INDICA", "PAIS_NATAL": "PERU", "LONGITUD": -77.12673532, "LATITUD": -12.05105895, "Año": "2024", "Mes": "02" }, "geometry": { "type": "Point", "coordinates": [ 268480.331179312430322, 8666902.943223536014557 ] } },
{ "type": "Feature", "properties": { "id": "8", "FECHA_CORTE": 20240425, "FECHA_REGISTRO": 20240205, "ID_DOC_DENUNCIA": "efc01282d9e7c69bb3dc2a612c74ae61d8bdd59a070876c5ca40c0cea1603e14", "UBIGEO": 70101, "DEPARTAMENTO": "CALLAO", "PROVINCIA": "CALLAO", "DISTRITO": "CALLAO", "TIPO_DE_DENUNCIA": "DENUNCIA", "SITUACION_DENUNCIA": "PENDIENTE", "TIPO": "PATRIMONIO (DELITO)", "SUBTIPO": "HURTO", "MODALIDAD": "HURTO DE VEHICULO", "FECHA_HECHO": 20240205, "HORA_HECHO": 520, "UBICACION": "URB ALBINO HERRERA I ETAPA MZ E LOTE 21  CALLAO", "DESCRIPCION": "JUAN INGUNZA VALDIVIA", "FECHA_NACIMIENTO": 19820208, "EDAD_PERSONA": 41, "SEXO": "MASCULINO", "ESTADO_CIVIL": "SOLTERO(A)", "GRADO_INSTRUCCION": "NO INDICA", "OCUPACION": "CHOFER", "PAIS_NATAL": "PERU", "LONGITUD": -77.093139, "LATITUD": -12.0108032, "Año": "2024", "Mes": "02" }, "geometry": { "type": "Point", "coordinates": [ 272105.253277989570051, 8671385.231084376573563 ] } },
{ "type": "Feature", "properties": { "id": "9", "FECHA_CORTE": 20240425, "FECHA_REGISTRO": 20240205, "ID_DOC_DENUNCIA": "606365c58e998e1a515023bb1207b63911bc25aa7b2dec1e16a939da898441ce", "UBIGEO": 70101, "DEPARTAMENTO": "CALLAO", "PROVINCIA": "CALLAO", "DISTRITO": "CALLAO", "TIPO_DE_DENUNCIA": "OCURRENCIA", "SITUACION_DENUNCIA": "PENDIENTE", "TIPO": "PATRIMONIO (DELITO)", "SUBTIPO": "HURTO", "MODALIDAD": "HURTO DE VEHICULO", "FECHA_HECHO": 20240205, "HORA_HECHO": 520, "UBICACION": "URB ALBINO HERRERA I ETAPA MZ E LOTE 21 CALLAO", "DESCRIPCION": "JUAN INGUNZA VALDIVIA", "FECHA_NACIMIENTO": 19820208, "EDAD_PERSONA": 41, "SEXO": "MASCULINO", "ESTADO_CIVIL": "SOLTERO(A)", "GRADO_INSTRUCCION": "NO INDICA", "OCUPACION": "CHOFER", "PAIS_NATAL": "PERU", "LONGITUD": -77.093139, "LATITUD": -12.0108032, "Año": "2024", "Mes": "02" }, "geometry": { "type": "Point", "coordinates": [ 272105.253277989570051, 8671385.231084376573563 ] } },
{ "type": "Feature", "properties": { "id": "11", "FECHA_CORTE": 20240425, "FECHA_REGISTRO": 20240207, "ID_DOC_DENUNCIA": "2858e6b3b671e0e66ae88d71dda4cf343f82ceb46c440bfd39cd7d60446fa152", "UBIGEO": 70101, "DEPARTAMENTO": "CALLAO", "PROVINCIA": "CALLAO", "DISTRITO": "CALLAO", "TIPO_DE_DENUNCIA": "DENUNCIA", "SITUACION_DENUNCIA": "RESUELTA", "TIPO": "PATRIMONIO (DELITO)", "SUBTIPO": "HURTO", "MODALIDAD": "HURTO DE VEHICULO", "FECHA_HECHO": 20240207, "HORA_HECHO": 1500, "UBICACION": "AV GAMARRITA CUADRA 2 BARRIO CHUCUITO", "DESCRIPCION": "LA PUNTA", "FECHA_NACIMIENTO": 19671102, "EDAD_PERSONA": 56, "SEXO": "FEMENINO", "ESTADO_CIVIL": "SOLTERO(A)", "GRADO_INSTRUCCION": "NO INDICA", "OCUPACION": "NO INDICA", "PAIS_NATAL": "PERU", "LONGITUD": -77.153548, "LATITUD": -12.0642673, "Año": "2024", "Mes": "02" }, "geometry": { "type": "Point", "coordinates": [ 265571.686703530489467, 8665418.651614906266332 ] } },
{ "type": "Feature", "properties": { "id": "13", "FECHA_CORTE": 20240425, "FECHA_REGISTRO": 20240223, "ID_DOC_DENUNCIA": "f1cc3f806457cfa3351fb62984c0b35bc4a41949fc3ad34ce1812a3eb3ac59ec", "UBIGEO": 70101, "DEPARTAMENTO": "CALLAO", "PROVINCIA": "CALLAO", "DISTRITO": "CALLAO", "TIPO_DE_DENUNCIA": "ACTA DE INTERVENCION", "SITUACION_DENUNCIA": "RESUELTA", "TIPO": "PATRIMONIO (DELITO)", "SUBTIPO": "HURTO", "MODALIDAD": "HURTO DE ACCESORIOS Y AUTOPARTES DE VEHICULOS", "FECHA_HECHO": 20240223, "HORA_HECHO": 1930, "UBICACION": "AV CONDE DE LEMOS REF COND VILLA BONITA 4", "DESCRIPCION": "LA LEGUA", "FECHA_NACIMIENTO": 19851113, "EDAD_PERSONA": 38, "SEXO": "MASCULINO", "ESTADO_CIVIL": "SOLTERO(A)", "GRADO_INSTRUCCION": "NO INDICA", "OCUPACION": "NO INDICA", "PAIS_NATAL": "PERU", "LONGITUD": -77.09185277, "LATITUD": -12.04940708, "Año": "2024", "Mes": "02" }, "geometry": { "type": "Point", "coordinates": [ 272277.869374382309616, 8667114.92905648984015 ] } },
{ "type": "Feature", "properties": { "id": "14", "FECHA_CORTE": 20240425, "FECHA_REGISTRO": 20240221, "ID_DOC_DENUNCIA": "da123f1ab79ce1322104d23d1a0b28e92d0504847305e3eeca6b1189778e6321", "UBIGEO": 70101, "DEPARTAMENTO": "CALLAO", "PROVINCIA": "CALLAO", "DISTRITO": "CALLAO", "TIPO_DE_DENUNCIA": "ACTA DE INTERVENCION", "SITUACION_DENUNCIA": "RESUELTA", "TIPO": "PATRIMONIO (DELITO)", "SUBTIPO": "ROBO", "MODALIDAD": "ROBO AGRAVADO", "FECHA_HECHO": 20240220, "HORA_HECHO": 2100, "UBICACION": "AV ALAMEDA REF PAROQUIA NUESTRA SEORA DEL ROSARIO", "DESCRIPCION": "RAMON CASTILLA", "FECHA_NACIMIENTO": 20090107, "EDAD_PERSONA": 15, "SEXO": "MASCULINO", "ESTADO_CIVIL": "NO INDICA", "GRADO_INSTRUCCION": "NO INDICA", "OCUPACION": "NO INDICA", "PAIS_NATAL": "PERU", "LONGITUD": -77.119971, "LATITUD": -12.0423628, "Año": "2024", "Mes": "02" }, "geometry": { "type": "Point", "coordinates": [ 269209.580876552732661, 8667870.857586804777384 ] } },
{ "type": "Feature", "properties": { "id": "15", "FECHA_CORTE": 20240425, "FECHA_REGISTRO": 20240225, "ID_DOC_DENUNCIA": "4630864df5c342304ef6a3be888e4126852c55703a5551429360ecf606c5b339", "UBIGEO": 70101, "DEPARTAMENTO": "CALLAO", "PROVINCIA": "CALLAO", "DISTRITO": "CALLAO", "TIPO_DE_DENUNCIA": "DENUNCIA", "SITUACION_DENUNCIA": "PENDIENTE", "TIPO": "PATRIMONIO (DELITO)", "SUBTIPO": "HURTO", "MODALIDAD": "HURTO DE VEHICULO", "FECHA_HECHO": 20240225, "HORA_HECHO": 200, "UBICACION": "STA. MARINA SUR BLOCK 2 DPTO. 208 CALLAO", "DESCRIPCION": "CALLAO", "FECHA_NACIMIENTO": 19870730, "EDAD_PERSONA": 36, "SEXO": "MASCULINO", "ESTADO_CIVIL": "SOLTERO(A)", "GRADO_INSTRUCCION": "NO INDICA", "OCUPACION": "EMPLEADO", "PAIS_NATAL": "PERU", "LONGITUD": -77.12656856, "LATITUD": -12.05429146, "Año": "2024", "Mes": "02" }, "geometry": { "type": "Point", "coordinates": [ 268501.265902358805761, 8666545.411699369549751 ] } },
{ "type": "Feature", "properties": { "id": "16", "FECHA_CORTE": 20240425, "FECHA_REGISTRO": 20240223, "ID_DOC_DENUNCIA": "f4c45214ab6722980e6134b7d81a08b95de23e78e4bb76d7036f836be5aec698", "UBIGEO": 70101, "DEPARTAMENTO": "CALLAO", "PROVINCIA": "CALLAO", "DISTRITO": "CALLAO", "TIPO_DE_DENUNCIA": "OCURRENCIA", "SITUACION_DENUNCIA": "PENDIENTE", "TIPO": "PATRIMONIO (DELITO)", "SUBTIPO": "HURTO", "MODALIDAD": "HURTO DE CELULAR", "FECHA_HECHO": 20241122, "HORA_HECHO": 1400, "UBICACION": "INSTALACIONES DEL COLEGIO INGUNZA", "DESCRIPCION": "JUAN INGUNZA VALDIVIA", "FECHA_NACIMIENTO": 20070823, "EDAD_PERSONA": 16, "SEXO": "MASCULINO", "ESTADO_CIVIL": "NO INDICA", "GRADO_INSTRUCCION": "NO INDICA", "OCUPACION": "NO INDICA", "PAIS_NATAL": "PERU", "LONGITUD": -77.09857715, "LATITUD": -12.0118982, "Año": "2024", "Mes": "02" }, "geometry": { "type": "Point", "coordinates": [ 271513.844361094175838, 8671259.562377370893955 ] } },
{ "type": "Feature", "properties": { "id": "17", "FECHA_CORTE": 20240425, "FECHA_REGISTRO": 20240222, "ID_DOC_DENUNCIA": "417613f37a442578ceded05daa9a482f8cb3c5ae4b5597cc1a5c357eba2ceed4", "UBIGEO": 70101, "DEPARTAMENTO": "CALLAO", "PROVINCIA": "CALLAO", "DISTRITO": "CALLAO", "TIPO_DE_DENUNCIA": "ACTA DE DENUNCIA VERBAL", "SITUACION_DENUNCIA": "RESUELTA", "TIPO": "PATRIMONIO (DELITO)", "SUBTIPO": "HURTO", "MODALIDAD": "HURTO DE VEHICULO", "FECHA_HECHO": 20240222, "HORA_HECHO": 300, "UBICACION": "ASENT H SARITA COLONIA PRIMER SECTOR MZ Z LT 13 CALLAO", "DESCRIPCION": "SARITA COLONIA", "FECHA_NACIMIENTO": 19000101, "EDAD_PERSONA": 124, "SEXO": "FEMENINO", "ESTADO_CIVIL": "SOLTERO(A)", "GRADO_INSTRUCCION": "SECUNDARIA", "OCUPACION": "INDEPENDIENTE", "PAIS_NATAL": "PERU", "LONGITUD": -77.13294549, "LATITUD": -12.0221327, "Año": "2024", "Mes": "02" }, "geometry": { "type": "Point", "coordinates": [ 267779.136941169970669, 8670098.34639978967607 ] } },
{ "type": "Feature", "properties": { "id": "18", "FECHA_CORTE": 20240425, "FECHA_REGISTRO": 20240202, "ID_DOC_DENUNCIA": "9737d0ca0aaf8d626bff379971acd9d32b854d3b96c3d6efab0cae5844505547", "UBIGEO": 70101, "DEPARTAMENTO": "CALLAO", "PROVINCIA": "CALLAO", "DISTRITO": "CALLAO", "TIPO_DE_DENUNCIA": "DENUNCIA", "SITUACION_DENUNCIA": "RESUELTA", "TIPO": "PATRIMONIO (DELITO)", "SUBTIPO": "ROBO", "MODALIDAD": "ASALTO Y ROBO DE VEHICULOS", "FECHA_HECHO": 20240201, "HORA_HECHO": 1600, "UBICACION": "AV SALON REF PASANDO  POZO CALLAO", "DESCRIPCION": "DEPROVE - CALLAO", "FECHA_NACIMIENTO": 20030104, "EDAD_PERSONA": 21, "SEXO": "MASCULINO", "ESTADO_CIVIL": "SOLTERO(A)", "GRADO_INSTRUCCION": "SECUNDARIA", "OCUPACION": "ESTUDIANTE", "PAIS_NATAL": "PERU", "LONGITUD": -77.1142508, "LATITUD": -12.0544177, "Año": "2024", "Mes": "02" }, "geometry": { "type": "Point", "coordinates": [ 269842.84885449311696, 8666541.816247204318643 ] } },
{ "type": "Feature", "properties": { "id": "19", "FECHA_CORTE": 20240425, "FECHA_REGISTRO": 20240208, "ID_DOC_DENUNCIA": "f8a8da4ffaab2952dabde547d61f1ffa35e311975e9978f91b202a6f48d9ae71", "UBIGEO": 70101, "DEPARTAMENTO": "CALLAO", "PROVINCIA": "CALLAO", "DISTRITO": "CALLAO", "TIPO_DE_DENUNCIA": "DENUNCIA", "SITUACION_DENUNCIA": "RESUELTA", "TIPO": "PATRIMONIO (DELITO)", "SUBTIPO": "ROBO", "MODALIDAD": "ROBO AGRAVADO A MANO ARMADA", "FECHA_HECHO": 20240208, "HORA_HECHO": 1315, "UBICACION": "AV. QUILCA FRONTIS (MERCADO 3 DE ENERO PUERTA 09)", "DESCRIPCION": "BOCANEGRA", "FECHA_NACIMIENTO": 19981029, "EDAD_PERSONA": 25, "SEXO": "MASCULINO", "ESTADO_CIVIL": "SOLTERO(A)", "GRADO_INSTRUCCION": "SECUNDARIA", "OCUPACION": "NO INDICA", "PAIS_NATAL": "PERU", "LONGITUD": -77.09476617, "LATITUD": -12.02756313, "Año": "2024", "Mes": "02" }, "geometry": { "type": "Point", "coordinates": [ 271942.144026502850465, 8669529.460438907146454 ] } },
{ "type": "Feature", "properties": { "id": "20", "FECHA_CORTE": 20240425, "FECHA_REGISTRO": 20240227, "ID_DOC_DENUNCIA": "2386f7d3fb321ce37d2604b1f0fbd33532e02aeb598582bf683be156f2c26e5d", "UBIGEO": 70101, "DEPARTAMENTO": "CALLAO", "PROVINCIA": "CALLAO", "DISTRITO": "CALLAO", "TIPO_DE_DENUNCIA": "ACTA DE INTERVENCION", "SITUACION_DENUNCIA": "PENDIENTE", "TIPO": "PATRIMONIO (DELITO)", "SUBTIPO": "ROBO", "MODALIDAD": "ASALTO Y ROBO DE VEHICULOS", "FECHA_HECHO": 20240227, "HORA_HECHO": 215, "UBICACION": "PERU CON AV TOMAS VALLE CALLAO", "DESCRIPCION": "DEPROVE - CALLAO", "FECHA_NACIMIENTO": 19871019, "EDAD_PERSONA": 36, "SEXO": "MASCULINO", "ESTADO_CIVIL": "SOLTERO(A)", "GRADO_INSTRUCCION": "SECUNDARIA", "OCUPACION": "NO INDICA", "PAIS_NATAL": "PERU", "LONGITUD": -77.09694636, "LATITUD": -12.01231796, "Año": "2024", "Mes": "02" }, "geometry": { "type": "Point", "coordinates": [ 271691.826272333390079, 8671214.4715840741992 ] } },
{ "type": "Feature", "properties": { "id": "21", "FECHA_CORTE": 20240425, "FECHA_REGISTRO": 20240221, "ID_DOC_DENUNCIA": "0a74ec66acad63fe408759a8924a7744ac5789a9cc1c15c8307049fd94397cb3", "UBIGEO": 70101, "DEPARTAMENTO": "CALLAO", "PROVINCIA": "CALLAO", "DISTRITO": "CALLAO", "TIPO_DE_DENUNCIA": "DENUNCIA", "SITUACION_DENUNCIA": "PENDIENTE", "TIPO": "PATRIMONIO (DELITO)", "SUBTIPO": "ROBO", "MODALIDAD": "ROBO AGRAVADO", "FECHA_HECHO": 20240221, "HORA_HECHO": 320, "UBICACION": "JR. LAZARETO CON EL JR. ATAHUALPA CALLAO", "DESCRIPCION": "CALLAO", "FECHA_NACIMIENTO": 20001202, "EDAD_PERSONA": 23, "SEXO": "MASCULINO", "ESTADO_CIVIL": "SOLTERO(A)", "GRADO_INSTRUCCION": "SECUNDARIA", "OCUPACION": "NO INDICA", "PAIS_NATAL": "PERU", "LONGITUD": -77.1362325, "LATITUD": -12.0560337, "Año": "2024", "Mes": "02" }, "geometry": { "type": "Point", "coordinates": [ 267450.301950681139715, 8666344.454122574999928 ] } },
{ "type": "Feature", "properties": { "id": "23", "FECHA_CORTE": 20240425, "FECHA_REGISTRO": 20240220, "ID_DOC_DENUNCIA": "b45e16511c3d637dc127c0ac7109a0ed167c6325b6dfa34e8124a3a022c58d6e", "UBIGEO": 70101, "DEPARTAMENTO": "CALLAO", "PROVINCIA": "CALLAO", "DISTRITO": "CALLAO", "TIPO_DE_DENUNCIA": "ACTA DE DENUNCIA VERBAL", "SITUACION_DENUNCIA": "RESUELTA", "TIPO": "PATRIMONIO (DELITO)", "SUBTIPO": "ROBO", "MODALIDAD": "ROBO AGRAVADO", "FECHA_HECHO": 20240219, "HORA_HECHO": 1600, "UBICACION": "AV CONTRALMIRANTE MORA  CALLAO 07001", "DESCRIPCION": "CIUDADELA CHALACA", "FECHA_NACIMIENTO": 19760928, "EDAD_PERSONA": 47, "SEXO": "FEMENINO", "ESTADO_CIVIL": "SOLTERO(A)", "GRADO_INSTRUCCION": "SECUNDARIA", "OCUPACION": "NO INDICA", "PAIS_NATAL": "PERU", "LONGITUD": -77.13405668, "LATITUD": -12.05104288, "Año": "2024", "Mes": "02" }, "geometry": { "type": "Point", "coordinates": [ 267682.964617580524646, 8666898.528541278094053 ] } },
{ "type": "Feature", "properties": { "id": "24", "FECHA_CORTE": 20240425, "FECHA_REGISTRO": 20240221, "ID_DOC_DENUNCIA": "64369f8cb17f77d17b97d89f0f1460c9026d2a8210e5c172c5685657705d44dd", "UBIGEO": 70101, "DEPARTAMENTO": "CALLAO", "PROVINCIA": "CALLAO", "DISTRITO": "CALLAO", "TIPO_DE_DENUNCIA": "DENUNCIA", "SITUACION_DENUNCIA": "RESUELTA", "TIPO": "PATRIMONIO (DELITO)", "SUBTIPO": "ROBO", "MODALIDAD": "ROBO AGRAVADO", "FECHA_HECHO": 20240221, "HORA_HECHO": 1035, "UBICACION": "CALLE PEDRO LUNA  ENTRE LA MZ. S Y MZ. T DEL ASENT. H. BELLA UNION", "DESCRIPCION": "DULANTO", "FECHA_NACIMIENTO": 19800615, "EDAD_PERSONA": 43, "SEXO": "FEMENINO", "ESTADO_CIVIL": "SOLTERO(A)", "GRADO_INSTRUCCION": "SECUNDARIA", "OCUPACION": "TECNICO EN ENFERMERIA", "PAIS_NATAL": "PERU", "LONGITUD": -77.1135489, "LATITUD": -12.0459346, "Año": "2024", "Mes": "02" }, "geometry": { "type": "Point", "coordinates": [ 269912.057607527007349, 8667481.040253495797515 ] } },
{ "type": "Feature", "properties": { "id": "25", "FECHA_CORTE": 20240425, "FECHA_REGISTRO": 20240205, "ID_DOC_DENUNCIA": "9fdd4d7d089cec5cad56c86c59507743dbe0d7ed8d74e3a50e066c45ab8586e3", "UBIGEO": 70101, "DEPARTAMENTO": "CALLAO", "PROVINCIA": "CALLAO", "DISTRITO": "CALLAO", "TIPO_DE_DENUNCIA": "DENUNCIA", "SITUACION_DENUNCIA": "RESUELTA", "TIPO": "PATRIMONIO (DELITO)", "SUBTIPO": "ROBO", "MODALIDAD": "ROBO AGRAVADO", "FECHA_HECHO": 20240205, "HORA_HECHO": 850, "UBICACION": "TACNA 24  CALLAO 07026  PERU", "DESCRIPCION": "RAMON CASTILLA", "FECHA_NACIMIENTO": 19991011, "EDAD_PERSONA": 24, "SEXO": "FEMENINO", "ESTADO_CIVIL": "SOLTERO(A)", "GRADO_INSTRUCCION": "SECUNDARIA", "OCUPACION": "NO INDICA", "PAIS_NATAL": "PERU", "LONGITUD": -77.12446975, "LATITUD": -12.04198191, "Año": "2024", "Mes": "02" }, "geometry": { "type": "Point", "coordinates": [ 268719.292604887159541, 8667909.214324368163943 ] } },
{ "type": "Feature", "properties": { "id": "26", "FECHA_CORTE": 20240425, "FECHA_REGISTRO": 20240201, "ID_DOC_DENUNCIA": "d031d94eb57d61806ed5c6b2a14ee9256291f499638fe9a4876f926f6d13810c", "UBIGEO": 70101, "DEPARTAMENTO": "CALLAO", "PROVINCIA": "CALLAO", "DISTRITO": "CALLAO", "TIPO_DE_DENUNCIA": "DENUNCIA", "SITUACION_DENUNCIA": "RESUELTA", "TIPO": "PATRIMONIO (DELITO)", "SUBTIPO": "ROBO", "MODALIDAD": "ROBO AGRAVADO", "FECHA_HECHO": 20240131, "HORA_HECHO": 1320, "UBICACION": "CALLE DELTA 142", "DESCRIPCION": "LA LEGUA", "FECHA_NACIMIENTO": 19950318, "EDAD_PERSONA": 28, "SEXO": "MASCULINO", "ESTADO_CIVIL": "SOLTERO(A)", "GRADO_INSTRUCCION": "SECUNDARIA", "OCUPACION": "NO INDICA", "PAIS_NATAL": "PERU", "LONGITUD": -77.08799201, "LATITUD": -12.05095166, "Año": "2024", "Mes": "02" }, "geometry": { "type": "Point", "coordinates": [ 272699.629325284506194, 8666947.230594987049699 ] } },
{ "type": "Feature", "properties": { "id": "27", "FECHA_CORTE": 20240425, "FECHA_REGISTRO": 20240224, "ID_DOC_DENUNCIA": "8a6030ac84a3165db9d55935637615dbc22d3eb68571069fb5595eeea5ee1851", "UBIGEO": 70101, "DEPARTAMENTO": "CALLAO", "PROVINCIA": "CALLAO", "DISTRITO": "CALLAO", "TIPO_DE_DENUNCIA": "ACTA DE INTERVENCION", "SITUACION_DENUNCIA": "PENDIENTE", "TIPO": "PATRIMONIO (DELITO)", "SUBTIPO": "ROBO", "MODALIDAD": "ROBO AGRAVADO", "FECHA_HECHO": 20240224, "HORA_HECHO": 1840, "UBICACION": "PASAJE JB DE LA UR. FAUCETT CALLAO", "DESCRIPCION": "SARITA COLONIA", "FECHA_NACIMIENTO": 19910125, "EDAD_PERSONA": 33, "SEXO": "FEMENINO", "ESTADO_CIVIL": "SOLTERO(A)", "GRADO_INSTRUCCION": "SECUNDARIA", "OCUPACION": "NO INDICA", "PAIS_NATAL": "PERU", "LONGITUD": -77.12251933, "LATITUD": -11.99304622, "Año": "2024", "Mes": "02" }, "geometry": { "type": "Point", "coordinates": [ 268889.931322937831283, 8673325.49270074442029 ] } },
{ "type": "Feature", "properties": { "id": "28", "FECHA_CORTE": 20240425, "FECHA_REGISTRO": 20240228, "ID_DOC_DENUNCIA": "f8db328a996c75ce8312a7ea3e959c2b22a26a6b54f64fde59d8adfc696705a3", "UBIGEO": 70101, "DEPARTAMENTO": "CALLAO", "PROVINCIA": "CALLAO", "DISTRITO": "CALLAO", "TIPO_DE_DENUNCIA": "ACTA DE DENUNCIA VERBAL", "SITUACION_DENUNCIA": "PENDIENTE", "TIPO": "PATRIMONIO (DELITO)", "SUBTIPO": "ROBO", "MODALIDAD": "ROBO", "FECHA_HECHO": 20240227, "HORA_HECHO": 1800, "UBICACION": "AV NESTOR GAMBETTA CALLAO REF PARADERO JUAN PABLO II", "DESCRIPCION": "SARITA COLONIA", "FECHA_NACIMIENTO": 20010515, "EDAD_PERSONA": 22, "SEXO": "FEMENINO", "ESTADO_CIVIL": "SOLTERO(A)", "GRADO_INSTRUCCION": "SECUNDARIA", "OCUPACION": "NO INDICA", "PAIS_NATAL": "PERU", "LONGITUD": -77.1286656, "LATITUD": -12.0253793, "Año": "2024", "Mes": "02" }, "geometry": { "type": "Point", "coordinates": [ 268248.0817227861844, 8669742.727912846952677 ] } },
{ "type": "Feature", "properties": { "id": "33", "FECHA_CORTE": 20240425, "FECHA_REGISTRO": 20240213, "ID_DOC_DENUNCIA": "23987926b85c65f4f64083398561a0cbc4117aa53dd2e65b20f7444587894999", "UBIGEO": 70101, "DEPARTAMENTO": "CALLAO", "PROVINCIA": "CALLAO", "DISTRITO": "CALLAO", "TIPO_DE_DENUNCIA": "DENUNCIA", "SITUACION_DENUNCIA": "RESUELTA", "TIPO": "PATRIMONIO (DELITO)", "SUBTIPO": "ROBO", "MODALIDAD": "ROBO AGRAVADO A MANO ARMADA", "FECHA_HECHO": 20240212, "HORA_HECHO": 1145, "UBICACION": "CENTRAL CON LA CALLE VILLEGAS", "DESCRIPCION": "DEPINCRI BELLAVISTA/LA PERLA/C.DE LA LEGUA", "FECHA_NACIMIENTO": 19870309, "EDAD_PERSONA": 36, "SEXO": "FEMENINO", "ESTADO_CIVIL": "SOLTERO(A)", "GRADO_INSTRUCCION": "SECUNDARIA", "OCUPACION": "NO INDICA", "PAIS_NATAL": "PERU", "LONGITUD": -77.0913747, "LATITUD": -12.0150426, "Año": "2024", "Mes": "02" }, "geometry": { "type": "Point", "coordinates": [ 272300.988732027704827, 8670917.619769133627415 ] } },
{ "type": "Feature", "properties": { "id": "34", "FECHA_CORTE": 20240425, "FECHA_REGISTRO": 20240221, "ID_DOC_DENUNCIA": "e02fae013e0f2c91e496d03e684fdf92bef8be0db788eddc435178fbdbe98930", "UBIGEO": 70101, "DEPARTAMENTO": "CALLAO", "PROVINCIA": "CALLAO", "DISTRITO": "CALLAO", "TIPO_DE_DENUNCIA": "DENUNCIA", "SITUACION_DENUNCIA": "RESUELTA", "TIPO": "PATRIMONIO (DELITO)", "SUBTIPO": "ROBO", "MODALIDAD": "ROBO", "FECHA_HECHO": 20240221, "HORA_HECHO": 1900, "UBICACION": "AV. QUILCA Y PACASMAYO CALLAO.", "DESCRIPCION": "BOCANEGRA", "FECHA_NACIMIENTO": 19990923, "EDAD_PERSONA": 24, "SEXO": "MASCULINO", "ESTADO_CIVIL": "SOLTERO(A)", "GRADO_INSTRUCCION": "SECUNDARIA", "OCUPACION": "ESTUDIANTE", "PAIS_NATAL": "PERU", "LONGITUD": -77.09209323, "LATITUD": -12.022847, "Año": "2024", "Mes": "02" }, "geometry": { "type": "Point", "coordinates": [ 272229.295373594155535, 8670053.499089239165187 ] } },
{ "type": "Feature", "properties": { "id": "35", "FECHA_CORTE": 20240425, "FECHA_REGISTRO": 20240220, "ID_DOC_DENUNCIA": "186a4f1215ba6e16df2d82f9c0a4cc5d10db5c63f440fcb768ef4e1dd19872e1", "UBIGEO": 70101, "DEPARTAMENTO": "CALLAO", "PROVINCIA": "CALLAO", "DISTRITO": "CALLAO", "TIPO_DE_DENUNCIA": "DENUNCIA", "SITUACION_DENUNCIA": "RESUELTA", "TIPO": "PATRIMONIO (DELITO)", "SUBTIPO": "ROBO", "MODALIDAD": "ROBO", "FECHA_HECHO": 20240219, "HORA_HECHO": 630, "UBICACION": "AV. EL OLIVAR COLEGIO RAMIRO PRIALE URB. PREVI CALLAO", "DESCRIPCION": "BOCANEGRA", "FECHA_NACIMIENTO": 20021110, "EDAD_PERSONA": 21, "SEXO": "FEMENINO", "ESTADO_CIVIL": "SOLTERO(A)", "GRADO_INSTRUCCION": "SECUNDARIA", "OCUPACION": "ESTUDIANTE", "PAIS_NATAL": "PERU", "LONGITUD": -77.0913747, "LATITUD": -12.0150426, "Año": "2024", "Mes": "02" }, "geometry": { "type": "Point", "coordinates": [ 272300.988732027704827, 8670917.619769133627415 ] } },
{ "type": "Feature", "properties": { "id": "36", "FECHA_CORTE": 20240425, "FECHA_REGISTRO": 20240206, "ID_DOC_DENUNCIA": "2303477e9baec6dcae485809878e150ed7454d789385068e588d3a078b4a52b6", "UBIGEO": 70101, "DEPARTAMENTO": "CALLAO", "PROVINCIA": "CALLAO", "DISTRITO": "CALLAO", "TIPO_DE_DENUNCIA": "DENUNCIA", "SITUACION_DENUNCIA": "RESUELTA", "TIPO": "PATRIMONIO (DELITO)", "SUBTIPO": "ROBO", "MODALIDAD": "ROBO AGRAVADO", "FECHA_HECHO": 20240206, "HORA_HECHO": 700, "UBICACION": "AV. LA CHALACA FRONTIS DE LA MZ. S DEL ASENT. H. DULANTO", "DESCRIPCION": "DULANTO", "FECHA_NACIMIENTO": 20000228, "EDAD_PERSONA": 23, "SEXO": "MASCULINO", "ESTADO_CIVIL": "SOLTERO(A)", "GRADO_INSTRUCCION": "SECUNDARIA", "OCUPACION": "NO INDICA", "PAIS_NATAL": "PERU", "LONGITUD": -77.10490997, "LATITUD": -12.03402724, "Año": "2024", "Mes": "02" }, "geometry": { "type": "Point", "coordinates": [ 270842.808903155673761, 8668805.785274894908071 ] } },
{ "type": "Feature", "properties": { "id": "41", "FECHA_CORTE": 20240425, "FECHA_REGISTRO": 20240205, "ID_DOC_DENUNCIA": "d29c9ce4047560b392542046fb2822a1fbb8fa494d066c3c00d2ff01a799061d", "UBIGEO": 70101, "DEPARTAMENTO": "CALLAO", "PROVINCIA": "CALLAO", "DISTRITO": "CALLAO", "TIPO_DE_DENUNCIA": "DENUNCIA", "SITUACION_DENUNCIA": "RESUELTA", "TIPO": "PATRIMONIO (DELITO)", "SUBTIPO": "ROBO", "MODALIDAD": "ROBO AGRAVADO", "FECHA_HECHO": 20240129, "HORA_HECHO": 1700, "UBICACION": "AV. MORALES DUAREZ 1394  CALLAO 07026  PERU", "DESCRIPCION": "RAMON CASTILLA", "FECHA_NACIMIENTO": 19771230, "EDAD_PERSONA": 46, "SEXO": "MASCULINO", "ESTADO_CIVIL": "SOLTERO(A)", "GRADO_INSTRUCCION": "SECUNDARIA", "OCUPACION": "CHOFER", "PAIS_NATAL": "VENEZUELA", "LONGITUD": -77.11694223000001, "LATITUD": -12.04030699, "Año": "2024", "Mes": "02" }, "geometry": { "type": "Point", "coordinates": [ 269537.691517315281089, 8668100.874169060960412 ] } },
{ "type": "Feature", "properties": { "id": "42", "FECHA_CORTE": 20240425, "FECHA_REGISTRO": 20240212, "ID_DOC_DENUNCIA": "cd6612d559c646d36873f509f3a319974b441fc90aabd268fa6f3f4b4dd0e460", "UBIGEO": 70101, "DEPARTAMENTO": "CALLAO", "PROVINCIA": "CALLAO", "DISTRITO": "CALLAO", "TIPO_DE_DENUNCIA": "OCURRENCIA", "SITUACION_DENUNCIA": "PENDIENTE", "TIPO": "PATRIMONIO (DELITO)", "SUBTIPO": "HURTO", "MODALIDAD": "HURTO AGRAVADO", "FECHA_HECHO": 20240210, "HORA_HECHO": 2000, "UBICACION": "FRONTIS DE LA TIENDA MASS AV DOMINICOS MZ D LT2 1 Y 2 URB LOS NARDOS", "DESCRIPCION": "JUAN INGUNZA VALDIVIA", "FECHA_NACIMIENTO": 20020117, "EDAD_PERSONA": 22, "SEXO": "MASCULINO", "ESTADO_CIVIL": "SOLTERO(A)", "GRADO_INSTRUCCION": "SECUNDARIA", "OCUPACION": "ESTUDIANTE", "PAIS_NATAL": "PERU", "LONGITUD": -77.12450372000001, "LATITUD": -12.05068122, "Año": "2024", "Mes": "02" }, "geometry": { "type": "Point", "coordinates": [ 268723.045278995879926, 8666946.621788538992405 ] } },
{ "type": "Feature", "properties": { "id": "57", "FECHA_CORTE": 20240425, "FECHA_REGISTRO": 20240202, "ID_DOC_DENUNCIA": "5d6d0890afc250dc261bb7b797c3dbf40497e6cc78066c62f86dedbabd4764cf", "UBIGEO": 70101, "DEPARTAMENTO": "CALLAO", "PROVINCIA": "CALLAO", "DISTRITO": "CALLAO", "TIPO_DE_DENUNCIA": "DENUNCIA", "SITUACION_DENUNCIA": "RESUELTA", "TIPO": "PATRIMONIO (DELITO)", "SUBTIPO": "ROBO", "MODALIDAD": "ROBO AGRAVADO", "FECHA_HECHO": 20240202, "HORA_HECHO": 1730, "UBICACION": "JR. SUPE CDRA. 05 CALLAO", "DESCRIPCION": "CALLAO", "FECHA_NACIMIENTO": 20051103, "EDAD_PERSONA": 18, "SEXO": "FEMENINO", "ESTADO_CIVIL": "SOLTERO(A)", "GRADO_INSTRUCCION": "SECUNDARIA", "OCUPACION": "NO INDICA", "PAIS_NATAL": "PERU", "LONGITUD": -77.1288736, "LATITUD": -12.0546356, "Año": "2024", "Mes": "02" }, "geometry": { "type": "Point", "coordinates": [ 268250.52824878692627, 8666505.385305598378181 ] } },
{ "type": "Feature", "properties": { "id": "72", "FECHA_CORTE": 20240425, "FECHA_REGISTRO": 20240211, "ID_DOC_DENUNCIA": "93f208eb2c1779190ebf54c1cb57b818e5c4fb1077c5479383f498e4b0e913d0", "UBIGEO": 70101, "DEPARTAMENTO": "CALLAO", "PROVINCIA": "CALLAO", "DISTRITO": "CALLAO", "TIPO_DE_DENUNCIA": "ACTA DE INTERVENCION", "SITUACION_DENUNCIA": "RESUELTA", "TIPO": "PATRIMONIO (DELITO)", "SUBTIPO": "HURTO", "MODALIDAD": "HURTO AGRAVADO", "FECHA_HECHO": 20240205, "HORA_HECHO": 900, "UBICACION": "JR. LAZARETO NRO. 470 ? CALLAO", "DESCRIPCION": "CALLAO", "FECHA_NACIMIENTO": 19710310, "EDAD_PERSONA": 52, "SEXO": "MASCULINO", "ESTADO_CIVIL": "SOLTERO(A)", "GRADO_INSTRUCCION": "SECUNDARIA", "OCUPACION": "NO INDICA", "PAIS_NATAL": "PERU", "LONGITUD": -77.1392634, "LATITUD": -12.0537704, "Año": "2024", "Mes": "02" }, "geometry": { "type": "Point", "coordinates": [ 267118.264390440308489, 8666592.313200809061527 ] } },
{ "type": "Feature", "properties": { "id": "73", "FECHA_CORTE": 20240425, "FECHA_REGISTRO": 20240206, "ID_DOC_DENUNCIA": "9c853a5b80c91dad4e21f3d5d577619e3eb2e8e986ab126bcc57a428aba6bdb5", "UBIGEO": 70101, "DEPARTAMENTO": "CALLAO", "PROVINCIA": "CALLAO", "DISTRITO": "CALLAO", "TIPO_DE_DENUNCIA": "DENUNCIA", "SITUACION_DENUNCIA": "RESUELTA", "TIPO": "PATRIMONIO (DELITO)", "SUBTIPO": "HURTO", "MODALIDAD": "HURTO AGRAVADO", "FECHA_HECHO": 20240206, "HORA_HECHO": 1230, "UBICACION": "CALLE PUNO CON INTERSECCION DE CALLE ARGUEDAS DEL AAHH JOSE OLAYA", "DESCRIPCION": "DULANTO", "FECHA_NACIMIENTO": 19971130, "EDAD_PERSONA": 26, "SEXO": "FEMENINO", "ESTADO_CIVIL": "SOLTERO(A)", "GRADO_INSTRUCCION": "SECUNDARIA", "OCUPACION": "NO INDICA", "PAIS_NATAL": "PERU", "LONGITUD": -77.1071655, "LATITUD": -12.0432759, "Año": "2024", "Mes": "02" }, "geometry": { "type": "Point", "coordinates": [ 270605.00552186195273, 8667780.564242305234075 ] } },
{ "type": "Feature", "properties": { "id": "75", "FECHA_CORTE": 20240425, "FECHA_REGISTRO": 20240212, "ID_DOC_DENUNCIA": "792b6287ce50cf429a2c4f65e973ff1b89a179f427b4391a6ecda45dc788aad4", "UBIGEO": 70101, "DEPARTAMENTO": "CALLAO", "PROVINCIA": "CALLAO", "DISTRITO": "CALLAO", "TIPO_DE_DENUNCIA": "DENUNCIA", "SITUACION_DENUNCIA": "RESUELTA", "TIPO": "PATRIMONIO (DELITO)", "SUBTIPO": "HURTO", "MODALIDAD": "HURTO DE CELULAR", "FECHA_HECHO": 20240212, "HORA_HECHO": 10, "UBICACION": "AUX TOMAS VALLE CRUCE AV PERU", "DESCRIPCION": "BOCANEGRA", "FECHA_NACIMIENTO": 19930828, "EDAD_PERSONA": 30, "SEXO": "MASCULINO", "ESTADO_CIVIL": "SOLTERO(A)", "GRADO_INSTRUCCION": "SECUNDARIA", "OCUPACION": "NO INDICA", "PAIS_NATAL": "PERU", "LONGITUD": -77.10111076, "LATITUD": -12.01821534, "Año": "2024", "Mes": "02" }, "geometry": { "type": "Point", "coordinates": [ 271243.217832504189573, 8670558.486763590946794 ] } },
{ "type": "Feature", "properties": { "id": "76", "FECHA_CORTE": 20240425, "FECHA_REGISTRO": 20240215, "ID_DOC_DENUNCIA": "0fc39855e235e9c988b88923628ecb08bbfc4dabfe146b6b28430f2b75726be5", "UBIGEO": 70101, "DEPARTAMENTO": "CALLAO", "PROVINCIA": "CALLAO", "DISTRITO": "CALLAO", "TIPO_DE_DENUNCIA": "DENUNCIA", "SITUACION_DENUNCIA": "RESUELTA", "TIPO": "PATRIMONIO (DELITO)", "SUBTIPO": "HURTO", "MODALIDAD": "HURTO DE CELULAR", "FECHA_HECHO": 20240214, "HORA_HECHO": 2015, "UBICACION": "AV OSCAR R BENAVIDES CON CALLE CANCHONES", "DESCRIPCION": "LA LEGUA", "FECHA_NACIMIENTO": 20001211, "EDAD_PERSONA": 23, "SEXO": "FEMENINO", "ESTADO_CIVIL": "SOLTERO(A)", "GRADO_INSTRUCCION": "SECUNDARIA", "OCUPACION": "NO INDICA", "PAIS_NATAL": "PERU", "LONGITUD": -77.10155545000001, "LATITUD": -12.05384558, "Año": "2024", "Mes": "02" }, "geometry": { "type": "Point", "coordinates": [ 271224.949844433751423, 8666615.747116420418024 ] } },
{ "type": "Feature", "properties": { "id": "84", "FECHA_CORTE": 20240425, "FECHA_REGISTRO": 20240207, "ID_DOC_DENUNCIA": "d7237544f240564ce05feb51970c619354bab115f9af4f48d612ce9b61482749", "UBIGEO": 70101, "DEPARTAMENTO": "CALLAO", "PROVINCIA": "CALLAO", "DISTRITO": "CALLAO", "TIPO_DE_DENUNCIA": "DENUNCIA", "SITUACION_DENUNCIA": "RESUELTA", "TIPO": "PATRIMONIO (DELITO)", "SUBTIPO": "ROBO", "MODALIDAD": "ROBO AGRAVADO", "FECHA_HECHO": 20240207, "HORA_HECHO": 1320, "UBICACION": "PASAJE AGUAJINAS MZ. 16  LT. 05 URB. PREVI CALLAO", "DESCRIPCION": "BOCANEGRA", "FECHA_NACIMIENTO": 19920821, "EDAD_PERSONA": 31, "SEXO": "FEMENINO", "ESTADO_CIVIL": "SOLTERO(A)", "GRADO_INSTRUCCION": "SECUNDARIA", "OCUPACION": "NO INDICA", "PAIS_NATAL": "PERU", "LONGITUD": -77.09190531, "LATITUD": -12.01897222, "Año": "2024", "Mes": "02" }, "geometry": { "type": "Point", "coordinates": [ 272246.501451254531275, 8670482.383738536387682 ] } },
{ "type": "Feature", "properties": { "id": "85", "FECHA_CORTE": 20240425, "FECHA_REGISTRO": 20240214, "ID_DOC_DENUNCIA": "4c55f921e2c3dba49234370547d6e42005dd10a1dc77d56ae258b4d7f3e71bfa", "UBIGEO": 70101, "DEPARTAMENTO": "CALLAO", "PROVINCIA": "CALLAO", "DISTRITO": "CALLAO", "TIPO_DE_DENUNCIA": "ACTA DE INTERVENCION", "SITUACION_DENUNCIA": "PENDIENTE", "TIPO": "PATRIMONIO (DELITO)", "SUBTIPO": "ROBO", "MODALIDAD": "TENTATIVA DE ROBO", "FECHA_HECHO": 20240214, "HORA_HECHO": 1400, "UBICACION": "AV LOS ROSALES NRO176 VIPOL CALLAO", "DESCRIPCION": "JUAN INGUNZA VALDIVIA", "FECHA_NACIMIENTO": 19940220, "EDAD_PERSONA": 29, "SEXO": "FEMENINO", "ESTADO_CIVIL": "SOLTERO(A)", "GRADO_INSTRUCCION": "SECUNDARIA", "OCUPACION": "NO INDICA", "PAIS_NATAL": "PERU", "LONGITUD": -77.1000349, "LATITUD": -12.0092727, "Año": "2024", "Mes": "02" }, "geometry": { "type": "Point", "coordinates": [ 271352.847290729521774, 8671548.853356152772903 ] } },
{ "type": "Feature", "properties": { "id": "86", "FECHA_CORTE": 20240425, "FECHA_REGISTRO": 20240215, "ID_DOC_DENUNCIA": "6e1f547358f316cb3fad4aeff247703471b7149231c06c95d2eb8ca8b64b9354", "UBIGEO": 70101, "DEPARTAMENTO": "CALLAO", "PROVINCIA": "CALLAO", "DISTRITO": "CALLAO", "TIPO_DE_DENUNCIA": "DENUNCIA", "SITUACION_DENUNCIA": "RESUELTA", "TIPO": "PATRIMONIO (DELITO)", "SUBTIPO": "ROBO", "MODALIDAD": "ROBO", "FECHA_HECHO": 20240215, "HORA_HECHO": 530, "UBICACION": "MERCADO CHACARITAS CALLAO", "DESCRIPCION": "CIUDADELA CHALACA", "FECHA_NACIMIENTO": 19940424, "EDAD_PERSONA": 29, "SEXO": "MASCULINO", "ESTADO_CIVIL": "SOLTERO(A)", "GRADO_INSTRUCCION": "SECUNDARIA", "OCUPACION": "OPERARIO", "PAIS_NATAL": "VENEZUELA", "LONGITUD": -77.1365952, "LATITUD": -12.0542081, "Año": "2024", "Mes": "02" }, "geometry": { "type": "Point", "coordinates": [ 267409.227726094075479, 8666546.147454410791397 ] } },
{ "type": "Feature", "properties": { "id": "93", "FECHA_CORTE": 20240425, "FECHA_REGISTRO": 20240224, "ID_DOC_DENUNCIA": "79b6cbe6b85943b6a05385b2d84a12985d4005b83a7d73d3cdd9eab1f16ba9df", "UBIGEO": 70101, "DEPARTAMENTO": "CALLAO", "PROVINCIA": "CALLAO", "DISTRITO": "CALLAO", "TIPO_DE_DENUNCIA": "DENUNCIA", "SITUACION_DENUNCIA": "PENDIENTE", "TIPO": "PATRIMONIO (DELITO)", "SUBTIPO": "ROBO", "MODALIDAD": "ROBO AGRAVADO", "FECHA_HECHO": 20240222, "HORA_HECHO": 1900, "UBICACION": "AV. COLONIAL CRUCE CON AV. ALFREDO PALACIOS-CALLAO", "DESCRIPCION": "CALLAO", "FECHA_NACIMIENTO": 19971213, "EDAD_PERSONA": 26, "SEXO": "FEMENINO", "ESTADO_CIVIL": "SOLTERO(A)", "GRADO_INSTRUCCION": "SECUNDARIA", "OCUPACION": "NO INDICA", "PAIS_NATAL": "PERU", "LONGITUD": -77.0987138, "LATITUD": -12.0059942, "Año": "2024", "Mes": "02" }, "geometry": { "type": "Point", "coordinates": [ 271493.979316702811047, 8671912.704982381314039 ] } },
{ "type": "Feature", "properties": { "id": "100", "FECHA_CORTE": 20240425, "FECHA_REGISTRO": 20240217, "ID_DOC_DENUNCIA": "3a0258d47b28db2015b8dddac70e9b73016b6b20a96face610634e9e08a35f18", "UBIGEO": 70101, "DEPARTAMENTO": "CALLAO", "PROVINCIA": "CALLAO", "DISTRITO": "CALLAO", "TIPO_DE_DENUNCIA": "DENUNCIA", "SITUACION_DENUNCIA": "RESUELTA", "TIPO": "PATRIMONIO (DELITO)", "SUBTIPO": "HURTO", "MODALIDAD": "HURTO AGRAVADO DURANTE LA NOCHE", "FECHA_HECHO": 20240217, "HORA_HECHO": 330, "UBICACION": "AV. COMANDANTE PEREZ SALMON 567  CALLAO 07001  PERU", "DESCRIPCION": "LA LEGUA", "FECHA_NACIMIENTO": 20020427, "EDAD_PERSONA": 21, "SEXO": "MASCULINO", "ESTADO_CIVIL": "SOLTERO(A)", "GRADO_INSTRUCCION": "SECUNDARIA", "OCUPACION": "NO INDICA", "PAIS_NATAL": "PERU", "LONGITUD": -77.1166877, "LATITUD": -12.0534954, "Año": "2024", "Mes": "02" }, "geometry": { "type": "Point", "coordinates": [ 269576.669583023991436, 8666641.819425575435162 ] } },
{ "type": "Feature", "properties": { "id": "101", "FECHA_CORTE": 20240425, "FECHA_REGISTRO": 20240219, "ID_DOC_DENUNCIA": "c586c6781435c741c1ff8efb1e835fd4b4e38f436538cf3fbfe44c67293d13b0", "UBIGEO": 70101, "DEPARTAMENTO": "CALLAO", "PROVINCIA": "CALLAO", "DISTRITO": "CALLAO", "TIPO_DE_DENUNCIA": "DENUNCIA", "SITUACION_DENUNCIA": "RESUELTA", "TIPO": "PATRIMONIO (DELITO)", "SUBTIPO": "HURTO", "MODALIDAD": "HURTO", "FECHA_HECHO": 20240219, "HORA_HECHO": 450, "UBICACION": "INTERSECCION DE LA AV. CONTRALMIRANTE MORA CON LA AV. ATALAYA CALLAO", "DESCRIPCION": "CIUDADELA CHALACA", "FECHA_NACIMIENTO": 19981015, "EDAD_PERSONA": 25, "SEXO": "MASCULINO", "ESTADO_CIVIL": "SOLTERO(A)", "GRADO_INSTRUCCION": "SECUNDARIA", "OCUPACION": "NO INDICA", "PAIS_NATAL": "PERU", "LONGITUD": -77.13534414, "LATITUD": -12.04415979, "Año": "2024", "Mes": "02" }, "geometry": { "type": "Point", "coordinates": [ 267536.822635744465515, 8667659.044555496424437 ] } },
{ "type": "Feature", "properties": { "id": "102", "FECHA_CORTE": 20240425, "FECHA_REGISTRO": 20240226, "ID_DOC_DENUNCIA": "5c512a4bf283f9dfe634c7d19b7da83013d8aa295be8c42172c0b2ca9d160692", "UBIGEO": 70101, "DEPARTAMENTO": "CALLAO", "PROVINCIA": "CALLAO", "DISTRITO": "CALLAO", "TIPO_DE_DENUNCIA": "DENUNCIA", "SITUACION_DENUNCIA": "PENDIENTE", "TIPO": "PATRIMONIO (DELITO)", "SUBTIPO": "HURTO", "MODALIDAD": "HURTO", "FECHA_HECHO": 20240226, "HORA_HECHO": 620, "UBICACION": "AV ALAMEDA REF INMEDIACIONES DEL MERCADO ROJO", "DESCRIPCION": "RAMON CASTILLA", "FECHA_NACIMIENTO": 20011205, "EDAD_PERSONA": 22, "SEXO": "FEMENINO", "ESTADO_CIVIL": "SOLTERO(A)", "GRADO_INSTRUCCION": "SECUNDARIA", "OCUPACION": "NO INDICA", "PAIS_NATAL": "PERU", "LONGITUD": -77.1155146, "LATITUD": -12.0428249, "Año": "2024", "Mes": "02" }, "geometry": { "type": "Point", "coordinates": [ 269695.323375716921873, 8667823.471779091283679 ] } },
{ "type": "Feature", "properties": { "id": "103", "FECHA_CORTE": 20240425, "FECHA_REGISTRO": 20240226, "ID_DOC_DENUNCIA": "59fb9ecf5ebeeb202d1a4f3b4cea2045dfe748ec37124fbc667040b5f1c2fb3c", "UBIGEO": 70101, "DEPARTAMENTO": "CALLAO", "PROVINCIA": "CALLAO", "DISTRITO": "CALLAO", "TIPO_DE_DENUNCIA": "DENUNCIA", "SITUACION_DENUNCIA": "RESUELTA", "TIPO": "PATRIMONIO (DELITO)", "SUBTIPO": "HURTO", "MODALIDAD": "HURTO", "FECHA_HECHO": 20240225, "HORA_HECHO": 2130, "UBICACION": "PARQUE RICARDO PALMA CALLAO", "DESCRIPCION": "LA LEGUA", "FECHA_NACIMIENTO": 19900720, "EDAD_PERSONA": 33, "SEXO": "FEMENINO", "ESTADO_CIVIL": "SOLTERO(A)", "GRADO_INSTRUCCION": "SECUNDARIA", "OCUPACION": "NO INDICA", "PAIS_NATAL": "PERU", "LONGITUD": -77.0947817, "LATITUD": -12.0512161, "Año": "2024", "Mes": "02" }, "geometry": { "type": "Point", "coordinates": [ 271960.419775734830182, 8666912.333600914105773 ] } },
{ "type": "Feature", "properties": { "id": "109", "FECHA_CORTE": 20240425, "FECHA_REGISTRO": 20240229, "ID_DOC_DENUNCIA": "974abfe5b4416700671902b40aab07fdc9283e913522ed273a1920c50580b15d", "UBIGEO": 70101, "DEPARTAMENTO": "CALLAO", "PROVINCIA": "CALLAO", "DISTRITO": "CALLAO", "TIPO_DE_DENUNCIA": "ACTA DE INTERVENCION", "SITUACION_DENUNCIA": "RESUELTA", "TIPO": "PATRIMONIO (DELITO)", "SUBTIPO": "HURTO", "MODALIDAD": "HURTO AGRAVADO", "FECHA_HECHO": 20240229, "HORA_HECHO": 130, "UBICACION": "AV PACASMAYO CON LA AV SANTA ROSA", "DESCRIPCION": "JUAN INGUNZA VALDIVIA", "FECHA_NACIMIENTO": 20040514, "EDAD_PERSONA": 19, "SEXO": "MASCULINO", "ESTADO_CIVIL": "SOLTERO(A)", "GRADO_INSTRUCCION": "NO INDICA", "OCUPACION": "NO INDICA", "PAIS_NATAL": "PERU", "LONGITUD": -77.12379562, "LATITUD": -12.05175145, "Año": "2024", "Mes": "02" }, "geometry": { "type": "Point", "coordinates": [ 268801.079553770134225, 8666828.799840282648802 ] } },
{ "type": "Feature", "properties": { "id": "116", "FECHA_CORTE": 20240425, "FECHA_REGISTRO": 20240227, "ID_DOC_DENUNCIA": "2d0c47cb53327a301a74cff9dc389eab95ca78198497c284844b432490604e24", "UBIGEO": 70102, "DEPARTAMENTO": "CALLAO", "PROVINCIA": "CALLAO", "DISTRITO": "BELLAVISTA", "TIPO_DE_DENUNCIA": "ACTA DE INTERVENCION", "SITUACION_DENUNCIA": "PENDIENTE", "TIPO": "PATRIMONIO (DELITO)", "SUBTIPO": "HURTO", "MODALIDAD": "HURTO AGRAVADO", "FECHA_HECHO": 20240227, "HORA_HECHO": 315, "UBICACION": "AV ELMERT FAUCETT NRO 2264 URB SAN JOSE BELLAVISTA", "DESCRIPCION": "CIUDAD DEL PESCADOR", "FECHA_NACIMIENTO": 19980720, "EDAD_PERSONA": 25, "SEXO": "FEMENINO", "ESTADO_CIVIL": "SOLTERO(A)", "GRADO_INSTRUCCION": "NO INDICA", "OCUPACION": "ESTUDIANTE", "PAIS_NATAL": "PERU", "LONGITUD": -77.0976481, "LATITUD": -12.0548438, "Año": "2024", "Mes": "02" }, "geometry": { "type": "Point", "coordinates": [ 271651.323175089899451, 8666508.555348852649331 ] } },
{ "type": "Feature", "properties": { "id": "244", "FECHA_CORTE": 20240425, "FECHA_REGISTRO": 20240214, "ID_DOC_DENUNCIA": "bd565f3cd6d0c2d8f54409a3cc1148b7359b9b482b9a85e129c540dfbed24db7", "UBIGEO": 70101, "DEPARTAMENTO": "CALLAO", "PROVINCIA": "CALLAO", "DISTRITO": "CALLAO", "TIPO_DE_DENUNCIA": "ACTA DE DENUNCIA VERBAL", "SITUACION_DENUNCIA": "RESUELTA", "TIPO": "PATRIMONIO (DELITO)", "SUBTIPO": "HURTO", "MODALIDAD": "HURTO", "FECHA_HECHO": 20240210, "HORA_HECHO": 2200, "UBICACION": "JR. PACIFICO NRO.482", "DESCRIPCION": "CARMEN DE LA LEGUA", "FECHA_NACIMIENTO": 19860713, "EDAD_PERSONA": 37, "SEXO": "MASCULINO", "ESTADO_CIVIL": "SOLTERO(A)", "GRADO_INSTRUCCION": "NO INDICA", "OCUPACION": "TECNICO MECANICO", "PAIS_NATAL": "PERU", "LONGITUD": -77.12735759, "LATITUD": -12.05124781, "Año": "2024", "Mes": "02" }, "geometry": { "type": "Point", "coordinates": [ 268412.723370222607628, 8666881.520622028037906 ] } },
{ "type": "Feature", "properties": { "id": "245", "FECHA_CORTE": 20240425, "FECHA_REGISTRO": 20240224, "ID_DOC_DENUNCIA": "327bd75527e5e0b2eff51a431d438e815e72c9a300f5abe597afbce9aba333c8", "UBIGEO": 70101, "DEPARTAMENTO": "CALLAO", "PROVINCIA": "CALLAO", "DISTRITO": "CALLAO", "TIPO_DE_DENUNCIA": "ACTA DE INTERVENCION", "SITUACION_DENUNCIA": "PENDIENTE", "TIPO": "PATRIMONIO (DELITO)", "SUBTIPO": "HURTO", "MODALIDAD": "HURTO AGRAVADO", "FECHA_HECHO": 20240224, "HORA_HECHO": 650, "UBICACION": "CALLE PISAGUA MZ. A LOTE 1 URB TARAPACA", "DESCRIPCION": "LA LEGUA", "FECHA_NACIMIENTO": 19950518, "EDAD_PERSONA": 28, "SEXO": "FEMENINO", "ESTADO_CIVIL": "SOLTERO(A)", "GRADO_INSTRUCCION": "NO INDICA", "OCUPACION": "NO INDICA", "PAIS_NATAL": "PERU", "LONGITUD": -77.0996242, "LATITUD": -12.05174157, "Año": "2024", "Mes": "02" }, "geometry": { "type": "Point", "coordinates": [ 271433.489798805327155, 8666850.159926820546389 ] } },
{ "type": "Feature", "properties": { "id": "246", "FECHA_CORTE": 20240425, "FECHA_REGISTRO": 20240216, "ID_DOC_DENUNCIA": "04364b89aa93b4d0ac1102ee839a27b06cb49d32f20af0a0453b70ca12c776ad", "UBIGEO": 70101, "DEPARTAMENTO": "CALLAO", "PROVINCIA": "CALLAO", "DISTRITO": "CALLAO", "TIPO_DE_DENUNCIA": "DENUNCIA", "SITUACION_DENUNCIA": "RESUELTA", "TIPO": "PATRIMONIO (DELITO)", "SUBTIPO": "HURTO", "MODALIDAD": "HURTO AGRAVADO", "FECHA_HECHO": 20240214, "HORA_HECHO": 2115, "UBICACION": "AV ELMER FAUCETT CON AV MORALES DUAREZ", "DESCRIPCION": "DULANTO", "FECHA_NACIMIENTO": 20030925, "EDAD_PERSONA": 20, "SEXO": "FEMENINO", "ESTADO_CIVIL": "SOLTERO(A)", "GRADO_INSTRUCCION": "NO INDICA", "OCUPACION": "NO INDICA", "PAIS_NATAL": "PERU", "LONGITUD": -77.0992376, "LATITUD": -12.0402367, "Año": "2024", "Mes": "02" }, "geometry": { "type": "Point", "coordinates": [ 271465.854585949331522, 8668123.457498420029879 ] } },
{ "type": "Feature", "properties": { "id": "247", "FECHA_CORTE": 20240425, "FECHA_REGISTRO": 20240212, "ID_DOC_DENUNCIA": "d0bcc4c3add66563a0f5b208ab56e8748401d48b7fb4a2ad0b583349eaa14e44", "UBIGEO": 70101, "DEPARTAMENTO": "CALLAO", "PROVINCIA": "CALLAO", "DISTRITO": "CALLAO", "TIPO_DE_DENUNCIA": "DENUNCIA", "SITUACION_DENUNCIA": "RESUELTA", "TIPO": "PATRIMONIO (DELITO)", "SUBTIPO": "HURTO", "MODALIDAD": "HURTO", "FECHA_HECHO": 20240212, "HORA_HECHO": 1310, "UBICACION": "TRANSCURSO DE VIAJE DESDE EL COLEGIO RAMON CASTILLA HASTA LA AV SANTA ROSA REF. LINEA DEL TREN", "DESCRIPCION": "RAMON CASTILLA", "FECHA_NACIMIENTO": 20021221, "EDAD_PERSONA": 21, "SEXO": "MASCULINO", "ESTADO_CIVIL": "SOLTERO(A)", "GRADO_INSTRUCCION": "NO INDICA", "OCUPACION": "NO INDICA", "PAIS_NATAL": "PERU", "LONGITUD": -77.1150387, "LATITUD": -12.0515162, "Año": "2024", "Mes": "02" }, "geometry": { "type": "Point", "coordinates": [ 269754.566469149547629, 8666862.198946030810475 ] } },
{ "type": "Feature", "properties": { "id": "248", "FECHA_CORTE": 20240425, "FECHA_REGISTRO": 20240216, "ID_DOC_DENUNCIA": "b6522c38ee3fee8066ae6d48afb77cc8131f62b14172c2257bb29cdca993a747", "UBIGEO": 70101, "DEPARTAMENTO": "CALLAO", "PROVINCIA": "CALLAO", "DISTRITO": "CALLAO", "TIPO_DE_DENUNCIA": "DENUNCIA", "SITUACION_DENUNCIA": "RESUELTA", "TIPO": "PATRIMONIO (DELITO)", "SUBTIPO": "HURTO", "MODALIDAD": "HURTO", "FECHA_HECHO": 20240216, "HORA_HECHO": 30, "UBICACION": "AUXILIAR AV MORALES DUAREZ CON AV NUEVO AEROPUERTO", "DESCRIPCION": "DULANTO", "FECHA_NACIMIENTO": 20010815, "EDAD_PERSONA": 22, "SEXO": "FEMENINO", "ESTADO_CIVIL": "SOLTERO(A)", "GRADO_INSTRUCCION": "NO INDICA", "OCUPACION": "NO INDICA", "PAIS_NATAL": "PERU", "LONGITUD": -77.1077636, "LATITUD": -12.0421308, "Año": "2024", "Mes": "02" }, "geometry": { "type": "Point", "coordinates": [ 270538.89388124877587, 8667906.766185760498047 ] } },
{ "type": "Feature", "properties": { "id": "317", "FECHA_CORTE": 20240425, "FECHA_REGISTRO": 20240203, "ID_DOC_DENUNCIA": "46e816f0acf914cce61bcee2942d5525f5baa696ef3d22b5b93842d9e80b3797", "UBIGEO": 70101, "DEPARTAMENTO": "CALLAO", "PROVINCIA": "CALLAO", "DISTRITO": "CALLAO", "TIPO_DE_DENUNCIA": "ACTA DE DENUNCIA VERBAL", "SITUACION_DENUNCIA": "RESUELTA", "TIPO": "PATRIMONIO (DELITO)", "SUBTIPO": "ROBO", "MODALIDAD": "ROBO", "FECHA_HECHO": 20240202, "HORA_HECHO": 2300, "UBICACION": "AV. CANTA CALLAO CON LA AV. ELMER FAUCETT CALLAO", "DESCRIPCION": "SARITA COLONIA", "FECHA_NACIMIENTO": 19880903, "EDAD_PERSONA": 35, "SEXO": "MASCULINO", "ESTADO_CIVIL": "SOLTERO(A)", "GRADO_INSTRUCCION": "NO INDICA", "OCUPACION": "SEGURIDAD", "PAIS_NATAL": "PERU", "LONGITUD": -77.1018908, "LATITUD": -12.0302136, "Año": "2024", "Mes": "02" }, "geometry": { "type": "Point", "coordinates": [ 271168.406979137042072, 8669230.270055461674929 ] } },
{ "type": "Feature", "properties": { "id": "318", "FECHA_CORTE": 20240425, "FECHA_REGISTRO": 20240216, "ID_DOC_DENUNCIA": "66d5a0b6248c96dea8dc46af8880a0df51966543e4a2f92bb0f1a9ddc67ebe62", "UBIGEO": 70101, "DEPARTAMENTO": "CALLAO", "PROVINCIA": "CALLAO", "DISTRITO": "CALLAO", "TIPO_DE_DENUNCIA": "DENUNCIA", "SITUACION_DENUNCIA": "RESUELTA", "TIPO": "PATRIMONIO (DELITO)", "SUBTIPO": "ROBO", "MODALIDAD": "TENTATIVA DE ROBO", "FECHA_HECHO": 20240216, "HORA_HECHO": 1000, "UBICACION": "JR PUNO CDRA 06 CON JR LAZARETO", "DESCRIPCION": "DEPINCRI CALLAO/LA PUNTA", "FECHA_NACIMIENTO": 19880809, "EDAD_PERSONA": 35, "SEXO": "MASCULINO", "ESTADO_CIVIL": "SOLTERO(A)", "GRADO_INSTRUCCION": "NO INDICA", "OCUPACION": "NO INDICA", "PAIS_NATAL": "PERU", "LONGITUD": -77.12283002, "LATITUD": -12.05347219, "Año": "2024", "Mes": "02" }, "geometry": { "type": "Point", "coordinates": [ 268907.713836154551245, 8666639.217072743922472 ] } },
{ "type": "Feature", "properties": { "id": "319", "FECHA_CORTE": 20240425, "FECHA_REGISTRO": 20240215, "ID_DOC_DENUNCIA": "6aead3ecb6698b804e0c22f82c5aaee99de2e7fbe47f8611bb0de17aa737635a", "UBIGEO": 70101, "DEPARTAMENTO": "CALLAO", "PROVINCIA": "CALLAO", "DISTRITO": "CALLAO", "TIPO_DE_DENUNCIA": "ACTA DE DENUNCIA VERBAL", "SITUACION_DENUNCIA": "RESUELTA", "TIPO": "PATRIMONIO (DELITO)", "SUBTIPO": "ROBO", "MODALIDAD": "ROBO AGRAVADO A MANO ARMADA", "FECHA_HECHO": 20240215, "HORA_HECHO": 1840, "UBICACION": "AV. CONTRALMIRANTE MORA FRENTE DEL GRIFO PRIMAX CALLAO", "DESCRIPCION": "CIUDADELA CHALACA", "FECHA_NACIMIENTO": 19891225, "EDAD_PERSONA": 34, "SEXO": "MASCULINO", "ESTADO_CIVIL": "SOLTERO(A)", "GRADO_INSTRUCCION": "NO INDICA", "OCUPACION": "NO INDICA", "PAIS_NATAL": "PERU", "LONGITUD": -77.1349943, "LATITUD": -12.0485679, "Año": "2024", "Mes": "02" }, "geometry": { "type": "Point", "coordinates": [ 267578.718966642161831, 8667171.588023649528623 ] } },
{ "type": "Feature", "properties": { "id": "320", "FECHA_CORTE": 20240425, "FECHA_REGISTRO": 20240206, "ID_DOC_DENUNCIA": "7b498352082ce489376804337fb89b6e0bec32756b51a8f87dbefaa7a3bcbe9c", "UBIGEO": 70101, "DEPARTAMENTO": "CALLAO", "PROVINCIA": "CALLAO", "DISTRITO": "CALLAO", "TIPO_DE_DENUNCIA": "DENUNCIA", "SITUACION_DENUNCIA": "RESUELTA", "TIPO": "PATRIMONIO (DELITO)", "SUBTIPO": "ROBO", "MODALIDAD": "ROBO", "FECHA_HECHO": 20240205, "HORA_HECHO": 600, "UBICACION": "BANANA FISH UBICADO EN EL JIRON LAS CODORNICES", "DESCRIPCION": "BOCANEGRA", "FECHA_NACIMIENTO": 19891104, "EDAD_PERSONA": 34, "SEXO": "MASCULINO", "ESTADO_CIVIL": "SOLTERO(A)", "GRADO_INSTRUCCION": "NO INDICA", "OCUPACION": "NO INDICA", "PAIS_NATAL": "PERU", "LONGITUD": -77.0909863, "LATITUD": -12.0143892, "Año": "2024", "Mes": "02" }, "geometry": { "type": "Point", "coordinates": [ 272342.743693260010332, 8670990.237362515181303 ] } },
{ "type": "Feature", "properties": { "id": "323", "FECHA_CORTE": 20240425, "FECHA_REGISTRO": 20240224, "ID_DOC_DENUNCIA": "d3c4553433b76002ac1e7cd93b5a0a7161e643258ba93aef911d68c0d2887614", "UBIGEO": 70101, "DEPARTAMENTO": "CALLAO", "PROVINCIA": "CALLAO", "DISTRITO": "CALLAO", "TIPO_DE_DENUNCIA": "ACTA DE INTERVENCION", "SITUACION_DENUNCIA": "PENDIENTE", "TIPO": "PATRIMONIO (DELITO)", "SUBTIPO": "ROBO", "MODALIDAD": "ROBO AGRAVADO", "FECHA_HECHO": 20240224, "HORA_HECHO": 1700, "UBICACION": "INTERSECCION DE LA AVENIDA OMICRON CON CALLE 4 A.H. BOCANEGRA", "DESCRIPCION": "BOCANEGRA", "FECHA_NACIMIENTO": 19660206, "EDAD_PERSONA": 58, "SEXO": "MASCULINO", "ESTADO_CIVIL": "SOLTERO(A)", "GRADO_INSTRUCCION": "NO INDICA", "OCUPACION": "EMPLEADO", "PAIS_NATAL": "PERU", "LONGITUD": -77.0964405, "LATITUD": -12.0256082, "Año": "2024", "Mes": "02" }, "geometry": { "type": "Point", "coordinates": [ 271758.134530139621347, 8669744.375769922509789 ] } },
{ "type": "Feature", "properties": { "id": "326", "FECHA_CORTE": 20240425, "FECHA_REGISTRO": 20240214, "ID_DOC_DENUNCIA": "7a388246f9161bfd65066f400ab8767ec2e0a59a8062201796acdfe2a754b36f", "UBIGEO": 70101, "DEPARTAMENTO": "CALLAO", "PROVINCIA": "CALLAO", "DISTRITO": "CALLAO", "TIPO_DE_DENUNCIA": "ACTA DE INTERVENCION", "SITUACION_DENUNCIA": "RESUELTA", "TIPO": "PATRIMONIO (DELITO)", "SUBTIPO": "ROBO", "MODALIDAD": "ROBO AGRAVADO", "FECHA_HECHO": 20240214, "HORA_HECHO": 1805, "UBICACION": "MZ A LOTE 06 ASOC LAS GARZAS  CALLAO", "DESCRIPCION": "JUAN INGUNZA VALDIVIA", "FECHA_NACIMIENTO": 19600414, "EDAD_PERSONA": 63, "SEXO": "FEMENINO", "ESTADO_CIVIL": "SOLTERO(A)", "GRADO_INSTRUCCION": "NO INDICA", "OCUPACION": "NO INDICA", "PAIS_NATAL": "PERU", "LONGITUD": -77.0913129, "LATITUD": -12.0138391, "Año": "2024", "Mes": "02" }, "geometry": { "type": "Point", "coordinates": [ 272306.707769275060855, 8671050.833300855010748 ] } },
{ "type": "Feature", "properties": { "id": "327", "FECHA_CORTE": 20240425, "FECHA_REGISTRO": 20240223, "ID_DOC_DENUNCIA": "b567fa13a39612368c58501d26b617a0ae783857a054a96272df8c1757aef74c", "UBIGEO": 70101, "DEPARTAMENTO": "CALLAO", "PROVINCIA": "CALLAO", "DISTRITO": "CALLAO", "TIPO_DE_DENUNCIA": "DENUNCIA", "SITUACION_DENUNCIA": "PENDIENTE", "TIPO": "PATRIMONIO (DELITO)", "SUBTIPO": "ROBO", "MODALIDAD": "ROBO", "FECHA_HECHO": 20240223, "HORA_HECHO": 1600, "UBICACION": "AV SAENZ PENA CDRA 04  CALLAO", "DESCRIPCION": "CALLAO", "FECHA_NACIMIENTO": 19610226, "EDAD_PERSONA": 62, "SEXO": "MASCULINO", "ESTADO_CIVIL": "SOLTERO(A)", "GRADO_INSTRUCCION": "NO INDICA", "OCUPACION": "MOZO", "PAIS_NATAL": "PERU", "LONGITUD": -77.1370233, "LATITUD": -12.0600776, "Año": "2024", "Mes": "02" }, "geometry": { "type": "Point", "coordinates": [ 267367.667050143703818, 8665896.328653916716576 ] } },
{ "type": "Feature", "properties": { "id": "328", "FECHA_CORTE": 20240425, "FECHA_REGISTRO": 20240217, "ID_DOC_DENUNCIA": "7387f35dd700a3c3f8df6051cb55e44a1ef72e13fa041e28451c93347bfe78b6", "UBIGEO": 70101, "DEPARTAMENTO": "CALLAO", "PROVINCIA": "CALLAO", "DISTRITO": "CALLAO", "TIPO_DE_DENUNCIA": "DENUNCIA", "SITUACION_DENUNCIA": "RESUELTA", "TIPO": "PATRIMONIO (DELITO)", "SUBTIPO": "ROBO", "MODALIDAD": "ROBO AGRAVADO", "FECHA_HECHO": 20240213, "HORA_HECHO": 2345, "UBICACION": "A LA ALTURA DEL JR. CONTRAALMIRANTE VILLAR CON EL JR. COLON CALLAO", "DESCRIPCION": "CALLAO", "FECHA_NACIMIENTO": 19870112, "EDAD_PERSONA": 37, "SEXO": "MASCULINO", "ESTADO_CIVIL": "SOLTERO(A)", "GRADO_INSTRUCCION": "NO INDICA", "OCUPACION": "NO INDICA", "PAIS_NATAL": "PERU", "LONGITUD": -77.1361351, "LATITUD": -12.0638873, "Año": "2024", "Mes": "02" }, "geometry": { "type": "Point", "coordinates": [ 267467.681759130966384, 8665475.542480593547225 ] } },
{ "type": "Feature", "properties": { "id": "338", "FECHA_CORTE": 20240425, "FECHA_REGISTRO": 20240219, "ID_DOC_DENUNCIA": "2acff25fb95557b6f20d82c6bf62c19683b294ff30a4ae3e18a3ff215c5460c2", "UBIGEO": 70101, "DEPARTAMENTO": "CALLAO", "PROVINCIA": "CALLAO", "DISTRITO": "CALLAO", "TIPO_DE_DENUNCIA": "DENUNCIA", "SITUACION_DENUNCIA": "RESUELTA", "TIPO": "PATRIMONIO (DELITO)", "SUBTIPO": "ROBO", "MODALIDAD": "ROBO", "FECHA_HECHO": 20240218, "HORA_HECHO": 1315, "UBICACION": "JIRON ZEPITA CON JIRON MIROQUEZADA CALLAO", "DESCRIPCION": "DEPINCRI CALLAO/LA PUNTA", "FECHA_NACIMIENTO": 20040521, "EDAD_PERSONA": 19, "SEXO": "MASCULINO", "ESTADO_CIVIL": "SOLTERO(A)", "GRADO_INSTRUCCION": "NO INDICA", "OCUPACION": "NO INDICA", "PAIS_NATAL": "PERU", "LONGITUD": -77.12461101, "LATITUD": -12.05175145, "Año": "2024", "Mes": "02" }, "geometry": { "type": "Point", "coordinates": [ 268712.277832437306643, 8666828.112110421061516 ] } },
{ "type": "Feature", "properties": { "id": "340", "FECHA_CORTE": 20240425, "FECHA_REGISTRO": 20240214, "ID_DOC_DENUNCIA": "e0da8de112b337c4ad701bdad4795fd0cb34a80f14e6f2fed04882bda9971cd3", "UBIGEO": 70101, "DEPARTAMENTO": "CALLAO", "PROVINCIA": "CALLAO", "DISTRITO": "CALLAO", "TIPO_DE_DENUNCIA": "ACTA DE INTERVENCION", "SITUACION_DENUNCIA": "RESUELTA", "TIPO": "PATRIMONIO (DELITO)", "SUBTIPO": "HURTO", "MODALIDAD": "HURTO DE ACCESORIOS Y AUTOPARTES DE VEHICULOS", "FECHA_HECHO": 20240214, "HORA_HECHO": 440, "UBICACION": "AV DOMINICOS COPN BOCANEGRA CALLAO", "DESCRIPCION": "JUAN INGUNZA VALDIVIA", "FECHA_NACIMIENTO": 19781208, "EDAD_PERSONA": 45, "SEXO": "MASCULINO", "ESTADO_CIVIL": "SOLTERO(A)", "GRADO_INSTRUCCION": "NO INDICA", "OCUPACION": "NO INDICA", "PAIS_NATAL": "PERU", "LONGITUD": -77.0991762, "LATITUD": -12.0065048, "Año": "2024", "Mes": "02" }, "geometry": { "type": "Point", "coordinates": [ 271444.043678911868483, 8671855.824963187798858 ] } },
{ "type": "Feature", "properties": { "id": "341", "FECHA_CORTE": 20240425, "FECHA_REGISTRO": 20240201, "ID_DOC_DENUNCIA": "10231a1d154534fe2de651a44a2a6af154822e36bc07da64c0de12713542c3bd", "UBIGEO": 70101, "DEPARTAMENTO": "CALLAO", "PROVINCIA": "CALLAO", "DISTRITO": "CALLAO", "TIPO_DE_DENUNCIA": "DENUNCIA", "SITUACION_DENUNCIA": "RESUELTA", "TIPO": "PATRIMONIO (DELITO)", "SUBTIPO": "HURTO", "MODALIDAD": "HURTO AGRAVADO", "FECHA_HECHO": 20240201, "HORA_HECHO": 930, "UBICACION": "CALLE OMEGA 149", "DESCRIPCION": "LA LEGUA", "FECHA_NACIMIENTO": 19801115, "EDAD_PERSONA": 43, "SEXO": "MASCULINO", "ESTADO_CIVIL": "SOLTERO(A)", "GRADO_INSTRUCCION": "NO INDICA", "OCUPACION": "NO INDICA", "PAIS_NATAL": "PERU", "LONGITUD": -77.0871366, "LATITUD": -12.0506798, "Año": "2024", "Mes": "02" }, "geometry": { "type": "Point", "coordinates": [ 272792.558899099123664, 8666978.019757442176342 ] } },
{ "type": "Feature", "properties": { "id": "342", "FECHA_CORTE": 20240425, "FECHA_REGISTRO": 20240205, "ID_DOC_DENUNCIA": "00ede96620f3dafc0fc61774ca971c6c066cf00d3a4855662e8d277b679d6248", "UBIGEO": 70101, "DEPARTAMENTO": "CALLAO", "PROVINCIA": "CALLAO", "DISTRITO": "CALLAO", "TIPO_DE_DENUNCIA": "ACTA DE INTERVENCION", "SITUACION_DENUNCIA": "RESUELTA", "TIPO": "PATRIMONIO (DELITO)", "SUBTIPO": "HURTO", "MODALIDAD": "HURTO AGRAVADO DURANTE LA NOCHE", "FECHA_HECHO": 20240201, "HORA_HECHO": 400, "UBICACION": "CALLE TERCERA NRO. 306 ? URB. CHACARITAS -CALLAO", "DESCRIPCION": "CALLAO", "FECHA_NACIMIENTO": 19630718, "EDAD_PERSONA": 60, "SEXO": "FEMENINO", "ESTADO_CIVIL": "SOLTERO(A)", "GRADO_INSTRUCCION": "NO INDICA", "OCUPACION": "NO INDICA", "PAIS_NATAL": "PERU", "LONGITUD": -77.1345953, "LATITUD": -12.0546909, "Año": "2024", "Mes": "02" }, "geometry": { "type": "Point", "coordinates": [ 267627.446275411057286, 8666494.422285070642829 ] } },
{ "type": "Feature", "properties": { "id": "343", "FECHA_CORTE": 20240425, "FECHA_REGISTRO": 20240213, "ID_DOC_DENUNCIA": "349916728aba726198b7ff56285be67fa2fb0e8d77b0cb9227629f66245e6d88", "UBIGEO": 70101, "DEPARTAMENTO": "CALLAO", "PROVINCIA": "CALLAO", "DISTRITO": "CALLAO", "TIPO_DE_DENUNCIA": "DENUNCIA", "SITUACION_DENUNCIA": "PENDIENTE", "TIPO": "PATRIMONIO (DELITO)", "SUBTIPO": "HURTO", "MODALIDAD": "HURTO", "FECHA_HECHO": 20240213, "HORA_HECHO": 1600, "UBICACION": "AV CANADA CON PJE PUCARA 125 URB SAN JUAN MACIAS CALLAO", "DESCRIPCION": "JUAN INGUNZA VALDIVIA", "FECHA_NACIMIENTO": 19600901, "EDAD_PERSONA": 63, "SEXO": "MASCULINO", "ESTADO_CIVIL": "SOLTERO(A)", "GRADO_INSTRUCCION": "NO INDICA", "OCUPACION": "NO INDICA", "PAIS_NATAL": "PERU", "LONGITUD": -77.115608, "LATITUD": -11.9979811, "Año": "2024", "Mes": "02" }, "geometry": { "type": "Point", "coordinates": [ 269646.977521063527092, 8672785.249672759324312 ] } },
{ "type": "Feature", "properties": { "id": "344", "FECHA_CORTE": 20240425, "FECHA_REGISTRO": 20240224, "ID_DOC_DENUNCIA": "de9372b79fbb10ae2c977655e2dc048a5ee7e7690437a146588328e3172bc352", "UBIGEO": 70101, "DEPARTAMENTO": "CALLAO", "PROVINCIA": "CALLAO", "DISTRITO": "CALLAO", "TIPO_DE_DENUNCIA": "ACTA DE INTERVENCION", "SITUACION_DENUNCIA": "PENDIENTE", "TIPO": "PATRIMONIO (DELITO)", "SUBTIPO": "HURTO", "MODALIDAD": "HURTO AGRAVADO EN CASA HABITADA", "FECHA_HECHO": 20240224, "HORA_HECHO": 1130, "UBICACION": "CALLE JUAN TELLO 179 URB  LA COLONIAL EN EL CALLAO", "DESCRIPCION": "LA LEGUA", "FECHA_NACIMIENTO": 19810320, "EDAD_PERSONA": 42, "SEXO": "FEMENINO", "ESTADO_CIVIL": "SOLTERO(A)", "GRADO_INSTRUCCION": "NO INDICA", "OCUPACION": "NO INDICA", "PAIS_NATAL": "PERU", "LONGITUD": -77.0956835, "LATITUD": -12.0506729, "Año": "2024", "Mes": "02" }, "geometry": { "type": "Point", "coordinates": [ 271861.749695078120567, 8666971.686569465324283 ] } },
{ "type": "Feature", "properties": { "id": "348", "FECHA_CORTE": 20240425, "FECHA_REGISTRO": 20240209, "ID_DOC_DENUNCIA": "cc1697a09c3278eb09ef2766b25edb91c867387820c85c37d81ae66ace1940e6", "UBIGEO": 70101, "DEPARTAMENTO": "CALLAO", "PROVINCIA": "CALLAO", "DISTRITO": "CALLAO", "TIPO_DE_DENUNCIA": "DENUNCIA", "SITUACION_DENUNCIA": "RESUELTA", "TIPO": "PATRIMONIO (DELITO)", "SUBTIPO": "HURTO", "MODALIDAD": "HURTO", "FECHA_HECHO": 20240209, "HORA_HECHO": 200, "UBICACION": "WHITE 279  CALLAO 07001  PERU", "DESCRIPCION": "CIUDADELA CHALACA", "FECHA_NACIMIENTO": 19850510, "EDAD_PERSONA": 38, "SEXO": "MASCULINO", "ESTADO_CIVIL": "SOLTERO(A)", "GRADO_INSTRUCCION": "NO INDICA", "OCUPACION": "INGENIERO INDUSTRIAL", "PAIS_NATAL": "PERU", "LONGITUD": -77.13115501, "LATITUD": -12.04929853, "Año": "2024", "Mes": "02" }, "geometry": { "type": "Point", "coordinates": [ 267997.479877072502859, 8667093.995663430541754 ] } },
{ "type": "Feature", "properties": { "id": "349", "FECHA_CORTE": 20240425, "FECHA_REGISTRO": 20240223, "ID_DOC_DENUNCIA": "73b1a9e58bcb05d9fe5034e4e3f83166e05c5386cffdf2cf7e806475abebefbf", "UBIGEO": 70101, "DEPARTAMENTO": "CALLAO", "PROVINCIA": "CALLAO", "DISTRITO": "CALLAO", "TIPO_DE_DENUNCIA": "DENUNCIA", "SITUACION_DENUNCIA": "RESUELTA", "TIPO": "PATRIMONIO (DELITO)", "SUBTIPO": "HURTO", "MODALIDAD": "HURTO AGRAVADO", "FECHA_HECHO": 20240222, "HORA_HECHO": 2220, "UBICACION": "FRONTIS DEL ESTABLECIMIENTO AUTOBOUTIQUE LIMA NORTE AV. TOMAS VALLE 3893 - CALLAO", "DESCRIPCION": "BOCANEGRA", "FECHA_NACIMIENTO": 19610222, "EDAD_PERSONA": 63, "SEXO": "MASCULINO", "ESTADO_CIVIL": "SOLTERO(A)", "GRADO_INSTRUCCION": "NO INDICA", "OCUPACION": "EMPRESARIO", "PAIS_NATAL": "PERU", "LONGITUD": -77.09971292, "LATITUD": -12.01777294, "Año": "2024", "Mes": "02" }, "geometry": { "type": "Point", "coordinates": [ 271395.095562069560401, 8670608.599474456161261 ] } },
{ "type": "Feature", "properties": { "id": "350", "FECHA_CORTE": 20240425, "FECHA_REGISTRO": 20240214, "ID_DOC_DENUNCIA": "fb34c0a39ce452e3bba902286dc21baf0cc95ef876b5732a6f880b3f390a22e7", "UBIGEO": 70101, "DEPARTAMENTO": "CALLAO", "PROVINCIA": "CALLAO", "DISTRITO": "CALLAO", "TIPO_DE_DENUNCIA": "DENUNCIA", "SITUACION_DENUNCIA": "RESUELTA", "TIPO": "PATRIMONIO (DELITO)", "SUBTIPO": "HURTO", "MODALIDAD": "HURTO", "FECHA_HECHO": 20240214, "HORA_HECHO": 1015, "UBICACION": "AV ALAMEDA REF BOTICA CHINITO FRENTE AL MERCADO AMARILLO", "DESCRIPCION": "RAMON CASTILLA", "FECHA_NACIMIENTO": 19870515, "EDAD_PERSONA": 36, "SEXO": "MASCULINO", "ESTADO_CIVIL": "SOLTERO(A)", "GRADO_INSTRUCCION": "NO INDICA", "OCUPACION": "NO INDICA", "PAIS_NATAL": "PERU", "LONGITUD": -77.1185091, "LATITUD": -12.0421667, "Año": "2024", "Mes": "02" }, "geometry": { "type": "Point", "coordinates": [ 269368.62971268245019, 8667893.784868109971285 ] } },
{ "type": "Feature", "properties": { "id": "351", "FECHA_CORTE": 20240425, "FECHA_REGISTRO": 20240205, "ID_DOC_DENUNCIA": "49557fbd1a781f4f0bc1342a157f202353f1658c130969c55765d74511812db1", "UBIGEO": 70107, "DEPARTAMENTO": "CALLAO", "PROVINCIA": "CALLAO", "DISTRITO": "MI PERU", "TIPO_DE_DENUNCIA": "ACTA DE DENUNCIA VERBAL", "SITUACION_DENUNCIA": "RESUELTA", "TIPO": "PATRIMONIO (DELITO)", "SUBTIPO": "HURTO", "MODALIDAD": "HURTO", "FECHA_HECHO": 20240204, "HORA_HECHO": 2030, "UBICACION": "AV HUARU MZ D5 LOTE 18 MI PERU", "DESCRIPCION": "MI PERU", "FECHA_NACIMIENTO": 19690618, "EDAD_PERSONA": 54, "SEXO": "MASCULINO", "ESTADO_CIVIL": "SOLTERO(A)", "GRADO_INSTRUCCION": "NO INDICA", "OCUPACION": "SECRETARIO", "PAIS_NATAL": "PERU", "LONGITUD": -77.12636816, "LATITUD": -11.8558802, "Año": "2024", "Mes": "02" }, "geometry": { "type": "Point", "coordinates": [ 268354.240310802066233, 8688499.351885287091136 ] } },
{ "type": "Feature", "properties": { "id": "352", "FECHA_CORTE": 20240425, "FECHA_REGISTRO": 20240207, "ID_DOC_DENUNCIA": "d9cfb624c1fc805bb4bf4700ab0bf0287dfcc8bcb23cfa8c6498428f4ae43c95", "UBIGEO": 70101, "DEPARTAMENTO": "CALLAO", "PROVINCIA": "CALLAO", "DISTRITO": "CALLAO", "TIPO_DE_DENUNCIA": "DENUNCIA", "SITUACION_DENUNCIA": "RESUELTA", "TIPO": "PATRIMONIO (DELITO)", "SUBTIPO": "HURTO", "MODALIDAD": "HURTO", "FECHA_HECHO": 20240207, "HORA_HECHO": 1400, "UBICACION": "MERCADO SAN PEDRO", "DESCRIPCION": "CIUDAD DEL PESCADOR", "FECHA_NACIMIENTO": 19730609, "EDAD_PERSONA": 50, "SEXO": "FEMENINO", "ESTADO_CIVIL": "SOLTERO(A)", "GRADO_INSTRUCCION": "NO INDICA", "OCUPACION": "INDEPENDIENTE", "PAIS_NATAL": "PERU", "LONGITUD": -77.10766799, "LATITUD": -12.00235634, "Año": "2024", "Mes": "02" }, "geometry": { "type": "Point", "coordinates": [ 270515.570675478782505, 8672307.772244650870562 ] } },
{ "type": "Feature", "properties": { "id": "353", "FECHA_CORTE": 20240425, "FECHA_REGISTRO": 20240207, "ID_DOC_DENUNCIA": "1ad49e748bd489645707db483f84aecadf3ba1d9d1e580c43798c3cec94b33ae", "UBIGEO": 70101, "DEPARTAMENTO": "CALLAO", "PROVINCIA": "CALLAO", "DISTRITO": "CALLAO", "TIPO_DE_DENUNCIA": "DENUNCIA", "SITUACION_DENUNCIA": "RESUELTA", "TIPO": "PATRIMONIO (DELITO)", "SUBTIPO": "HURTO", "MODALIDAD": "HURTO AGRAVADO EN CASA HABITADA", "FECHA_HECHO": 20240207, "HORA_HECHO": 1924, "UBICACION": "PSJ J MZ D34 LOTE 2 BOCANEGRA ZONA 3 CALLAO", "DESCRIPCION": "BOCANEGRA", "FECHA_NACIMIENTO": 19851224, "EDAD_PERSONA": 38, "SEXO": "FEMENINO", "ESTADO_CIVIL": "SOLTERO(A)", "GRADO_INSTRUCCION": "NO INDICA", "OCUPACION": "ESTUDIANTE", "PAIS_NATAL": "PERU", "LONGITUD": -77.0985553, "LATITUD": -12.0062073, "Año": "2024", "Mes": "02" }, "geometry": { "type": "Point", "coordinates": [ 271511.423476644209586, 8671889.257849484682083 ] } },
{ "type": "Feature", "properties": { "id": "354", "FECHA_CORTE": 20240425, "FECHA_REGISTRO": 20240219, "ID_DOC_DENUNCIA": "a03c4f2b6849f738b0c7215d9f90ec69118d955bf29607a65c2d35cb5bdbf863", "UBIGEO": 70101, "DEPARTAMENTO": "CALLAO", "PROVINCIA": "CALLAO", "DISTRITO": "CALLAO", "TIPO_DE_DENUNCIA": "DENUNCIA", "SITUACION_DENUNCIA": "RESUELTA", "TIPO": "PATRIMONIO (DELITO)", "SUBTIPO": "HURTO", "MODALIDAD": "HURTO", "FECHA_HECHO": 20240218, "HORA_HECHO": 510, "UBICACION": "AV MIRAMAR ALTURA DE LA MZ 6 LT 10 AAHH MARQUEZ CALLAO", "DESCRIPCION": "MARQUEZ", "FECHA_NACIMIENTO": 19810307, "EDAD_PERSONA": 42, "SEXO": "MASCULINO", "ESTADO_CIVIL": "SOLTERO(A)", "GRADO_INSTRUCCION": "NO INDICA", "OCUPACION": "CHOFER", "PAIS_NATAL": "PERU", "LONGITUD": -77.13059512, "LATITUD": -11.94827563, "Año": "2024", "Mes": "02" }, "geometry": { "type": "Point", "coordinates": [ 267972.003107101889327, 8678272.48979221470654 ] } },
{ "type": "Feature", "properties": { "id": "355", "FECHA_CORTE": 20240425, "FECHA_REGISTRO": 20240202, "ID_DOC_DENUNCIA": "708d152f48460754ab976e31afab02ea1ae624cdadda90067c1b090028de36c3", "UBIGEO": 70101, "DEPARTAMENTO": "CALLAO", "PROVINCIA": "CALLAO", "DISTRITO": "CALLAO", "TIPO_DE_DENUNCIA": "DENUNCIA", "SITUACION_DENUNCIA": "RESUELTA", "TIPO": "PATRIMONIO (DELITO)", "SUBTIPO": "HURTO", "MODALIDAD": "HURTO DE VEHICULO", "FECHA_HECHO": 20240202, "HORA_HECHO": 1350, "UBICACION": "AV  DOMINICOS Y BOCANEGRA CALLAO", "DESCRIPCION": "JUAN INGUNZA VALDIVIA", "FECHA_NACIMIENTO": 19900120, "EDAD_PERSONA": 34, "SEXO": "MASCULINO", "ESTADO_CIVIL": "SOLTERO(A)", "GRADO_INSTRUCCION": "NO INDICA", "OCUPACION": "NO INDICA", "PAIS_NATAL": "PERU", "LONGITUD": -77.0991762, "LATITUD": -12.0065048, "Año": "2024", "Mes": "02" }, "geometry": { "type": "Point", "coordinates": [ 271444.043678911868483, 8671855.824963187798858 ] } },
{ "type": "Feature", "properties": { "id": "356", "FECHA_CORTE": 20240425, "FECHA_REGISTRO": 20240202, "ID_DOC_DENUNCIA": "ad8cac4cac6cd16de6925a7ebbf6a2db38c0d1edabcfa031e4ffabccd168d522", "UBIGEO": 70101, "DEPARTAMENTO": "CALLAO", "PROVINCIA": "CALLAO", "DISTRITO": "CALLAO", "TIPO_DE_DENUNCIA": "DENUNCIA", "SITUACION_DENUNCIA": "RESUELTA", "TIPO": "PATRIMONIO (DELITO)", "SUBTIPO": "HURTO", "MODALIDAD": "HURTO DE VEHICULO", "FECHA_HECHO": 20240202, "HORA_HECHO": 1350, "UBICACION": "AV DOMINICOS CON BANANEGRA CALLAO", "DESCRIPCION": "JUAN INGUNZA VALDIVIA", "FECHA_NACIMIENTO": 19900120, "EDAD_PERSONA": 34, "SEXO": "MASCULINO", "ESTADO_CIVIL": "SOLTERO(A)", "GRADO_INSTRUCCION": "NO INDICA", "OCUPACION": "NO INDICA", "PAIS_NATAL": "PERU", "LONGITUD": -77.0991762, "LATITUD": -12.0065048, "Año": "2024", "Mes": "02" }, "geometry": { "type": "Point", "coordinates": [ 271444.043678911868483, 8671855.824963187798858 ] } },
{ "type": "Feature", "properties": { "id": "357", "FECHA_CORTE": 20240425, "FECHA_REGISTRO": 20240203, "ID_DOC_DENUNCIA": "73deae3165eacb556c244cdb162837c16ff7ac17fe4110a1d1b1243ba345115a", "UBIGEO": 70101, "DEPARTAMENTO": "CALLAO", "PROVINCIA": "CALLAO", "DISTRITO": "CALLAO", "TIPO_DE_DENUNCIA": "ACTA DE DENUNCIA VERBAL", "SITUACION_DENUNCIA": "RESUELTA", "TIPO": "PATRIMONIO (DELITO)", "SUBTIPO": "ROBO", "MODALIDAD": "ROBO", "FECHA_HECHO": 20240202, "HORA_HECHO": 2300, "UBICACION": "PARQUE HEROES DEL CENEPA  C. 3 MZ H LT 28  CALLAO 07031  PERU", "DESCRIPCION": "SARITA COLONIA", "FECHA_NACIMIENTO": 19920825, "EDAD_PERSONA": 31, "SEXO": "MASCULINO", "ESTADO_CIVIL": "SOLTERO(A)", "GRADO_INSTRUCCION": "NO INDICA", "OCUPACION": "NO INDICA", "PAIS_NATAL": "PERU", "LONGITUD": -77.13050876, "LATITUD": -12.04000304, "Año": "2024", "Mes": "02" }, "geometry": { "type": "Point", "coordinates": [ 268059.877411975641735, 8668123.076116340234876 ] } },
{ "type": "Feature", "properties": { "id": "358", "FECHA_CORTE": 20240425, "FECHA_REGISTRO": 20240227, "ID_DOC_DENUNCIA": "f717e3b7e2c87189be307d9a5c9886d75f86a65b2e508d0495a55ed71f50469b", "UBIGEO": 70101, "DEPARTAMENTO": "CALLAO", "PROVINCIA": "CALLAO", "DISTRITO": "CALLAO", "TIPO_DE_DENUNCIA": "DENUNCIA", "SITUACION_DENUNCIA": "PENDIENTE", "TIPO": "PATRIMONIO (DELITO)", "SUBTIPO": "ROBO", "MODALIDAD": "ROBO AGRAVADO", "FECHA_HECHO": 20240227, "HORA_HECHO": 1620, "UBICACION": "ARGENTINA CRUCE CON LA AVENIDA RAMON CARCAMO", "DESCRIPCION": "DEPINCRI CALLAO/LA PUNTA", "FECHA_NACIMIENTO": 19761028, "EDAD_PERSONA": 47, "SEXO": "FEMENINO", "ESTADO_CIVIL": "SOLTERO(A)", "GRADO_INSTRUCCION": "NO INDICA", "OCUPACION": "NO INDICA", "PAIS_NATAL": "PERU", "LONGITUD": -77.12682115, "LATITUD": -12.05194031, "Año": "2024", "Mes": "02" }, "geometry": { "type": "Point", "coordinates": [ 268471.73982273763977, 8666805.349592007696629 ] } },
{ "type": "Feature", "properties": { "id": "360", "FECHA_CORTE": 20240425, "FECHA_REGISTRO": 20240218, "ID_DOC_DENUNCIA": "c36b159737af035600a5c0c2b76a6d4e5b7204d4e8776163b6d31de98055d63d", "UBIGEO": 70101, "DEPARTAMENTO": "CALLAO", "PROVINCIA": "CALLAO", "DISTRITO": "CALLAO", "TIPO_DE_DENUNCIA": "DENUNCIA", "SITUACION_DENUNCIA": "RESUELTA", "TIPO": "PATRIMONIO (DELITO)", "SUBTIPO": "HURTO", "MODALIDAD": "HURTO DE VEHICULO", "FECHA_HECHO": 20240218, "HORA_HECHO": 900, "UBICACION": "AV. NESTOR GAMBETA KM. 7 OQUENDO CALLAO (REF. TERMINAL PESQUERO)", "DESCRIPCION": "OQUENDO", "FECHA_NACIMIENTO": 19750226, "EDAD_PERSONA": 48, "SEXO": "MASCULINO", "ESTADO_CIVIL": "SOLTERO(A)", "GRADO_INSTRUCCION": "NO INDICA", "OCUPACION": "NO INDICA", "PAIS_NATAL": "PERU", "LONGITUD": -77.12371292, "LATITUD": -11.98003165, "Año": "2024", "Mes": "02" }, "geometry": { "type": "Point", "coordinates": [ 268748.822377441567369, 8674764.525238243862987 ] } },
{ "type": "Feature", "properties": { "id": "361", "FECHA_CORTE": 20240425, "FECHA_REGISTRO": 20240214, "ID_DOC_DENUNCIA": "46f63706816ee87de6d0644ea2278d351f81a25bf5cf24d40e3211e05faee5e9", "UBIGEO": 70101, "DEPARTAMENTO": "CALLAO", "PROVINCIA": "CALLAO", "DISTRITO": "CALLAO", "TIPO_DE_DENUNCIA": "DENUNCIA", "SITUACION_DENUNCIA": "PENDIENTE", "TIPO": "PATRIMONIO (DELITO)", "SUBTIPO": "ROBO", "MODALIDAD": "ROBO AGRAVADO", "FECHA_HECHO": 20240214, "HORA_HECHO": 1055, "UBICACION": "AV ALEJANDRO BERTELLO URB SANTA ROSA CALLE TULUPANES CALLAO", "DESCRIPCION": "JUAN INGUNZA VALDIVIA", "FECHA_NACIMIENTO": 19750405, "EDAD_PERSONA": 48, "SEXO": "MASCULINO", "ESTADO_CIVIL": "SOLTERO(A)", "GRADO_INSTRUCCION": "NO INDICA", "OCUPACION": "EMPLEADO", "PAIS_NATAL": "PERU", "LONGITUD": -77.1104022, "LATITUD": -12.0437768, "Año": "2024", "Mes": "02" }, "geometry": { "type": "Point", "coordinates": [ 270252.924351133173332, 8667722.432680211961269 ] } },
{ "type": "Feature", "properties": { "id": "362", "FECHA_CORTE": 20240425, "FECHA_REGISTRO": 20240206, "ID_DOC_DENUNCIA": "d987abfe9ae52a40251546b3f5013a59a156b0f624c8a4637c6c1fa7dea87341", "UBIGEO": 70101, "DEPARTAMENTO": "CALLAO", "PROVINCIA": "CALLAO", "DISTRITO": "CALLAO", "TIPO_DE_DENUNCIA": "DENUNCIA", "SITUACION_DENUNCIA": "RESUELTA", "TIPO": "PATRIMONIO (DELITO)", "SUBTIPO": "ROBO", "MODALIDAD": "ROBO AGRAVADO", "FECHA_HECHO": 20240206, "HORA_HECHO": 0, "UBICACION": "WVWH+WJ9  GERANIOS  LIMA 07001  PERU", "DESCRIPCION": "RAMON CASTILLA", "FECHA_NACIMIENTO": 19720812, "EDAD_PERSONA": 51, "SEXO": "FEMENINO", "ESTADO_CIVIL": "SOLTERO(A)", "GRADO_INSTRUCCION": "NO INDICA", "OCUPACION": "OBRERO", "PAIS_NATAL": "PERU", "LONGITUD": -77.1208772, "LATITUD": -12.0527012, "Año": "2024", "Mes": "02" }, "geometry": { "type": "Point", "coordinates": [ 269119.728336568397935, 8666726.171135818585753 ] } },
{ "type": "Feature", "properties": { "id": "363", "FECHA_CORTE": 20240425, "FECHA_REGISTRO": 20240226, "ID_DOC_DENUNCIA": "26ebee23ec9241744eb1d6fefc9d2ae1f7c5c28f77af374250f6302478ccbf40", "UBIGEO": 70101, "DEPARTAMENTO": "CALLAO", "PROVINCIA": "CALLAO", "DISTRITO": "CALLAO", "TIPO_DE_DENUNCIA": "DENUNCIA", "SITUACION_DENUNCIA": "PENDIENTE", "TIPO": "PATRIMONIO (DELITO)", "SUBTIPO": "ROBO", "MODALIDAD": "ROBO AGRAVADO", "FECHA_HECHO": 20240223, "HORA_HECHO": 1800, "UBICACION": "JR CHACHAPOYAS CON EL JR SANTA FE", "DESCRIPCION": "CALLAO", "FECHA_NACIMIENTO": 19870411, "EDAD_PERSONA": 36, "SEXO": "FEMENINO", "ESTADO_CIVIL": "SOLTERO(A)", "GRADO_INSTRUCCION": "NO INDICA", "OCUPACION": "NO INDICA", "PAIS_NATAL": "PERU", "LONGITUD": -77.1268417, "LATITUD": -12.055358, "Año": "2024", "Mes": "02" }, "geometry": { "type": "Point", "coordinates": [ 268472.434575742576271, 8666427.169936599209905 ] } },
{ "type": "Feature", "properties": { "id": "364", "FECHA_CORTE": 20240425, "FECHA_REGISTRO": 20240203, "ID_DOC_DENUNCIA": "20cfa154403c3b38abdbfecb5c36659893d70e017e96c46349c974fd26479c6a", "UBIGEO": 70101, "DEPARTAMENTO": "CALLAO", "PROVINCIA": "CALLAO", "DISTRITO": "CALLAO", "TIPO_DE_DENUNCIA": "DENUNCIA", "SITUACION_DENUNCIA": "RESUELTA", "TIPO": "PATRIMONIO (DELITO)", "SUBTIPO": "ROBO", "MODALIDAD": "ROBO", "FECHA_HECHO": 20240203, "HORA_HECHO": 300, "UBICACION": "AV NESTOR GAMBETTA TERMINAL PESQUERO CALLAO", "DESCRIPCION": "SARITA COLONIA", "FECHA_NACIMIENTO": 19800818, "EDAD_PERSONA": 43, "SEXO": "MASCULINO", "ESTADO_CIVIL": "SOLTERO(A)", "GRADO_INSTRUCCION": "NO INDICA", "OCUPACION": "NO INDICA", "PAIS_NATAL": "PERU", "LONGITUD": -77.12802897, "LATITUD": -11.98838331, "Año": "2024", "Mes": "02" }, "geometry": { "type": "Point", "coordinates": [ 268285.778863355400972, 8673836.807032577693462 ] } },
{ "type": "Feature", "properties": { "id": "365", "FECHA_CORTE": 20240425, "FECHA_REGISTRO": 20240215, "ID_DOC_DENUNCIA": "35706af1c4a37594310004bd774305e33695e1a83b9bdab5a52183b4cadc1a28", "UBIGEO": 70101, "DEPARTAMENTO": "CALLAO", "PROVINCIA": "CALLAO", "DISTRITO": "CALLAO", "TIPO_DE_DENUNCIA": "DENUNCIA", "SITUACION_DENUNCIA": "RESUELTA", "TIPO": "PATRIMONIO (DELITO)", "SUBTIPO": "HURTO", "MODALIDAD": "HURTO DE VEHICULO", "FECHA_HECHO": 20240215, "HORA_HECHO": 300, "UBICACION": "MZ. N LOTE 25 URB. VILLAS DE OQUENDO CALLAO (REF. FRENTE DE LA CARPINTERIA PADILLA)", "DESCRIPCION": "OQUENDO", "FECHA_NACIMIENTO": 19840503, "EDAD_PERSONA": 39, "SEXO": "MASCULINO", "ESTADO_CIVIL": "SOLTERO(A)", "GRADO_INSTRUCCION": "NO INDICA", "OCUPACION": "NO INDICA", "PAIS_NATAL": "PERU", "LONGITUD": -77.11864785, "LATITUD": -11.98151441, "Año": "2024", "Mes": "02" }, "geometry": { "type": "Point", "coordinates": [ 269301.849583768867888, 8674604.703675914555788 ] } },
{ "type": "Feature", "properties": { "id": "373", "FECHA_CORTE": 20240425, "FECHA_REGISTRO": 20240219, "ID_DOC_DENUNCIA": "f26b15b2c99fdde886bcf6635f3d19ea3c37bb2a72ef43434aa4687c0b77fe02", "UBIGEO": 70101, "DEPARTAMENTO": "CALLAO", "PROVINCIA": "CALLAO", "DISTRITO": "CALLAO", "TIPO_DE_DENUNCIA": "DENUNCIA", "SITUACION_DENUNCIA": "PENDIENTE", "TIPO": "PATRIMONIO (DELITO)", "SUBTIPO": "ROBO", "MODALIDAD": "ROBO AGRAVADO", "FECHA_HECHO": 20240214, "HORA_HECHO": 2300, "UBICACION": "AV PERU CON AV OMICRON", "DESCRIPCION": "BOCANEGRA", "FECHA_NACIMIENTO": 19791214, "EDAD_PERSONA": 44, "SEXO": "FEMENINO", "ESTADO_CIVIL": "SOLTERO(A)", "GRADO_INSTRUCCION": "NO INDICA", "OCUPACION": "NO INDICA", "PAIS_NATAL": "PERU", "LONGITUD": -77.0982581, "LATITUD": -12.0260526, "Año": "2024", "Mes": "02" }, "geometry": { "type": "Point", "coordinates": [ 271560.54438190208748, 8669693.693969093263149 ] } },
{ "type": "Feature", "properties": { "id": "374", "FECHA_CORTE": 20240425, "FECHA_REGISTRO": 20240202, "ID_DOC_DENUNCIA": "2ce3069c96a731f6424473c091e921568947c67af2cdb9169238b9cf4cc3058b", "UBIGEO": 70101, "DEPARTAMENTO": "CALLAO", "PROVINCIA": "CALLAO", "DISTRITO": "CALLAO", "TIPO_DE_DENUNCIA": "ACTA DE DENUNCIA VERBAL", "SITUACION_DENUNCIA": "RESUELTA", "TIPO": "PATRIMONIO (DELITO)", "SUBTIPO": "ROBO", "MODALIDAD": "ROBO", "FECHA_HECHO": 20240202, "HORA_HECHO": 1200, "UBICACION": "AV NESTOR GAMBETTA 4783 OVALO 200 MILLAS CALLAO", "DESCRIPCION": "SARITA COLONIA", "FECHA_NACIMIENTO": 19800111, "EDAD_PERSONA": 44, "SEXO": "MASCULINO", "ESTADO_CIVIL": "SOLTERO(A)", "GRADO_INSTRUCCION": "NO INDICA", "OCUPACION": "INDEPENDIENTE", "PAIS_NATAL": "PERU", "LONGITUD": -77.1273708, "LATITUD": -12.0017564, "Año": "2024", "Mes": "02" }, "geometry": { "type": "Point", "coordinates": [ 268368.898782628588378, 8672357.652729507535696 ] } },
{ "type": "Feature", "properties": { "id": "375", "FECHA_CORTE": 20240425, "FECHA_REGISTRO": 20240216, "ID_DOC_DENUNCIA": "25fb42e4791294c432abaa371862294b6346d58c4ea54d76487720b3708d823e", "UBIGEO": 70101, "DEPARTAMENTO": "CALLAO", "PROVINCIA": "CALLAO", "DISTRITO": "CALLAO", "TIPO_DE_DENUNCIA": "DENUNCIA", "SITUACION_DENUNCIA": "RESUELTA", "TIPO": "PATRIMONIO (DELITO)", "SUBTIPO": "ROBO", "MODALIDAD": "ROBO", "FECHA_HECHO": 20240215, "HORA_HECHO": 2000, "UBICACION": "AV ARGENTINA REF PASANDO EL OVALO CENTENARIO", "DESCRIPCION": "RAMON CASTILLA", "FECHA_NACIMIENTO": 19750625, "EDAD_PERSONA": 48, "SEXO": "MASCULINO", "ESTADO_CIVIL": "SOLTERO(A)", "GRADO_INSTRUCCION": "NO INDICA", "OCUPACION": "NO INDICA", "PAIS_NATAL": "PERU", "LONGITUD": -77.12280072, "LATITUD": -12.05168292, "Año": "2024", "Mes": "02" }, "geometry": { "type": "Point", "coordinates": [ 268909.372435881057754, 8666837.221340272575617 ] } },
{ "type": "Feature", "properties": { "id": "376", "FECHA_CORTE": 20240425, "FECHA_REGISTRO": 20240205, "ID_DOC_DENUNCIA": "923cb00dcedbbf4eda74e3734d1f7abbb963eea877a31eb445267461ddb77ee0", "UBIGEO": 70101, "DEPARTAMENTO": "CALLAO", "PROVINCIA": "CALLAO", "DISTRITO": "CALLAO", "TIPO_DE_DENUNCIA": "ACTA DE DENUNCIA VERBAL", "SITUACION_DENUNCIA": "RESUELTA", "TIPO": "PATRIMONIO (DELITO)", "SUBTIPO": "ROBO", "MODALIDAD": "ROBO", "FECHA_HECHO": 20240105, "HORA_HECHO": 2100, "UBICACION": "AV. NESTOR GAMBETTA SN CALLAO", "DESCRIPCION": "SARITA COLONIA", "FECHA_NACIMIENTO": 19840812, "EDAD_PERSONA": 39, "SEXO": "FEMENINO", "ESTADO_CIVIL": "SOLTERO(A)", "GRADO_INSTRUCCION": "NO INDICA", "OCUPACION": "AMA DE CASA", "PAIS_NATAL": "PERU", "LONGITUD": -77.1281998, "LATITUD": -11.99435023, "Año": "2024", "Mes": "02" }, "geometry": { "type": "Point", "coordinates": [ 268272.267379900324158, 8673176.434594865888357 ] } },
{ "type": "Feature", "properties": { "id": "388", "FECHA_CORTE": 20240425, "FECHA_REGISTRO": 20240203, "ID_DOC_DENUNCIA": "385af760162ac442b74a4751154f41611f044348bf3a2293e92f38707e481036", "UBIGEO": 70101, "DEPARTAMENTO": "CALLAO", "PROVINCIA": "CALLAO", "DISTRITO": "CALLAO", "TIPO_DE_DENUNCIA": "ACTA DE DENUNCIA VERBAL", "SITUACION_DENUNCIA": "RESUELTA", "TIPO": "PATRIMONIO (DELITO)", "SUBTIPO": "ROBO", "MODALIDAD": "ROBO", "FECHA_HECHO": 20240203, "HORA_HECHO": 300, "UBICACION": "AV NESTOR GAMBETA ALTURA DEL OVALO 200 MILLAS CALLAO", "DESCRIPCION": "SARITA COLONIA", "FECHA_NACIMIENTO": 19830708, "EDAD_PERSONA": 40, "SEXO": "MASCULINO", "ESTADO_CIVIL": "SOLTERO(A)", "GRADO_INSTRUCCION": "NO INDICA", "OCUPACION": "NO INDICA", "PAIS_NATAL": "PERU", "LONGITUD": -77.13032992, "LATITUD": -11.99413766, "Año": "2024", "Mes": "02" }, "geometry": { "type": "Point", "coordinates": [ 268040.050449049682356, 8673198.162269907072186 ] } },
{ "type": "Feature", "properties": { "id": "389", "FECHA_CORTE": 20240425, "FECHA_REGISTRO": 20240221, "ID_DOC_DENUNCIA": "47281a8564ae1a1faea67eb1d7a9035405ec849618e85a9c6b1727c027d0f8c8", "UBIGEO": 70101, "DEPARTAMENTO": "CALLAO", "PROVINCIA": "CALLAO", "DISTRITO": "CALLAO", "TIPO_DE_DENUNCIA": "DENUNCIA", "SITUACION_DENUNCIA": "PENDIENTE", "TIPO": "PATRIMONIO (DELITO)", "SUBTIPO": "ROBO", "MODALIDAD": "ROBO AGRAVADO", "FECHA_HECHO": 20240221, "HORA_HECHO": 1310, "UBICACION": "EL JR. IQUITOS CON INTERSECCION A LA CALLE TALARA", "DESCRIPCION": "DULANTO", "FECHA_NACIMIENTO": 19890614, "EDAD_PERSONA": 34, "SEXO": "FEMENINO", "ESTADO_CIVIL": "SOLTERO(A)", "GRADO_INSTRUCCION": "NO INDICA", "OCUPACION": "COCINERO", "PAIS_NATAL": "PERU", "LONGITUD": -77.1237807, "LATITUD": -12.043843, "Año": "2024", "Mes": "02" }, "geometry": { "type": "Point", "coordinates": [ 268795.931064352276735, 8667703.86870882473886 ] } },
{ "type": "Feature", "properties": { "id": "390", "FECHA_CORTE": 20240425, "FECHA_REGISTRO": 20240205, "ID_DOC_DENUNCIA": "34a88758e8150c4a032513360dae03c4c6674d6d90ebe612990a537a8c914038", "UBIGEO": 70101, "DEPARTAMENTO": "CALLAO", "PROVINCIA": "CALLAO", "DISTRITO": "CALLAO", "TIPO_DE_DENUNCIA": "DENUNCIA", "SITUACION_DENUNCIA": "RESUELTA", "TIPO": "PATRIMONIO (DELITO)", "SUBTIPO": "ROBO", "MODALIDAD": "ROBO AGRAVADO", "FECHA_HECHO": 20240205, "HORA_HECHO": 230, "UBICACION": "A LA ALTURA DE LA INTERSECCION DE LA AV. ALFREDO PALACIOS CON EL JR. ASERETO CALLAO", "DESCRIPCION": "CALLAO", "FECHA_NACIMIENTO": 19760503, "EDAD_PERSONA": 47, "SEXO": "MASCULINO", "ESTADO_CIVIL": "SOLTERO(A)", "GRADO_INSTRUCCION": "NO INDICA", "OCUPACION": "TRABAJO INDEPENDIENT", "PAIS_NATAL": "PERU", "LONGITUD": -77.12525474, "LATITUD": -12.05145766, "Año": "2024", "Mes": "02" }, "geometry": { "type": "Point", "coordinates": [ 268641.919188268715516, 8666860.07636852003634 ] } },
{ "type": "Feature", "properties": { "id": "391", "FECHA_CORTE": 20240425, "FECHA_REGISTRO": 20240217, "ID_DOC_DENUNCIA": "9146a2d951008919c66eae9023c258616a7e119204ea9c36c044e5650b0d54ee", "UBIGEO": 70101, "DEPARTAMENTO": "CALLAO", "PROVINCIA": "CALLAO", "DISTRITO": "CALLAO", "TIPO_DE_DENUNCIA": "DENUNCIA", "SITUACION_DENUNCIA": "PENDIENTE", "TIPO": "PATRIMONIO (DELITO)", "SUBTIPO": "HURTO", "MODALIDAD": "HURTO DE VEHICULO", "FECHA_HECHO": 20240217, "HORA_HECHO": 1100, "UBICACION": "PASAJE ALFARO MZH4 LT 21 PUERTO NUEVO CALLAO", "DESCRIPCION": "DEPROVE - CALLAO", "FECHA_NACIMIENTO": 19870523, "EDAD_PERSONA": 36, "SEXO": "FEMENINO", "ESTADO_CIVIL": "SOLTERO(A)", "GRADO_INSTRUCCION": "NO INDICA", "OCUPACION": "OBRERO", "PAIS_NATAL": "PERU", "LONGITUD": -77.10595608, "LATITUD": -12.01144653, "Año": "2024", "Mes": "02" }, "geometry": { "type": "Point", "coordinates": [ 270709.736130789620802, 8671303.39815254881978 ] } },
{ "type": "Feature", "properties": { "id": "392", "FECHA_CORTE": 20240425, "FECHA_REGISTRO": 20240204, "ID_DOC_DENUNCIA": "3ad129832ffaada25080d3a0dd48d9497a745e92d83e2d67253714100f5dae18", "UBIGEO": 70101, "DEPARTAMENTO": "CALLAO", "PROVINCIA": "CALLAO", "DISTRITO": "CALLAO", "TIPO_DE_DENUNCIA": "DENUNCIA", "SITUACION_DENUNCIA": "RESUELTA", "TIPO": "PATRIMONIO (DELITO)", "SUBTIPO": "HURTO", "MODALIDAD": "HURTO DE CELULAR", "FECHA_HECHO": 20240204, "HORA_HECHO": 600, "UBICACION": "GRIFO REPSOL DE LA AV. DOMINICOS CRUCE CON AV. TOMAS VALLE", "DESCRIPCION": "BOCANEGRA", "FECHA_NACIMIENTO": 19890203, "EDAD_PERSONA": 35, "SEXO": "MASCULINO", "ESTADO_CIVIL": "SOLTERO(A)", "GRADO_INSTRUCCION": "NO INDICA", "OCUPACION": "OBRERO", "PAIS_NATAL": "PERU", "LONGITUD": -77.10428238, "LATITUD": -12.01161443, "Año": "2024", "Mes": "02" }, "geometry": { "type": "Point", "coordinates": [ 270892.181086755823344, 8671286.2151132337749 ] } },
{ "type": "Feature", "properties": { "id": "396", "FECHA_CORTE": 20240425, "FECHA_REGISTRO": 20240202, "ID_DOC_DENUNCIA": "34fe74f39b9740a1d8727ecad8489e07c7a33062c9edb6211b4288a40b7370f9", "UBIGEO": 70101, "DEPARTAMENTO": "CALLAO", "PROVINCIA": "CALLAO", "DISTRITO": "CALLAO", "TIPO_DE_DENUNCIA": "ACTA DE DENUNCIA VERBAL", "SITUACION_DENUNCIA": "RESUELTA", "TIPO": "PATRIMONIO (DELITO)", "SUBTIPO": "ROBO", "MODALIDAD": "ROBO", "FECHA_HECHO": 20240202, "HORA_HECHO": 600, "UBICACION": "AV. EL EMISOR 3421  CALLAO 07046  PERU", "DESCRIPCION": "SARITA COLONIA", "FECHA_NACIMIENTO": 19890626, "EDAD_PERSONA": 34, "SEXO": "MASCULINO", "ESTADO_CIVIL": "SOLTERO(A)", "GRADO_INSTRUCCION": "NO INDICA", "OCUPACION": "CHOFER", "PAIS_NATAL": "PERU", "LONGITUD": -77.1307184, "LATITUD": -12.02469814, "Año": "2024", "Mes": "02" }, "geometry": { "type": "Point", "coordinates": [ 268023.910515402851161, 8669816.364974871277809 ] } },
{ "type": "Feature", "properties": { "id": "397", "FECHA_CORTE": 20240425, "FECHA_REGISTRO": 20240215, "ID_DOC_DENUNCIA": "86dc208e89882440d51c79180bf3da0fe5b60ae1eabbbc5220cbb259dc966cee", "UBIGEO": 70101, "DEPARTAMENTO": "CALLAO", "PROVINCIA": "CALLAO", "DISTRITO": "CALLAO", "TIPO_DE_DENUNCIA": "DENUNCIA", "SITUACION_DENUNCIA": "PENDIENTE", "TIPO": "PATRIMONIO (DELITO)", "SUBTIPO": "HURTO", "MODALIDAD": "HURTO AGRAVADO", "FECHA_HECHO": 20240215, "HORA_HECHO": 630, "UBICACION": "JR. VIGIL PRIMERA CUADRA CALLAO", "DESCRIPCION": "CALLAO", "FECHA_NACIMIENTO": 19650322, "EDAD_PERSONA": 58, "SEXO": "MASCULINO", "ESTADO_CIVIL": "SOLTERO(A)", "GRADO_INSTRUCCION": "NO INDICA", "OCUPACION": "MARINO EN RETIRO", "PAIS_NATAL": "PERU", "LONGITUD": -77.10720013, "LATITUD": -12.03649214, "Año": "2024", "Mes": "02" }, "geometry": { "type": "Point", "coordinates": [ 270595.473067479848396, 8668531.138834843412042 ] } },
{ "type": "Feature", "properties": { "id": "398", "FECHA_CORTE": 20240425, "FECHA_REGISTRO": 20240228, "ID_DOC_DENUNCIA": "2bd3a98a6ed2509ddbe8e435642eaae0260e170d911949dada448cc85053f725", "UBIGEO": 70101, "DEPARTAMENTO": "CALLAO", "PROVINCIA": "CALLAO", "DISTRITO": "CALLAO", "TIPO_DE_DENUNCIA": "DENUNCIA", "SITUACION_DENUNCIA": "PENDIENTE", "TIPO": "PATRIMONIO (DELITO)", "SUBTIPO": "HURTO", "MODALIDAD": "HURTO AGRAVADO", "FECHA_HECHO": 20240228, "HORA_HECHO": 1315, "UBICACION": "CUADRA 8 AV DOMINICOS ALTURA INTERSECCION AV DOMINICOS CON CALLE 12  INMEDIACIONES DEL CHIFA ALEGRIA", "DESCRIPCION": "JUAN INGUNZA VALDIVIA", "FECHA_NACIMIENTO": 19931121, "EDAD_PERSONA": 30, "SEXO": "FEMENINO", "ESTADO_CIVIL": "SOLTERO(A)", "GRADO_INSTRUCCION": "NO INDICA", "OCUPACION": "NO INDICA", "PAIS_NATAL": "PERU", "LONGITUD": -77.12563025, "LATITUD": -12.05097501, "Año": "2024", "Mes": "02" }, "geometry": { "type": "Point", "coordinates": [ 268600.609572560584638, 8666913.163927787914872 ] } },
{ "type": "Feature", "properties": { "id": "399", "FECHA_CORTE": 20240425, "FECHA_REGISTRO": 20240220, "ID_DOC_DENUNCIA": "33f439453ea1462a39e013d372e5c20ec0445ffe4fa3ea3b7daff840827575af", "UBIGEO": 70101, "DEPARTAMENTO": "CALLAO", "PROVINCIA": "CALLAO", "DISTRITO": "CALLAO", "TIPO_DE_DENUNCIA": "ACTA DE DENUNCIA VERBAL", "SITUACION_DENUNCIA": "RESUELTA", "TIPO": "PATRIMONIO (DELITO)", "SUBTIPO": "HURTO", "MODALIDAD": "HURTO", "FECHA_HECHO": 20240219, "HORA_HECHO": 900, "UBICACION": "AV. NESTOR GAMBETTA 115  CALLAO 07001  PERU", "DESCRIPCION": "CIUDADELA CHALACA", "FECHA_NACIMIENTO": 19800406, "EDAD_PERSONA": 43, "SEXO": "MASCULINO", "ESTADO_CIVIL": "SOLTERO(A)", "GRADO_INSTRUCCION": "NO INDICA", "OCUPACION": "CONDUCTOR", "PAIS_NATAL": "PERU", "LONGITUD": -77.1259682, "LATITUD": -12.05055347, "Año": "2024", "Mes": "02" }, "geometry": { "type": "Point", "coordinates": [ 268563.442794700968079, 8666959.521430727094412 ] } },
{ "type": "Feature", "properties": { "id": "404", "FECHA_CORTE": 20240425, "FECHA_REGISTRO": 20240210, "ID_DOC_DENUNCIA": "dc5dbe8f386dcb5a52e0c07876116570b708c73229efef4286b99fe4291e6079", "UBIGEO": 70101, "DEPARTAMENTO": "CALLAO", "PROVINCIA": "CALLAO", "DISTRITO": "CALLAO", "TIPO_DE_DENUNCIA": "ACTA DE INTERVENCION", "SITUACION_DENUNCIA": "PENDIENTE", "TIPO": "PATRIMONIO (DELITO)", "SUBTIPO": "HURTO", "MODALIDAD": "HURTO AGRAVADO DURANTE LA NOCHE", "FECHA_HECHO": 20240208, "HORA_HECHO": 2131, "UBICACION": "INTERSECCION DE LA AV REPUBLICA DE PANAMA Y JR ILO CALLAO", "DESCRIPCION": "DEPINCRI CALLAO/LA PUNTA", "FECHA_NACIMIENTO": 19990419, "EDAD_PERSONA": 24, "SEXO": "MASCULINO", "ESTADO_CIVIL": "SOLTERO(A)", "GRADO_INSTRUCCION": "NO INDICA", "OCUPACION": "RECICLADOR", "PAIS_NATAL": "PERU", "LONGITUD": -77.1003323, "LATITUD": -12.0516996, "Año": "2024", "Mes": "02" }, "geometry": { "type": "Point", "coordinates": [ 271356.33825729804812, 8666854.213360019028187 ] } },
{ "type": "Feature", "properties": { "id": "406", "FECHA_CORTE": 20240425, "FECHA_REGISTRO": 20240212, "ID_DOC_DENUNCIA": "8a4660e26e06e69a6848e48fdd40bea3dcb48e04d18e5b951f25d319e95b46bc", "UBIGEO": 70101, "DEPARTAMENTO": "CALLAO", "PROVINCIA": "CALLAO", "DISTRITO": "CALLAO", "TIPO_DE_DENUNCIA": "DENUNCIA", "SITUACION_DENUNCIA": "RESUELTA", "TIPO": "PATRIMONIO (DELITO)", "SUBTIPO": "ROBO", "MODALIDAD": "ROBO AGRAVADO A MANO ARMADA", "FECHA_HECHO": 20240212, "HORA_HECHO": 1330, "UBICACION": "AV ARGENTINA 3857 CALLAO", "DESCRIPCION": "LA LEGUA", "FECHA_NACIMIENTO": 19870106, "EDAD_PERSONA": 37, "SEXO": "MASCULINO", "ESTADO_CIVIL": "SOLTERO(A)", "GRADO_INSTRUCCION": "NO INDICA", "OCUPACION": "NO INDICA", "PAIS_NATAL": "PERU", "LONGITUD": -77.1044676, "LATITUD": -12.0489211, "Año": "2024", "Mes": "02" }, "geometry": { "type": "Point", "coordinates": [ 270903.622137583734002, 8667158.194130202755332 ] } },
{ "type": "Feature", "properties": { "id": "416", "FECHA_CORTE": 20240425, "FECHA_REGISTRO": 20240226, "ID_DOC_DENUNCIA": "fbc72f508ab883b292431430ebb703403465ad1fed16e5c03bc056b7240c2f0a", "UBIGEO": 70104, "DEPARTAMENTO": "CALLAO", "PROVINCIA": "CALLAO", "DISTRITO": "LA PERLA", "TIPO_DE_DENUNCIA": "DENUNCIA", "SITUACION_DENUNCIA": "RESUELTA", "TIPO": "PATRIMONIO (DELITO)", "SUBTIPO": "HURTO", "MODALIDAD": "HURTO AGRAVADO", "FECHA_HECHO": 20240218, "HORA_HECHO": 1900, "UBICACION": "PASAJE ANDRES AVELINO CACERES 225", "DESCRIPCION": "LA PERLA", "FECHA_NACIMIENTO": 19911013, "EDAD_PERSONA": 32, "SEXO": "MASCULINO", "ESTADO_CIVIL": "SOLTERO(A)", "GRADO_INSTRUCCION": "NO INDICA", "OCUPACION": "COBRADOR TRANSPORTE PUBLICO", "PAIS_NATAL": "PERU", "LONGITUD": -77.1123588, "LATITUD": -12.0546569, "Año": "2024", "Mes": "02" }, "geometry": { "type": "Point", "coordinates": [ 270049.101502118632197, 8666516.937257368117571 ] } },
{ "type": "Feature", "properties": { "id": "421", "FECHA_CORTE": 20240425, "FECHA_REGISTRO": 20240216, "ID_DOC_DENUNCIA": "f30ac3ce9ec8bde8bd37e2214b4f4832d2eead9e8bbbca7f200ac8f9f6ee76ed", "UBIGEO": 70101, "DEPARTAMENTO": "CALLAO", "PROVINCIA": "CALLAO", "DISTRITO": "CALLAO", "TIPO_DE_DENUNCIA": "DENUNCIA", "SITUACION_DENUNCIA": "RESUELTA", "TIPO": "PATRIMONIO (DELITO)", "SUBTIPO": "HURTO", "MODALIDAD": "HURTO", "FECHA_HECHO": 20240215, "HORA_HECHO": 1340, "UBICACION": "INTERIOR DE LA MUNICIPALIDAD PROVINCIAL DEL CALLAO", "DESCRIPCION": "CALLAO", "FECHA_NACIMIENTO": 19880703, "EDAD_PERSONA": 35, "SEXO": "MASCULINO", "ESTADO_CIVIL": "SOLTERO(A)", "GRADO_INSTRUCCION": "NO INDICA", "OCUPACION": "NO INDICA", "PAIS_NATAL": "PERU", "LONGITUD": -77.1472614, "LATITUD": -12.063538, "Año": "2024", "Mes": "02" }, "geometry": { "type": "Point", "coordinates": [ 266255.688305309216958, 8665504.721749849617481 ] } },
{ "type": "Feature", "properties": { "id": "424", "FECHA_CORTE": 20240425, "FECHA_REGISTRO": 20240214, "ID_DOC_DENUNCIA": "7dd1691cd61db82ed004def97a44a7394f87cc5cb9faaad05ca34dc2be176bd2", "UBIGEO": 70101, "DEPARTAMENTO": "CALLAO", "PROVINCIA": "CALLAO", "DISTRITO": "CALLAO", "TIPO_DE_DENUNCIA": "ACTA DE INTERVENCION", "SITUACION_DENUNCIA": "PENDIENTE", "TIPO": "PATRIMONIO (DELITO)", "SUBTIPO": "HURTO", "MODALIDAD": "HURTO DE ACCESORIOS Y AUTOPARTES DE VEHICULOS", "FECHA_HECHO": 20240214, "HORA_HECHO": 900, "UBICACION": "FRONTIS DEL INMUEBLE MZ I LOTE 09 URB ALBINO HERRERA 2DA ETAPA CALLAO", "DESCRIPCION": "JUAN INGUNZA VALDIVIA", "FECHA_NACIMIENTO": 19920619, "EDAD_PERSONA": 31, "SEXO": "MASCULINO", "ESTADO_CIVIL": "SOLTERO(A)", "GRADO_INSTRUCCION": "NO INDICA", "OCUPACION": "NO INDICA", "PAIS_NATAL": "PERU", "LONGITUD": -77.1021305, "LATITUD": -12.0087753, "Año": "2024", "Mes": "02" }, "geometry": { "type": "Point", "coordinates": [ 271124.168549148831517, 8671602.146538021042943 ] } },
{ "type": "Feature", "properties": { "id": "426", "FECHA_CORTE": 20240425, "FECHA_REGISTRO": 20240215, "ID_DOC_DENUNCIA": "ad47229b29411363e48f0daacbabc04ae303cca437f66b54d0c1b83c4dbbb4b4", "UBIGEO": 70104, "DEPARTAMENTO": "CALLAO", "PROVINCIA": "CALLAO", "DISTRITO": "LA PERLA", "TIPO_DE_DENUNCIA": "DENUNCIA", "SITUACION_DENUNCIA": "RESUELTA", "TIPO": "PATRIMONIO (DELITO)", "SUBTIPO": "ROBO", "MODALIDAD": "ROBO", "FECHA_HECHO": 20240215, "HORA_HECHO": 830, "UBICACION": "JR AYACUCHO NRO 813 LA PERLA", "DESCRIPCION": "LA PERLA", "FECHA_NACIMIENTO": 19640404, "EDAD_PERSONA": 59, "SEXO": "MASCULINO", "ESTADO_CIVIL": "SOLTERO(A)", "GRADO_INSTRUCCION": "NO INDICA", "OCUPACION": "NO INDICA", "PAIS_NATAL": "PERU", "LONGITUD": -77.11524977000001, "LATITUD": -12.07372989, "Año": "2024", "Mes": "02" }, "geometry": { "type": "Point", "coordinates": [ 269750.551410949788988, 8664404.125577257946134 ] } },
{ "type": "Feature", "properties": { "id": "435", "FECHA_CORTE": 20240425, "FECHA_REGISTRO": 20240220, "ID_DOC_DENUNCIA": "248fca7a59d9a524fa2febdc988547511a7c168342e6507c5d2e6d5bde20ba4f", "UBIGEO": 70104, "DEPARTAMENTO": "CALLAO", "PROVINCIA": "CALLAO", "DISTRITO": "LA PERLA", "TIPO_DE_DENUNCIA": "ACTA DE INTERVENCION", "SITUACION_DENUNCIA": "RESUELTA", "TIPO": "PATRIMONIO (DELITO)", "SUBTIPO": "ROBO", "MODALIDAD": "ROBO", "FECHA_HECHO": 20240220, "HORA_HECHO": 930, "UBICACION": "CALLE LEONCIO PRADO N 952", "DESCRIPCION": "LA PERLA", "FECHA_NACIMIENTO": 19811029, "EDAD_PERSONA": 42, "SEXO": "MASCULINO", "ESTADO_CIVIL": "SOLTERO(A)", "GRADO_INSTRUCCION": "NO INDICA", "OCUPACION": "ESTUDIANTE", "PAIS_NATAL": "PERU", "LONGITUD": -77.1191073, "LATITUD": -12.07375108, "Año": "2024", "Mes": "02" }, "geometry": { "type": "Point", "coordinates": [ 269330.493396528530866, 8664398.532583199441433 ] } },
{ "type": "Feature", "properties": { "id": "437", "FECHA_CORTE": 20240425, "FECHA_REGISTRO": 20240201, "ID_DOC_DENUNCIA": "067e6656444e8175fcbd204bc55ad3b857427600b5ba92c2ee3331991d27231d", "UBIGEO": 70104, "DEPARTAMENTO": "CALLAO", "PROVINCIA": "CALLAO", "DISTRITO": "LA PERLA", "TIPO_DE_DENUNCIA": "OCURRENCIA", "SITUACION_DENUNCIA": "RESUELTA", "TIPO": "PATRIMONIO (DELITO)", "SUBTIPO": "HURTO", "MODALIDAD": "HURTO AGRAVADO", "FECHA_HECHO": 20240131, "HORA_HECHO": 1540, "UBICACION": "JR DOS MAYO FRONTIS DEL INMUEBLE SIGNADO CON NRO 550 LA PERLA CALLAO", "DESCRIPCION": "LA PERLA", "FECHA_NACIMIENTO": 19750515, "EDAD_PERSONA": 48, "SEXO": "MASCULINO", "ESTADO_CIVIL": "SOLTERO(A)", "GRADO_INSTRUCCION": "NO INDICA", "OCUPACION": "NO INDICA", "PAIS_NATAL": "PERU", "LONGITUD": -77.1181053, "LATITUD": -12.0693656, "Año": "2024", "Mes": "02" }, "geometry": { "type": "Point", "coordinates": [ 269435.855705550522543, 8664884.62176077067852 ] } },
{ "type": "Feature", "properties": { "id": "439", "FECHA_CORTE": 20240425, "FECHA_REGISTRO": 20240206, "ID_DOC_DENUNCIA": "7da42e3914168df278ccdd7855bd27dab97722d3f5a287d9c1bfbaba4817b95e", "UBIGEO": 70104, "DEPARTAMENTO": "CALLAO", "PROVINCIA": "CALLAO", "DISTRITO": "LA PERLA", "TIPO_DE_DENUNCIA": "DENUNCIA", "SITUACION_DENUNCIA": "RESUELTA", "TIPO": "PATRIMONIO (DELITO)", "SUBTIPO": "ROBO", "MODALIDAD": "ROBO", "FECHA_HECHO": 20240206, "HORA_HECHO": 1300, "UBICACION": "INTERSECCION DE LA AV JOSE GALVEZ CON EL JR ZARAMULLA LA PERLA CALLAO", "DESCRIPCION": "LA PERLA", "FECHA_NACIMIENTO": 19880308, "EDAD_PERSONA": 35, "SEXO": "MASCULINO", "ESTADO_CIVIL": "SOLTERO(A)", "GRADO_INSTRUCCION": "NO INDICA", "OCUPACION": "AGENTE DE ADUANA", "PAIS_NATAL": "PERU", "LONGITUD": -77.12483366, "LATITUD": -12.06695754, "Año": "2024", "Mes": "02" }, "geometry": { "type": "Point", "coordinates": [ 268701.07208636123687, 8665145.394512994214892 ] } },
{ "type": "Feature", "properties": { "id": "440", "FECHA_CORTE": 20240425, "FECHA_REGISTRO": 20240209, "ID_DOC_DENUNCIA": "326922f2320ac12a84c55c185d601f8aa1213c85a17ba120754f4456eaa266f4", "UBIGEO": 70104, "DEPARTAMENTO": "CALLAO", "PROVINCIA": "CALLAO", "DISTRITO": "LA PERLA", "TIPO_DE_DENUNCIA": "OCURRENCIA", "SITUACION_DENUNCIA": "RESUELTA", "TIPO": "PATRIMONIO (DELITO)", "SUBTIPO": "HURTO", "MODALIDAD": "HURTO", "FECHA_HECHO": 20240208, "HORA_HECHO": 1802, "UBICACION": "CALLE JUAN JOSE PARDO 244 2DO PISO", "DESCRIPCION": "LA PERLA", "FECHA_NACIMIENTO": 19900918, "EDAD_PERSONA": 33, "SEXO": "FEMENINO", "ESTADO_CIVIL": "CASADO(A)", "GRADO_INSTRUCCION": "SECUNDARIA", "OCUPACION": "NO INDICA", "PAIS_NATAL": "PERU", "LONGITUD": -77.1054066, "LATITUD": -12.0657361, "Año": "2024", "Mes": "02" }, "geometry": { "type": "Point", "coordinates": [ 270815.646387940156274, 8665296.878052579239011 ] } },
{ "type": "Feature", "properties": { "id": "442", "FECHA_CORTE": 20240425, "FECHA_REGISTRO": 20240204, "ID_DOC_DENUNCIA": "20b4df55eb14b17ec5f35f5a706334ef2e7fe18f480e97391cd9f5f02a080aa4", "UBIGEO": 70102, "DEPARTAMENTO": "CALLAO", "PROVINCIA": "CALLAO", "DISTRITO": "BELLAVISTA", "TIPO_DE_DENUNCIA": "DENUNCIA", "SITUACION_DENUNCIA": "RESUELTA", "TIPO": "PATRIMONIO (DELITO)", "SUBTIPO": "HURTO", "MODALIDAD": "HURTO", "FECHA_HECHO": 20240204, "HORA_HECHO": 1300, "UBICACION": "MALL BELLAVISTA", "DESCRIPCION": "CIUDAD DEL PESCADOR", "FECHA_NACIMIENTO": 19850502, "EDAD_PERSONA": 38, "SEXO": "MASCULINO", "ESTADO_CIVIL": "SOLTERO(A)", "GRADO_INSTRUCCION": "NO INDICA", "OCUPACION": "OFICIAL PNP", "PAIS_NATAL": "PERU", "LONGITUD": -77.10516598, "LATITUD": -12.05836837, "Año": "2024", "Mes": "02" }, "geometry": { "type": "Point", "coordinates": [ 270835.587810647906736, 8666112.29769810475409 ] } },
{ "type": "Feature", "properties": { "id": "445", "FECHA_CORTE": 20240425, "FECHA_REGISTRO": 20240213, "ID_DOC_DENUNCIA": "56989f89df8f678db1b37f00b0d75b691d500ed72e4ceaf7436b2ee4dba56f14", "UBIGEO": 70101, "DEPARTAMENTO": "CALLAO", "PROVINCIA": "CALLAO", "DISTRITO": "CALLAO", "TIPO_DE_DENUNCIA": "DENUNCIA", "SITUACION_DENUNCIA": "RESUELTA", "TIPO": "PATRIMONIO (DELITO)", "SUBTIPO": "HURTO", "MODALIDAD": "HURTO", "FECHA_HECHO": 20240212, "HORA_HECHO": 500, "UBICACION": "CENTRAL 127  CALLAO 07026  PERU", "DESCRIPCION": "RAMON CASTILLA", "FECHA_NACIMIENTO": 19870224, "EDAD_PERSONA": 36, "SEXO": "MASCULINO", "ESTADO_CIVIL": "SOLTERO(A)", "GRADO_INSTRUCCION": "NO INDICA", "OCUPACION": "NO INDICA", "PAIS_NATAL": "PERU", "LONGITUD": -77.12452786, "LATITUD": -12.04436209, "Año": "2024", "Mes": "02" }, "geometry": { "type": "Point", "coordinates": [ 268715.002294804318808, 8667645.802508817985654 ] } },
{ "type": "Feature", "properties": { "id": "448", "FECHA_CORTE": 20240425, "FECHA_REGISTRO": 20240219, "ID_DOC_DENUNCIA": "3ff687856d60d7486161ede09819ee4ed738ba18fe45ee574259626ab5ecccbe", "UBIGEO": 70104, "DEPARTAMENTO": "CALLAO", "PROVINCIA": "CALLAO", "DISTRITO": "LA PERLA", "TIPO_DE_DENUNCIA": "DENUNCIA", "SITUACION_DENUNCIA": "PENDIENTE", "TIPO": "PATRIMONIO (DELITO)", "SUBTIPO": "HURTO", "MODALIDAD": "HURTO DE VEHICULO", "FECHA_HECHO": 20240218, "HORA_HECHO": 1505, "UBICACION": "JR. WASHINGTON CON JR. CAHUIDE LA PERLA", "DESCRIPCION": "LA PERLA", "FECHA_NACIMIENTO": 19840916, "EDAD_PERSONA": 39, "SEXO": "MASCULINO", "ESTADO_CIVIL": "SOLTERO(A)", "GRADO_INSTRUCCION": "NO INDICA", "OCUPACION": "NO INDICA", "PAIS_NATAL": "PERU", "LONGITUD": -77.10687399, "LATITUD": -12.07175516, "Año": "2024", "Mes": "02" }, "geometry": { "type": "Point", "coordinates": [ 270660.970087190857157, 8664629.656858656555414 ] } },
{ "type": "Feature", "properties": { "id": "454", "FECHA_CORTE": 20240425, "FECHA_REGISTRO": 20240210, "ID_DOC_DENUNCIA": "60a91a15fc8da6684ed5e5e932b51f796773badf232d78d62e7f3fa3a5eed328", "UBIGEO": 70104, "DEPARTAMENTO": "CALLAO", "PROVINCIA": "CALLAO", "DISTRITO": "LA PERLA", "TIPO_DE_DENUNCIA": "DENUNCIA", "SITUACION_DENUNCIA": "RESUELTA", "TIPO": "PATRIMONIO (DELITO)", "SUBTIPO": "ROBO", "MODALIDAD": "ROBO AGRAVADO", "FECHA_HECHO": 20240210, "HORA_HECHO": 125, "UBICACION": "CALLE CARLOS VACA FLOR CUADRA DOS LA PERLA CALLAO", "DESCRIPCION": "LA PERLA", "FECHA_NACIMIENTO": 19780807, "EDAD_PERSONA": 45, "SEXO": "MASCULINO", "ESTADO_CIVIL": "SOLTERO(A)", "GRADO_INSTRUCCION": "NO INDICA", "OCUPACION": "NO INDICA", "PAIS_NATAL": "PERU", "LONGITUD": -77.1114049, "LATITUD": -12.0671836, "Año": "2024", "Mes": "02" }, "geometry": { "type": "Point", "coordinates": [ 270163.66365217481507, 8665131.68871746212244 ] } },
{ "type": "Feature", "properties": { "id": "457", "FECHA_CORTE": 20240425, "FECHA_REGISTRO": 20240205, "ID_DOC_DENUNCIA": "4a8cae4efec0ab16fe95984b9904131519238482293810bf1592d06f4d263efd", "UBIGEO": 70104, "DEPARTAMENTO": "CALLAO", "PROVINCIA": "CALLAO", "DISTRITO": "LA PERLA", "TIPO_DE_DENUNCIA": "ACTA DE DENUNCIA VERBAL", "SITUACION_DENUNCIA": "RESUELTA", "TIPO": "PATRIMONIO (DELITO)", "SUBTIPO": "HURTO", "MODALIDAD": "HURTO AGRAVADO", "FECHA_HECHO": 20240204, "HORA_HECHO": 450, "UBICACION": "JR. BELISARIO SUAREZ Nº137 LA PERLA CALLAO", "DESCRIPCION": "LA PERLA", "FECHA_NACIMIENTO": 19710118, "EDAD_PERSONA": 53, "SEXO": "MASCULINO", "ESTADO_CIVIL": "SOLTERO(A)", "GRADO_INSTRUCCION": "NO INDICA", "OCUPACION": "NO INDICA", "PAIS_NATAL": "PERU", "LONGITUD": -77.12776181, "LATITUD": -12.06745327, "Año": "2024", "Mes": "02" }, "geometry": { "type": "Point", "coordinates": [ 268382.619569778093137, 8665088.067569099366665 ] } },
{ "type": "Feature", "properties": { "id": "458", "FECHA_CORTE": 20240425, "FECHA_REGISTRO": 20240213, "ID_DOC_DENUNCIA": "abc189c5a3ce4483e31acdd57f38797ccc7a465866f9ef03663c25b7d32d486c", "UBIGEO": 70102, "DEPARTAMENTO": "CALLAO", "PROVINCIA": "CALLAO", "DISTRITO": "BELLAVISTA", "TIPO_DE_DENUNCIA": "DENUNCIA", "SITUACION_DENUNCIA": "RESUELTA", "TIPO": "PATRIMONIO (DELITO)", "SUBTIPO": "ROBO", "MODALIDAD": "ROBO AGRAVADO A MANO ARMADA", "FECHA_HECHO": 20240212, "HORA_HECHO": 1540, "UBICACION": "AV SANTA ROSA CON AV ARGENTINA", "DESCRIPCION": "DEPINCRI BELLAVISTA/LA PERLA/C.DE LA LEGUA", "FECHA_NACIMIENTO": 19610108, "EDAD_PERSONA": 63, "SEXO": "MASCULINO", "ESTADO_CIVIL": "SOLTERO(A)", "GRADO_INSTRUCCION": "SECUNDARIA", "OCUPACION": "NO INDICA", "PAIS_NATAL": "PERU", "LONGITUD": -77.1102297, "LATITUD": -12.05945493, "Año": "2024", "Mes": "02" }, "geometry": { "type": "Point", "coordinates": [ 270285.057435343856923, 8665987.832742977887392 ] } },
{ "type": "Feature", "properties": { "id": "473", "FECHA_CORTE": 20240425, "FECHA_REGISTRO": 20240229, "ID_DOC_DENUNCIA": "1eaef6966d40335c3ca0b0588917f898b6da9ece4322e89f276fe7444bab5541", "UBIGEO": 70101, "DEPARTAMENTO": "CALLAO", "PROVINCIA": "CALLAO", "DISTRITO": "CALLAO", "TIPO_DE_DENUNCIA": "ACTA DE DENUNCIA VERBAL", "SITUACION_DENUNCIA": "RESUELTA", "TIPO": "PATRIMONIO (DELITO)", "SUBTIPO": "HURTO", "MODALIDAD": "HURTO", "FECHA_HECHO": 20240228, "HORA_HECHO": 900, "UBICACION": "AVENIDA ARGENTINA  CALLAO 07001  PERU", "DESCRIPCION": "CIUDADELA CHALACA", "FECHA_NACIMIENTO": 20100710, "EDAD_PERSONA": 13, "SEXO": "MASCULINO", "ESTADO_CIVIL": "SOLTERO(A)", "GRADO_INSTRUCCION": "SECUNDARIA", "OCUPACION": "DESEMPLEADO", "PAIS_NATAL": "PERU", "LONGITUD": -77.13362323, "LATITUD": -12.05160455, "Año": "2024", "Mes": "02" }, "geometry": { "type": "Point", "coordinates": [ 267730.65420437254943, 8666836.747580535709858 ] } },
{ "type": "Feature", "properties": { "id": "474", "FECHA_CORTE": 20240425, "FECHA_REGISTRO": 20240229, "ID_DOC_DENUNCIA": "d11d97346162ca8552f83398aeea816a9451e0f3a25e6d26af256b3fd9d8b303", "UBIGEO": 70101, "DEPARTAMENTO": "CALLAO", "PROVINCIA": "CALLAO", "DISTRITO": "CALLAO", "TIPO_DE_DENUNCIA": "DENUNCIA", "SITUACION_DENUNCIA": "PENDIENTE", "TIPO": "PATRIMONIO (DELITO)", "SUBTIPO": "ROBO", "MODALIDAD": "ROBO", "FECHA_HECHO": 20240229, "HORA_HECHO": 0, "UBICACION": "A LA ALTURA DEL JR. MOQUEGUA CON EL JR.VENEZUELA CALLAO  (REFERENCIA PLAZA DE LOS BURROS)", "DESCRIPCION": "CALLAO", "FECHA_NACIMIENTO": 19811111, "EDAD_PERSONA": 42, "SEXO": "FEMENINO", "ESTADO_CIVIL": "SOLTERO(A)", "GRADO_INSTRUCCION": "SECUNDARIA", "OCUPACION": "AMA DE CASA", "PAIS_NATAL": "PERU", "LONGITUD": -77.1408193, "LATITUD": -12.0560308, "Año": "2024", "Mes": "02" }, "geometry": { "type": "Point", "coordinates": [ 266950.768250470864587, 8666340.878886263817549 ] } },
{ "type": "Feature", "properties": { "id": "475", "FECHA_CORTE": 20240425, "FECHA_REGISTRO": 20240214, "ID_DOC_DENUNCIA": "4a06e1d85035aa8a7a8f78c202241c1edf977e910fad7550517b20af8986bbc4", "UBIGEO": 70101, "DEPARTAMENTO": "CALLAO", "PROVINCIA": "CALLAO", "DISTRITO": "CALLAO", "TIPO_DE_DENUNCIA": "DENUNCIA", "SITUACION_DENUNCIA": "RESUELTA", "TIPO": "PATRIMONIO (DELITO)", "SUBTIPO": "ROBO", "MODALIDAD": "ROBO AGRAVADO A MANO ARMADA", "FECHA_HECHO": 20240214, "HORA_HECHO": 1800, "UBICACION": "LA SERENA CON TANGARA URB PEDRO RUIZ GALLO", "DESCRIPCION": "LA LEGUA", "FECHA_NACIMIENTO": 19971114, "EDAD_PERSONA": 26, "SEXO": "FEMENINO", "ESTADO_CIVIL": "SOLTERO(A)", "GRADO_INSTRUCCION": "SECUNDARIA", "OCUPACION": "NO INDICA", "PAIS_NATAL": "PERU", "LONGITUD": -77.1047889, "LATITUD": -12.0511997, "Año": "2024", "Mes": "02" }, "geometry": { "type": "Point", "coordinates": [ 270870.564770094584674, 8666905.805354680866003 ] } },
{ "type": "Feature", "properties": { "id": "476", "FECHA_CORTE": 20240425, "FECHA_REGISTRO": 20240216, "ID_DOC_DENUNCIA": "8976b9c5a8570b198bb54d1135172bb43228299845fbb832639eb46495c6e8ca", "UBIGEO": 70102, "DEPARTAMENTO": "CALLAO", "PROVINCIA": "CALLAO", "DISTRITO": "BELLAVISTA", "TIPO_DE_DENUNCIA": "DENUNCIA", "SITUACION_DENUNCIA": "RESUELTA", "TIPO": "PATRIMONIO (DELITO)", "SUBTIPO": "HURTO", "MODALIDAD": "HURTO", "FECHA_HECHO": 20240216, "HORA_HECHO": 1600, "UBICACION": "FRONTIS DEL COLEGIO GENERAL PRADO AV JUAN PABLO II BELLAVISTA", "DESCRIPCION": "BELLAVISTA", "FECHA_NACIMIENTO": 20050324, "EDAD_PERSONA": 18, "SEXO": "FEMENINO", "ESTADO_CIVIL": "SOLTERO(A)", "GRADO_INSTRUCCION": "SECUNDARIA", "OCUPACION": "NO INDICA", "PAIS_NATAL": "PERU", "LONGITUD": -77.1189942, "LATITUD": -12.0642704, "Año": "2024", "Mes": "02" }, "geometry": { "type": "Point", "coordinates": [ 269334.69405932945665, 8665447.647111438214779 ] } },
{ "type": "Feature", "properties": { "id": "481", "FECHA_CORTE": 20240425, "FECHA_REGISTRO": 20240219, "ID_DOC_DENUNCIA": "ad6fa50b8be8ac85b9f067ceffdf36a5230bc5d83bec2fba15eb642672f1f2e1", "UBIGEO": 70104, "DEPARTAMENTO": "CALLAO", "PROVINCIA": "CALLAO", "DISTRITO": "LA PERLA", "TIPO_DE_DENUNCIA": "ACTA DE DENUNCIA VERBAL", "SITUACION_DENUNCIA": "PENDIENTE", "TIPO": "PATRIMONIO (DELITO)", "SUBTIPO": "ROBO", "MODALIDAD": "ROBO AGRAVADO A MANO ARMADA", "FECHA_HECHO": 20240216, "HORA_HECHO": 1430, "UBICACION": "AV SANTA ROSA INGRESANDO A CIRCUITO DE PLAYA", "DESCRIPCION": "DEPINCRI CALLAO/LA PUNTA", "FECHA_NACIMIENTO": 19970217, "EDAD_PERSONA": 27, "SEXO": "MASCULINO", "ESTADO_CIVIL": "SOLTERO(A)", "GRADO_INSTRUCCION": "NO INDICA", "OCUPACION": "NO INDICA", "PAIS_NATAL": "PERU", "LONGITUD": -77.12835628000001, "LATITUD": -12.07031683, "Año": "2024", "Mes": "02" }, "geometry": { "type": "Point", "coordinates": [ 268320.343324034882244, 8664770.715416818857193 ] } },
{ "type": "Feature", "properties": { "id": "482", "FECHA_CORTE": 20240425, "FECHA_REGISTRO": 20240216, "ID_DOC_DENUNCIA": "102211557e61b1c0b259b2055a10582681c64a6a5f4746926fbe2f265026fe16", "UBIGEO": 70104, "DEPARTAMENTO": "CALLAO", "PROVINCIA": "CALLAO", "DISTRITO": "LA PERLA", "TIPO_DE_DENUNCIA": "DENUNCIA", "SITUACION_DENUNCIA": "RESUELTA", "TIPO": "PATRIMONIO (DELITO)", "SUBTIPO": "ROBO", "MODALIDAD": "ASALTO Y ROBO DE VEHICULOS", "FECHA_HECHO": 20240215, "HORA_HECHO": 2330, "UBICACION": "AV LA PAZ CON JR MIGUEL GRAU", "DESCRIPCION": "LA PERLA", "FECHA_NACIMIENTO": 19980313, "EDAD_PERSONA": 25, "SEXO": "MASCULINO", "ESTADO_CIVIL": "SOLTERO(A)", "GRADO_INSTRUCCION": "NO INDICA", "OCUPACION": "NO INDICA", "PAIS_NATAL": "PERU", "LONGITUD": -77.1285494, "LATITUD": -12.0709883, "Año": "2024", "Mes": "02" }, "geometry": { "type": "Point", "coordinates": [ 268299.890060385630932, 8664696.254661738872528 ] } },
{ "type": "Feature", "properties": { "id": "483", "FECHA_CORTE": 20240425, "FECHA_REGISTRO": 20240202, "ID_DOC_DENUNCIA": "5f183d53e5431eea7f58fdd8ccee40c565df86cf65f74f0e7296088b0363d958", "UBIGEO": 70104, "DEPARTAMENTO": "CALLAO", "PROVINCIA": "CALLAO", "DISTRITO": "LA PERLA", "TIPO_DE_DENUNCIA": "DENUNCIA", "SITUACION_DENUNCIA": "RESUELTA", "TIPO": "PATRIMONIO (DELITO)", "SUBTIPO": "ROBO", "MODALIDAD": "ROBO AGRAVADO A MANO ARMADA", "FECHA_HECHO": 20240202, "HORA_HECHO": 1510, "UBICACION": "PSJE. ARES 153 155  LA PERLA CALLAO", "DESCRIPCION": "LA PERLA", "FECHA_NACIMIENTO": 19710205, "EDAD_PERSONA": 52, "SEXO": "FEMENINO", "ESTADO_CIVIL": "SOLTERO(A)", "GRADO_INSTRUCCION": "NO INDICA", "OCUPACION": "AMA DE CASA", "PAIS_NATAL": "PERU", "LONGITUD": -77.11639295000001, "LATITUD": -12.07160509, "Año": "2024", "Mes": "02" }, "geometry": { "type": "Point", "coordinates": [ 269624.24465073517058, 8664638.268311366438866 ] } },
{ "type": "Feature", "properties": { "id": "486", "FECHA_CORTE": 20240425, "FECHA_REGISTRO": 20240212, "ID_DOC_DENUNCIA": "5076172d8bdee7e205e2a8d18d6bdac31e5773f52eabf9c2ed3a3743c56f3fb6", "UBIGEO": 70104, "DEPARTAMENTO": "CALLAO", "PROVINCIA": "CALLAO", "DISTRITO": "LA PERLA", "TIPO_DE_DENUNCIA": "ACTA DE DENUNCIA VERBAL", "SITUACION_DENUNCIA": "RESUELTA", "TIPO": "PATRIMONIO (DELITO)", "SUBTIPO": "HURTO", "MODALIDAD": "HURTO DE VEHICULO", "FECHA_HECHO": 20240211, "HORA_HECHO": 300, "UBICACION": "FRONTIS DEL INMUEBLE UBICADO EN EL JR HUAMACHUCHO 648 LA PERLA CALLAO", "DESCRIPCION": "LA PERLA", "FECHA_NACIMIENTO": 19920211, "EDAD_PERSONA": 32, "SEXO": "MASCULINO", "ESTADO_CIVIL": "SOLTERO(A)", "GRADO_INSTRUCCION": "NO INDICA", "OCUPACION": "NO INDICA", "PAIS_NATAL": "PERU", "LONGITUD": -77.11407674, "LATITUD": -12.07476433, "Año": "2024", "Mes": "02" }, "geometry": { "type": "Point", "coordinates": [ 269879.17531768407207, 8664290.653668191283941 ] } },
{ "type": "Feature", "properties": { "id": "487", "FECHA_CORTE": 20240425, "FECHA_REGISTRO": 20240202, "ID_DOC_DENUNCIA": "ba35d7b205849a5029aeff71d2d6e2930f348fb9fc7cc50ae7edc428f156dbc8", "UBIGEO": 70104, "DEPARTAMENTO": "CALLAO", "PROVINCIA": "CALLAO", "DISTRITO": "LA PERLA", "TIPO_DE_DENUNCIA": "DENUNCIA", "SITUACION_DENUNCIA": "RESUELTA", "TIPO": "PATRIMONIO (DELITO)", "SUBTIPO": "ROBO", "MODALIDAD": "ROBO", "FECHA_HECHO": 20240202, "HORA_HECHO": 740, "UBICACION": "CALLE TACNA INTERSECCION CON LA AV. PAZ", "DESCRIPCION": "LA PERLA", "FECHA_NACIMIENTO": 20000520, "EDAD_PERSONA": 23, "SEXO": "FEMENINO", "ESTADO_CIVIL": "SOLTERO(A)", "GRADO_INSTRUCCION": "NO INDICA", "OCUPACION": "ESTUDIANTE", "PAIS_NATAL": "PERU", "LONGITUD": -77.12975103, "LATITUD": -12.070107, "Año": "2024", "Mes": "02" }, "geometry": { "type": "Point", "coordinates": [ 268168.274700257927179, 8664792.752074001356959 ] } },
{ "type": "Feature", "properties": { "id": "488", "FECHA_CORTE": 20240425, "FECHA_REGISTRO": 20240225, "ID_DOC_DENUNCIA": "c517ddb97cb04cd447837aa09d38f6f422930c1572e98a230c5a83dd99b58bf0", "UBIGEO": 70104, "DEPARTAMENTO": "CALLAO", "PROVINCIA": "CALLAO", "DISTRITO": "LA PERLA", "TIPO_DE_DENUNCIA": "DENUNCIA", "SITUACION_DENUNCIA": "RESUELTA", "TIPO": "PATRIMONIO (DELITO)", "SUBTIPO": "HURTO", "MODALIDAD": "HURTO AGRAVADO", "FECHA_HECHO": 20240225, "HORA_HECHO": 1830, "UBICACION": "JR OTUZCO 287", "DESCRIPCION": "LA PERLA", "FECHA_NACIMIENTO": 19890912, "EDAD_PERSONA": 34, "SEXO": "FEMENINO", "ESTADO_CIVIL": "SOLTERO(A)", "GRADO_INSTRUCCION": "NO INDICA", "OCUPACION": "ADMINISTRADOR", "PAIS_NATAL": "PERU", "LONGITUD": -77.1140059, "LATITUD": -12.0717668, "Año": "2024", "Mes": "02" }, "geometry": { "type": "Point", "coordinates": [ 269884.328796276357025, 8664622.383336024358869 ] } },
{ "type": "Feature", "properties": { "id": "495", "FECHA_CORTE": 20240425, "FECHA_REGISTRO": 20240202, "ID_DOC_DENUNCIA": "637ebea3ad736e41863e7f904fbcc85b1668390c78f62b1a03722b0de0bd6a43", "UBIGEO": 70104, "DEPARTAMENTO": "CALLAO", "PROVINCIA": "CALLAO", "DISTRITO": "LA PERLA", "TIPO_DE_DENUNCIA": "DENUNCIA", "SITUACION_DENUNCIA": "RESUELTA", "TIPO": "PATRIMONIO (DELITO)", "SUBTIPO": "ROBO", "MODALIDAD": "ROBO AGRAVADO A MANO ARMADA", "FECHA_HECHO": 20240202, "HORA_HECHO": 2020, "UBICACION": "CALLE TURMALINA Nº 195 LA PERLA CALLAO", "DESCRIPCION": "LA PERLA", "FECHA_NACIMIENTO": 19880923, "EDAD_PERSONA": 35, "SEXO": "MASCULINO", "ESTADO_CIVIL": "SOLTERO(A)", "GRADO_INSTRUCCION": "NO INDICA", "OCUPACION": "CHOFER", "PAIS_NATAL": "PERU", "LONGITUD": -77.1132946, "LATITUD": -12.0671003, "Año": "2024", "Mes": "02" }, "geometry": { "type": "Point", "coordinates": [ 269957.804136056103744, 8665139.318834397941828 ] } },
{ "type": "Feature", "properties": { "id": "497", "FECHA_CORTE": 20240425, "FECHA_REGISTRO": 20240203, "ID_DOC_DENUNCIA": "7e8aefff27cc1f119bfb656187f297957843abf58d13459e5a0c45896c3b89f1", "UBIGEO": 70104, "DEPARTAMENTO": "CALLAO", "PROVINCIA": "CALLAO", "DISTRITO": "LA PERLA", "TIPO_DE_DENUNCIA": "DENUNCIA", "SITUACION_DENUNCIA": "RESUELTA", "TIPO": "PATRIMONIO (DELITO)", "SUBTIPO": "ROBO", "MODALIDAD": "ROBO AGRAVADO", "FECHA_HECHO": 20240203, "HORA_HECHO": 230, "UBICACION": "AV SANTA ROSA CON CALLE CASTILLA", "DESCRIPCION": "LA PERLA", "FECHA_NACIMIENTO": 20001121, "EDAD_PERSONA": 23, "SEXO": "MASCULINO", "ESTADO_CIVIL": "SOLTERO(A)", "GRADO_INSTRUCCION": "NO INDICA", "OCUPACION": "ESTUDIANTE", "PAIS_NATAL": "PERU", "LONGITUD": -77.0997155, "LATITUD": -12.0213513, "Año": "2024", "Mes": "02" }, "geometry": { "type": "Point", "coordinates": [ 271397.837518516520504, 8670212.664323147386312 ] } },
{ "type": "Feature", "properties": { "id": "506", "FECHA_CORTE": 20240425, "FECHA_REGISTRO": 20240218, "ID_DOC_DENUNCIA": "87cc5c85da8844462c66d4e4d8198e3687e57cf976bcdad5e76865a484823eb8", "UBIGEO": 70104, "DEPARTAMENTO": "CALLAO", "PROVINCIA": "CALLAO", "DISTRITO": "LA PERLA", "TIPO_DE_DENUNCIA": "ACTA DE DENUNCIA VERBAL", "SITUACION_DENUNCIA": "RESUELTA", "TIPO": "PATRIMONIO (DELITO)", "SUBTIPO": "HURTO", "MODALIDAD": "HURTO DE VEHICULO", "FECHA_HECHO": 20240218, "HORA_HECHO": 1400, "UBICACION": "FRONTIS DE SU INMUEBLE UBICADO EN LA AV JOSE GALVEZ 844 LA PERLA CALLAO", "DESCRIPCION": "LA PERLA", "FECHA_NACIMIENTO": 19950923, "EDAD_PERSONA": 28, "SEXO": "MASCULINO", "ESTADO_CIVIL": "SOLTERO(A)", "GRADO_INSTRUCCION": "NO INDICA", "OCUPACION": "NO INDICA", "PAIS_NATAL": "PERU", "LONGITUD": -77.12596282, "LATITUD": -12.067226, "Año": "2024", "Mes": "02" }, "geometry": { "type": "Point", "coordinates": [ 268578.335987157421187, 8665114.735762763768435 ] } },
{ "type": "Feature", "properties": { "id": "507", "FECHA_CORTE": 20240425, "FECHA_REGISTRO": 20240201, "ID_DOC_DENUNCIA": "b808029155f46550cef7c9ddb830fc5cf0e74ce0ba86a4fcb6df8e0b77cc42dd", "UBIGEO": 70104, "DEPARTAMENTO": "CALLAO", "PROVINCIA": "CALLAO", "DISTRITO": "LA PERLA", "TIPO_DE_DENUNCIA": "ACTA DE DENUNCIA VERBAL", "SITUACION_DENUNCIA": "RESUELTA", "TIPO": "PATRIMONIO (DELITO)", "SUBTIPO": "HURTO", "MODALIDAD": "HURTO", "FECHA_HECHO": 20240201, "HORA_HECHO": 300, "UBICACION": "AEROPUERTO INTERNACIONAL JORGE CHAVEZ", "DESCRIPCION": "LA PERLA", "FECHA_NACIMIENTO": 19980212, "EDAD_PERSONA": 25, "SEXO": "FEMENINO", "ESTADO_CIVIL": "SOLTERO(A)", "GRADO_INSTRUCCION": "NO INDICA", "OCUPACION": "NO INDICA", "PAIS_NATAL": "PERU", "LONGITUD": -77.1079976, "LATITUD": -12.0230437, "Año": "2024", "Mes": "02" }, "geometry": { "type": "Point", "coordinates": [ 270497.20331236475613, 8670018.50328790396452 ] } },
{ "type": "Feature", "properties": { "id": "508", "FECHA_CORTE": 20240425, "FECHA_REGISTRO": 20240225, "ID_DOC_DENUNCIA": "07198ca111da43d81be6c1903b5db1827e31377386bbcd24db3ef13bb293739a", "UBIGEO": 70104, "DEPARTAMENTO": "CALLAO", "PROVINCIA": "CALLAO", "DISTRITO": "LA PERLA", "TIPO_DE_DENUNCIA": "OCURRENCIA", "SITUACION_DENUNCIA": "RESUELTA", "TIPO": "PATRIMONIO (DELITO)", "SUBTIPO": "HURTO", "MODALIDAD": "HURTO DE VEHICULO", "FECHA_HECHO": 20240225, "HORA_HECHO": 1400, "UBICACION": "JR. TUPAC AMARU 1230", "DESCRIPCION": "LA PERLA", "FECHA_NACIMIENTO": 19921017, "EDAD_PERSONA": 31, "SEXO": "FEMENINO", "ESTADO_CIVIL": "SOLTERO(A)", "GRADO_INSTRUCCION": "NO INDICA", "OCUPACION": "NO INDICA", "PAIS_NATAL": "PERU", "LONGITUD": -77.1147802, "LATITUD": -12.068232, "Año": "2024", "Mes": "02" }, "geometry": { "type": "Point", "coordinates": [ 269796.988743895024527, 8665012.850212376564741 ] } },
{ "type": "Feature", "properties": { "id": "509", "FECHA_CORTE": 20240425, "FECHA_REGISTRO": 20240222, "ID_DOC_DENUNCIA": "7dc43ff3d6f92c054d7da428f9d0cfea930bbcd21a3884bb5860e6b3dfa018cc", "UBIGEO": 70104, "DEPARTAMENTO": "CALLAO", "PROVINCIA": "CALLAO", "DISTRITO": "LA PERLA", "TIPO_DE_DENUNCIA": "ACTA DE INTERVENCION", "SITUACION_DENUNCIA": "RESUELTA", "TIPO": "PATRIMONIO (DELITO)", "SUBTIPO": "HURTO", "MODALIDAD": "HURTO", "FECHA_HECHO": 20240222, "HORA_HECHO": 1020, "UBICACION": "CUCE DE LA AV. JOSE GALVEZ CON JR. ARICA  LA PERLA - CALLAO", "DESCRIPCION": "LA PERLA", "FECHA_NACIMIENTO": 19690510, "EDAD_PERSONA": 54, "SEXO": "FEMENINO", "ESTADO_CIVIL": "SOLTERO(A)", "GRADO_INSTRUCCION": "NO INDICA", "OCUPACION": "NO INDICA", "PAIS_NATAL": "PERU", "LONGITUD": -77.12575633, "LATITUD": -12.0666218, "Año": "2024", "Mes": "02" }, "geometry": { "type": "Point", "coordinates": [ 268600.304159059480298, 8665181.764110993593931 ] } },
{ "type": "Feature", "properties": { "id": "514", "FECHA_CORTE": 20240425, "FECHA_REGISTRO": 20240216, "ID_DOC_DENUNCIA": "6e3604bdd178a449c701560e7f3152d3c425504ee567f0f730923590d3ec3fb4", "UBIGEO": 70102, "DEPARTAMENTO": "CALLAO", "PROVINCIA": "CALLAO", "DISTRITO": "BELLAVISTA", "TIPO_DE_DENUNCIA": "DENUNCIA", "SITUACION_DENUNCIA": "RESUELTA", "TIPO": "PATRIMONIO (DELITO)", "SUBTIPO": "HURTO", "MODALIDAD": "HURTO AGRAVADO", "FECHA_HECHO": 20240215, "HORA_HECHO": 1400, "UBICACION": "HOSPITAL ALBERTO SABOGAL SOLOGUREN BELLAVISTA", "DESCRIPCION": "BELLAVISTA", "FECHA_NACIMIENTO": 19781118, "EDAD_PERSONA": 45, "SEXO": "FEMENINO", "ESTADO_CIVIL": "SOLTERO(A)", "GRADO_INSTRUCCION": "TECNICA", "OCUPACION": "NO INDICA", "PAIS_NATAL": "PERU", "LONGITUD": -77.12291371000001, "LATITUD": -12.06494613, "Año": "2024", "Mes": "02" }, "geometry": { "type": "Point", "coordinates": [ 268908.431755606317893, 8665369.574703976511955 ] } },
{ "type": "Feature", "properties": { "id": "516", "FECHA_CORTE": 20240425, "FECHA_REGISTRO": 20240220, "ID_DOC_DENUNCIA": "02437a5379bf2bf55ab965bd404502d05171cf277afc3bc2c69cc839ecdd5c76", "UBIGEO": 70102, "DEPARTAMENTO": "CALLAO", "PROVINCIA": "CALLAO", "DISTRITO": "BELLAVISTA", "TIPO_DE_DENUNCIA": "DENUNCIA", "SITUACION_DENUNCIA": "RESUELTA", "TIPO": "PATRIMONIO (DELITO)", "SUBTIPO": "HURTO", "MODALIDAD": "HURTO", "FECHA_HECHO": 20240220, "HORA_HECHO": 2100, "UBICACION": "INTERIOR DEL HOSPITAL DANIEL ALCIDES CARRION BELLAVISTA CALLAO", "DESCRIPCION": "BELLAVISTA", "FECHA_NACIMIENTO": 19770210, "EDAD_PERSONA": 47, "SEXO": "FEMENINO", "ESTADO_CIVIL": "SOLTERO(A)", "GRADO_INSTRUCCION": "TECNICA", "OCUPACION": "NO INDICA", "PAIS_NATAL": "PERU", "LONGITUD": -77.12234124, "LATITUD": -12.06238307, "Año": "2024", "Mes": "02" }, "geometry": { "type": "Point", "coordinates": [ 268968.578110083704814, 8665653.655866300687194 ] } },
{ "type": "Feature", "properties": { "id": "519", "FECHA_CORTE": 20240425, "FECHA_REGISTRO": 20240209, "ID_DOC_DENUNCIA": "9b3543e1ea4c71f46856f4218660d8cc53a67007d86b436fd7dcb8773153577b", "UBIGEO": 70102, "DEPARTAMENTO": "CALLAO", "PROVINCIA": "CALLAO", "DISTRITO": "BELLAVISTA", "TIPO_DE_DENUNCIA": "ACTA DE DENUNCIA VERBAL", "SITUACION_DENUNCIA": "PENDIENTE", "TIPO": "PATRIMONIO (DELITO)", "SUBTIPO": "ROBO", "MODALIDAD": "ROBO AGRAVADO", "FECHA_HECHO": 20240209, "HORA_HECHO": 1600, "UBICACION": "AV COLONIAL CON AV ELMER FAUCETT", "DESCRIPCION": "DEPINCRI BELLAVISTA/LA PERLA/C.DE LA LEGUA", "FECHA_NACIMIENTO": 19940326, "EDAD_PERSONA": 29, "SEXO": "FEMENINO", "ESTADO_CIVIL": "CASADO(A)", "GRADO_INSTRUCCION": "SECUNDARIA", "OCUPACION": "ADMINISTRADOR", "PAIS_NATAL": "PERU", "LONGITUD": -77.1077949, "LATITUD": -12.0607049, "Año": "2024", "Mes": "02" }, "geometry": { "type": "Point", "coordinates": [ 270551.277912619465496, 8665851.56704088114202 ] } },
{ "type": "Feature", "properties": { "id": "542", "FECHA_CORTE": 20240425, "FECHA_REGISTRO": 20240226, "ID_DOC_DENUNCIA": "bd668d7b0e96dd1cac16b87a87ba31f34b90bba205b87b03ada93bebf9b28fdb", "UBIGEO": 70102, "DEPARTAMENTO": "CALLAO", "PROVINCIA": "CALLAO", "DISTRITO": "BELLAVISTA", "TIPO_DE_DENUNCIA": "ACTA DE INTERVENCION", "SITUACION_DENUNCIA": "RESUELTA", "TIPO": "PATRIMONIO (DELITO)", "SUBTIPO": "HURTO", "MODALIDAD": "HURTO AGRAVADO", "FECHA_HECHO": 20240224, "HORA_HECHO": 2300, "UBICACION": "JIRON JOSE PARODI NRO 443 URBANIZACION STELLA MARIS II BELLAVISTA CALLAO", "DESCRIPCION": "BELLAVISTA", "FECHA_NACIMIENTO": 19520609, "EDAD_PERSONA": 71, "SEXO": "FEMENINO", "ESTADO_CIVIL": "CASADO(A)", "GRADO_INSTRUCCION": "SECUNDARIA", "OCUPACION": "NO INDICA", "PAIS_NATAL": "PERU", "LONGITUD": -77.11354379, "LATITUD": -12.05706263, "Año": "2024", "Mes": "02" }, "geometry": { "type": "Point", "coordinates": [ 269922.101832812768407, 8666249.754502454772592 ] } },
{ "type": "Feature", "properties": { "id": "545", "FECHA_CORTE": 20240425, "FECHA_REGISTRO": 20240229, "ID_DOC_DENUNCIA": "3f5db48f71c2eb7d54ace4b2089c7ef19b99fd89cc25ee3db3bfe28a3c55e53a", "UBIGEO": 70102, "DEPARTAMENTO": "CALLAO", "PROVINCIA": "CALLAO", "DISTRITO": "BELLAVISTA", "TIPO_DE_DENUNCIA": "DENUNCIA", "SITUACION_DENUNCIA": "RESUELTA", "TIPO": "PATRIMONIO (DELITO)", "SUBTIPO": "HURTO", "MODALIDAD": "HURTO", "FECHA_HECHO": 20240227, "HORA_HECHO": 1130, "UBICACION": "AV. MIGUEL GRAU NRO. 1145 CALLAO", "DESCRIPCION": "BELLAVISTA", "FECHA_NACIMIENTO": 19460208, "EDAD_PERSONA": 78, "SEXO": "MASCULINO", "ESTADO_CIVIL": "CASADO(A)", "GRADO_INSTRUCCION": "SUPERIOR", "OCUPACION": "NO INDICA", "PAIS_NATAL": "PERU", "LONGITUD": -77.1359972, "LATITUD": -12.0615872, "Año": "2024", "Mes": "02" }, "geometry": { "type": "Point", "coordinates": [ 267480.715715672587976, 8665730.163719967007637 ] } },
{ "type": "Feature", "properties": { "id": "573", "FECHA_CORTE": 20240425, "FECHA_REGISTRO": 20240209, "ID_DOC_DENUNCIA": "b72699b8389928b9000e3c79f80d21f417be396a8c5a9191e1d618d7e321c578", "UBIGEO": 70101, "DEPARTAMENTO": "CALLAO", "PROVINCIA": "CALLAO", "DISTRITO": "CALLAO", "TIPO_DE_DENUNCIA": "DENUNCIA", "SITUACION_DENUNCIA": "RESUELTA", "TIPO": "PATRIMONIO (DELITO)", "SUBTIPO": "ROBO", "MODALIDAD": "ROBO", "FECHA_HECHO": 20240208, "HORA_HECHO": 2030, "UBICACION": "CALLE ARGUEDAS CERCA A LA INTERSECCION DE LA CALLE MADRE DE DIOS", "DESCRIPCION": "DULANTO", "FECHA_NACIMIENTO": 19941113, "EDAD_PERSONA": 29, "SEXO": "MASCULINO", "ESTADO_CIVIL": "SOLTERO(A)", "GRADO_INSTRUCCION": "NO INDICA", "OCUPACION": "NO INDICA", "PAIS_NATAL": "PERU", "LONGITUD": -77.1061704, "LATITUD": -12.0435319, "Año": "2024", "Mes": "02" }, "geometry": { "type": "Point", "coordinates": [ 270713.598569443798624, 8667753.070398909971118 ] } },
{ "type": "Feature", "properties": { "id": "589", "FECHA_CORTE": 20240425, "FECHA_REGISTRO": 20240215, "ID_DOC_DENUNCIA": "030ab42dbcdc271cd252fbba4bdda57a582ce3783335fb7ccab0c8284b0ff808", "UBIGEO": 70101, "DEPARTAMENTO": "CALLAO", "PROVINCIA": "CALLAO", "DISTRITO": "CALLAO", "TIPO_DE_DENUNCIA": "DENUNCIA", "SITUACION_DENUNCIA": "RESUELTA", "TIPO": "PATRIMONIO (DELITO)", "SUBTIPO": "HURTO", "MODALIDAD": "HURTO", "FECHA_HECHO": 20240215, "HORA_HECHO": 1700, "UBICACION": "MZ. B6  LT. 13 SECTOR AA.HH. BOCANEGRA CALLAO", "DESCRIPCION": "BOCANEGRA", "FECHA_NACIMIENTO": 19841021, "EDAD_PERSONA": 39, "SEXO": "FEMENINO", "ESTADO_CIVIL": "SOLTERO(A)", "GRADO_INSTRUCCION": "NO INDICA", "OCUPACION": "INDEPENDIENTE", "PAIS_NATAL": "PERU", "LONGITUD": -77.10823775, "LATITUD": -12.01864973, "Año": "2024", "Mes": "02" }, "geometry": { "type": "Point", "coordinates": [ 270467.319269471103325, 8670504.482602199539542 ] } },
{ "type": "Feature", "properties": { "id": "590", "FECHA_CORTE": 20240425, "FECHA_REGISTRO": 20240205, "ID_DOC_DENUNCIA": "a50a38be0017cdca691c7d3ea4aeda6543d132da567706ae35f694d63805a8cd", "UBIGEO": 70107, "DEPARTAMENTO": "CALLAO", "PROVINCIA": "CALLAO", "DISTRITO": "MI PERU", "TIPO_DE_DENUNCIA": "ACTA DE DENUNCIA VERBAL", "SITUACION_DENUNCIA": "RESUELTA", "TIPO": "PATRIMONIO (DELITO)", "SUBTIPO": "HURTO", "MODALIDAD": "HURTO", "FECHA_HECHO": 20240202, "HORA_HECHO": 1221, "UBICACION": "VILLA EMILIA MI PERU POLICLINICO ENMANUEL", "DESCRIPCION": "MI PERU", "FECHA_NACIMIENTO": 19800109, "EDAD_PERSONA": 44, "SEXO": "MASCULINO", "ESTADO_CIVIL": "SOLTERO(A)", "GRADO_INSTRUCCION": "NO INDICA", "OCUPACION": "OBRERO", "PAIS_NATAL": "PERU", "LONGITUD": -77.11463215000001, "LATITUD": -11.8445506, "Año": "2024", "Mes": "02" }, "geometry": { "type": "Point", "coordinates": [ 269623.788330810028128, 8689762.660520270466805 ] } },
{ "type": "Feature", "properties": { "id": "614", "FECHA_CORTE": 20240425, "FECHA_REGISTRO": 20240202, "ID_DOC_DENUNCIA": "2c41f6c9b3dfa102ccde9e78c5c4dae4750d55d574307016ad14aae1ecf7783a", "UBIGEO": 70101, "DEPARTAMENTO": "CALLAO", "PROVINCIA": "CALLAO", "DISTRITO": "CALLAO", "TIPO_DE_DENUNCIA": "DENUNCIA", "SITUACION_DENUNCIA": "RESUELTA", "TIPO": "PATRIMONIO (DELITO)", "SUBTIPO": "ROBO", "MODALIDAD": "ROBO", "FECHA_HECHO": 20240202, "HORA_HECHO": 1900, "UBICACION": "AV. NESTOR GAMBETTA S/N A LA ALTURA DE LA BASE NAVAL DEL CALLAO", "DESCRIPCION": "SARITA COLONIA", "FECHA_NACIMIENTO": 19760207, "EDAD_PERSONA": 47, "SEXO": "MASCULINO", "ESTADO_CIVIL": "SOLTERO(A)", "GRADO_INSTRUCCION": "NO INDICA", "OCUPACION": "NO INDICA", "PAIS_NATAL": "PERU", "LONGITUD": -77.13299891, "LATITUD": -12.043094, "Año": "2024", "Mes": "02" }, "geometry": { "type": "Point", "coordinates": [ 267791.326956640172284, 8667778.959168190136552 ] } },
{ "type": "Feature", "properties": { "id": "615", "FECHA_CORTE": 20240425, "FECHA_REGISTRO": 20240205, "ID_DOC_DENUNCIA": "116a7187b33a1c52f11f595a6bda4ffc31a17b70c52f93a1c3538793c898b6fd", "UBIGEO": 70101, "DEPARTAMENTO": "CALLAO", "PROVINCIA": "CALLAO", "DISTRITO": "CALLAO", "TIPO_DE_DENUNCIA": "DENUNCIA", "SITUACION_DENUNCIA": "RESUELTA", "TIPO": "PATRIMONIO (DELITO)", "SUBTIPO": "HURTO", "MODALIDAD": "HURTO", "FECHA_HECHO": 20240205, "HORA_HECHO": 1300, "UBICACION": "AV PROLONGACION CENTENARIO SN PENAL SARITA COLONIA CALLAO", "DESCRIPCION": "SARITA COLONIA", "FECHA_NACIMIENTO": 19670307, "EDAD_PERSONA": 56, "SEXO": "MASCULINO", "ESTADO_CIVIL": "SOLTERO(A)", "GRADO_INSTRUCCION": "NO INDICA", "OCUPACION": "NO INDICA", "PAIS_NATAL": "PERU", "LONGITUD": -77.13436111, "LATITUD": -12.01129168, "Año": "2024", "Mes": "02" }, "geometry": { "type": "Point", "coordinates": [ 267615.640467607649043, 8671296.695211021229625 ] } },
{ "type": "Feature", "properties": { "id": "616", "FECHA_CORTE": 20240425, "FECHA_REGISTRO": 20240229, "ID_DOC_DENUNCIA": "1126c12a5e1a1941afbbe2017a15e84a3d1cc77a822a5a7e9f924f3ae905f54e", "UBIGEO": 70101, "DEPARTAMENTO": "CALLAO", "PROVINCIA": "CALLAO", "DISTRITO": "CALLAO", "TIPO_DE_DENUNCIA": "ACTA DE INTERVENCION", "SITUACION_DENUNCIA": "PENDIENTE", "TIPO": "PATRIMONIO (DELITO)", "SUBTIPO": "HURTO", "MODALIDAD": "HURTO DE CELULAR", "FECHA_HECHO": 20240229, "HORA_HECHO": 945, "UBICACION": "AVENIDA OSCAR R BENAVIDES 4251 1B URBANIZACION TARAPACA CALLAO", "DESCRIPCION": "LA LEGUA", "FECHA_NACIMIENTO": 19930119, "EDAD_PERSONA": 31, "SEXO": "MASCULINO", "ESTADO_CIVIL": "SOLTERO(A)", "GRADO_INSTRUCCION": "NO INDICA", "OCUPACION": "NO INDICA", "PAIS_NATAL": "PERU", "LONGITUD": -77.09913604, "LATITUD": -12.0530125, "Año": "2024", "Mes": "02" }, "geometry": { "type": "Point", "coordinates": [ 271487.729350167966913, 8666709.942644160240889 ] } },
{ "type": "Feature", "properties": { "id": "617", "FECHA_CORTE": 20240425, "FECHA_REGISTRO": 20240222, "ID_DOC_DENUNCIA": "5f8c3475abd7c609ca18e3cc850bfe33450185d524edf3b4f84b7ac7a4a08fc5", "UBIGEO": 70101, "DEPARTAMENTO": "CALLAO", "PROVINCIA": "CALLAO", "DISTRITO": "CALLAO", "TIPO_DE_DENUNCIA": "DENUNCIA", "SITUACION_DENUNCIA": "RESUELTA", "TIPO": "PATRIMONIO (DELITO)", "SUBTIPO": "HURTO", "MODALIDAD": "HURTO DE VEHICULO", "FECHA_HECHO": 20240222, "HORA_HECHO": 600, "UBICACION": "CALLE COPACABANA MZ C LT 31 ASOC. VIV PALMERAS DE OQUEDO", "DESCRIPCION": "OQUENDO", "FECHA_NACIMIENTO": 19780313, "EDAD_PERSONA": 45, "SEXO": "MASCULINO", "ESTADO_CIVIL": "SOLTERO(A)", "GRADO_INSTRUCCION": "NO INDICA", "OCUPACION": "NO INDICA", "PAIS_NATAL": "PERU", "LONGITUD": -77.13146853000001, "LATITUD": -11.96438483, "Año": "2024", "Mes": "02" }, "geometry": { "type": "Point", "coordinates": [ 267890.589324085623957, 8676489.303511328995228 ] } },
{ "type": "Feature", "properties": { "id": "618", "FECHA_CORTE": 20240425, "FECHA_REGISTRO": 20240221, "ID_DOC_DENUNCIA": "a8da8782c0526f4e9e16192a6a0e14010d4c5bd9eb3bbd618c5b10f5e1f43865", "UBIGEO": 70101, "DEPARTAMENTO": "CALLAO", "PROVINCIA": "CALLAO", "DISTRITO": "CALLAO", "TIPO_DE_DENUNCIA": "DENUNCIA", "SITUACION_DENUNCIA": "PENDIENTE", "TIPO": "PATRIMONIO (DELITO)", "SUBTIPO": "HURTO", "MODALIDAD": "HURTO", "FECHA_HECHO": 20240217, "HORA_HECHO": 1400, "UBICACION": "AV. VILLEGAS 656  CALLAO 07001  PERU", "DESCRIPCION": "RAMON CASTILLA", "FECHA_NACIMIENTO": 19800709, "EDAD_PERSONA": 43, "SEXO": "MASCULINO", "ESTADO_CIVIL": "SOLTERO(A)", "GRADO_INSTRUCCION": "NO INDICA", "OCUPACION": "TAXISTA", "PAIS_NATAL": "PERU", "LONGITUD": -77.1182519, "LATITUD": -12.05399081, "Año": "2024", "Mes": "02" }, "geometry": { "type": "Point", "coordinates": [ 269406.742360792588443, 8666585.688036050647497 ] } },
{ "type": "Feature", "properties": { "id": "621", "FECHA_CORTE": 20240425, "FECHA_REGISTRO": 20240229, "ID_DOC_DENUNCIA": "ae8f453d9d7a09f8657c8415aa743dafc10ffbb41559080eaf85fbadf940b07f", "UBIGEO": 70101, "DEPARTAMENTO": "CALLAO", "PROVINCIA": "CALLAO", "DISTRITO": "CALLAO", "TIPO_DE_DENUNCIA": "DENUNCIA", "SITUACION_DENUNCIA": "PENDIENTE", "TIPO": "PATRIMONIO (DELITO)", "SUBTIPO": "ROBO", "MODALIDAD": "ROBO AGRAVADO", "FECHA_HECHO": 20240229, "HORA_HECHO": 2115, "UBICACION": "3V48+9RM  CALLAO 07046  PERU", "DESCRIPCION": "MARQUEZ", "FECHA_NACIMIENTO": 19780201, "EDAD_PERSONA": 46, "SEXO": "FEMENINO", "ESTADO_CIVIL": "SOLTERO(A)", "GRADO_INSTRUCCION": "NO INDICA", "OCUPACION": "INDEPENDIENTE", "PAIS_NATAL": "PERU", "LONGITUD": -77.13293881, "LATITUD": -11.94408985, "Año": "2024", "Mes": "02" }, "geometry": { "type": "Point", "coordinates": [ 267713.08939357905183, 8678733.670957945287228 ] } },
{ "type": "Feature", "properties": { "id": "622", "FECHA_CORTE": 20240425, "FECHA_REGISTRO": 20240228, "ID_DOC_DENUNCIA": "6329f3d85b0f024b8ea8821ec31a48499e565e7ae15abb8f2ff2e5ed2400f7ec", "UBIGEO": 70101, "DEPARTAMENTO": "CALLAO", "PROVINCIA": "CALLAO", "DISTRITO": "CALLAO", "TIPO_DE_DENUNCIA": "DENUNCIA", "SITUACION_DENUNCIA": "PENDIENTE", "TIPO": "PATRIMONIO (DELITO)", "SUBTIPO": "ROBO", "MODALIDAD": "ROBO", "FECHA_HECHO": 20240227, "HORA_HECHO": 1800, "UBICACION": "PARQUE DE LA RAMPA ASENTAMIENTO HUMANO BOCANEGRA", "DESCRIPCION": "BOCANEGRA", "FECHA_NACIMIENTO": 19920214, "EDAD_PERSONA": 32, "SEXO": "MASCULINO", "ESTADO_CIVIL": "SOLTERO(A)", "GRADO_INSTRUCCION": "NO INDICA", "OCUPACION": "NO INDICA", "PAIS_NATAL": "PERU", "LONGITUD": -77.0964671, "LATITUD": -12.0267449, "Año": "2024", "Mes": "02" }, "geometry": { "type": "Point", "coordinates": [ 271756.196675134939142, 8669618.581986725330353 ] } },
{ "type": "Feature", "properties": { "id": "623", "FECHA_CORTE": 20240425, "FECHA_REGISTRO": 20240202, "ID_DOC_DENUNCIA": "e28c5cf753a052daeff42ed984092f5d433dbc4893102d128f9caa5d3dea9e31", "UBIGEO": 70101, "DEPARTAMENTO": "CALLAO", "PROVINCIA": "CALLAO", "DISTRITO": "CALLAO", "TIPO_DE_DENUNCIA": "DENUNCIA", "SITUACION_DENUNCIA": "RESUELTA", "TIPO": "PATRIMONIO (DELITO)", "SUBTIPO": "ROBO", "MODALIDAD": "ROBO AGRAVADO A MANO ARMADA", "FECHA_HECHO": 20240202, "HORA_HECHO": 1330, "UBICACION": "JR. LAS CIGUEÑAS 111 URB. EL CONDOR CALLAO", "DESCRIPCION": "BOCANEGRA", "FECHA_NACIMIENTO": 19920214, "EDAD_PERSONA": 31, "SEXO": "MASCULINO", "ESTADO_CIVIL": "SOLTERO(A)", "GRADO_INSTRUCCION": "NO INDICA", "OCUPACION": "NO INDICA", "PAIS_NATAL": "PERU", "LONGITUD": -77.0909863, "LATITUD": -12.0143892, "Año": "2024", "Mes": "02" }, "geometry": { "type": "Point", "coordinates": [ 272342.743693260010332, 8670990.237362515181303 ] } },
{ "type": "Feature", "properties": { "id": "624", "FECHA_CORTE": 20240425, "FECHA_REGISTRO": 20240211, "ID_DOC_DENUNCIA": "ac7a0d1cf7090bcc7191334ee2a4eb956e718b139acf13799cf75649eead25d9", "UBIGEO": 70102, "DEPARTAMENTO": "CALLAO", "PROVINCIA": "CALLAO", "DISTRITO": "BELLAVISTA", "TIPO_DE_DENUNCIA": "DENUNCIA", "SITUACION_DENUNCIA": "RESUELTA", "TIPO": "PATRIMONIO (DELITO)", "SUBTIPO": "ROBO", "MODALIDAD": "ROBO", "FECHA_HECHO": 20240211, "HORA_HECHO": 500, "UBICACION": "AV VENEZUELA CON C71 BELLAVISTA", "DESCRIPCION": "CIUDAD DEL PESCADOR", "FECHA_NACIMIENTO": 19890531, "EDAD_PERSONA": 34, "SEXO": "MASCULINO", "ESTADO_CIVIL": "SOLTERO(A)", "GRADO_INSTRUCCION": "NO INDICA", "OCUPACION": "NO INDICA", "PAIS_NATAL": "PERU", "LONGITUD": -77.1020794, "LATITUD": -12.06128337, "Año": "2024", "Mes": "02" }, "geometry": { "type": "Point", "coordinates": [ 271174.199273917474784, 8665792.341289952397346 ] } },
{ "type": "Feature", "properties": { "id": "625", "FECHA_CORTE": 20240425, "FECHA_REGISTRO": 20240206, "ID_DOC_DENUNCIA": "96edc35e4069b6c1ac786430a8c329ff10ef3a784ba1e4ada91c8d734e89895f", "UBIGEO": 70102, "DEPARTAMENTO": "CALLAO", "PROVINCIA": "CALLAO", "DISTRITO": "BELLAVISTA", "TIPO_DE_DENUNCIA": "DENUNCIA", "SITUACION_DENUNCIA": "PENDIENTE", "TIPO": "PATRIMONIO (DELITO)", "SUBTIPO": "HURTO", "MODALIDAD": "HURTO DE ACCESORIOS Y AUTOPARTES DE VEHICULOS", "FECHA_HECHO": 20240205, "HORA_HECHO": 2000, "UBICACION": "CALLE LAS AGUILAS 137 URB SANTA CECILIA", "DESCRIPCION": "CIUDAD DEL PESCADOR", "FECHA_NACIMIENTO": 19851002, "EDAD_PERSONA": 38, "SEXO": "MASCULINO", "ESTADO_CIVIL": "SOLTERO(A)", "GRADO_INSTRUCCION": "NO INDICA", "OCUPACION": "NO INDICA", "PAIS_NATAL": "PERU", "LONGITUD": -77.0948249, "LATITUD": -12.0615626, "Año": "2024", "Mes": "02" }, "geometry": { "type": "Point", "coordinates": [ 271964.461639520362951, 8665767.494348442181945 ] } },
{ "type": "Feature", "properties": { "id": "626", "FECHA_CORTE": 20240425, "FECHA_REGISTRO": 20240223, "ID_DOC_DENUNCIA": "cf05efc6264d5ec4c820048a971a7ccade6f9b2497cbcd1b5114166167781050", "UBIGEO": 70101, "DEPARTAMENTO": "CALLAO", "PROVINCIA": "CALLAO", "DISTRITO": "CALLAO", "TIPO_DE_DENUNCIA": "ACTA DE INTERVENCION", "SITUACION_DENUNCIA": "RESUELTA", "TIPO": "PATRIMONIO (DELITO)", "SUBTIPO": "HURTO", "MODALIDAD": "HURTO DE ACCESORIOS Y AUTOPARTES DE VEHICULOS", "FECHA_HECHO": 20240223, "HORA_HECHO": 1930, "UBICACION": "COND VILLA BONITA 4", "DESCRIPCION": "LA LEGUA", "FECHA_NACIMIENTO": 19610211, "EDAD_PERSONA": 63, "SEXO": "MASCULINO", "ESTADO_CIVIL": "SOLTERO(A)", "GRADO_INSTRUCCION": "NO INDICA", "OCUPACION": "PNP EN RETIRO", "PAIS_NATAL": "PERU", "LONGITUD": -77.09176694, "LATITUD": -12.04898738, "Año": "2024", "Mes": "02" }, "geometry": { "type": "Point", "coordinates": [ 272286.862696698051877, 8667161.438533425331116 ] } },
{ "type": "Feature", "properties": { "id": "627", "FECHA_CORTE": 20240425, "FECHA_REGISTRO": 20240216, "ID_DOC_DENUNCIA": "d34fb537290de35cf8ed97fa2382f6197329ebd2820cc5508e091f7d9ded75f5", "UBIGEO": 70101, "DEPARTAMENTO": "CALLAO", "PROVINCIA": "CALLAO", "DISTRITO": "CALLAO", "TIPO_DE_DENUNCIA": "DENUNCIA", "SITUACION_DENUNCIA": "RESUELTA", "TIPO": "PATRIMONIO (DELITO)", "SUBTIPO": "HURTO", "MODALIDAD": "HURTO DE CELULAR", "FECHA_HECHO": 20240216, "HORA_HECHO": 650, "UBICACION": "AV OSCAR R BENAVIDES 3866  CALLAO", "DESCRIPCION": "LA LEGUA", "FECHA_NACIMIENTO": 19940827, "EDAD_PERSONA": 29, "SEXO": "MASCULINO", "ESTADO_CIVIL": "SOLTERO(A)", "GRADO_INSTRUCCION": "NO INDICA", "OCUPACION": "EMPLEADO", "PAIS_NATAL": "PERU", "LONGITUD": -77.10391963, "LATITUD": -12.05448998, "Año": "2024", "Mes": "02" }, "geometry": { "type": "Point", "coordinates": [ 270968.026266694650985, 8666542.472018616273999 ] } },
{ "type": "Feature", "properties": { "id": "628", "FECHA_CORTE": 20240425, "FECHA_REGISTRO": 20240227, "ID_DOC_DENUNCIA": "ee82f2362282d4812bc35d48906eb9e36893cbac37acbeaccc4ad1abbca317c4", "UBIGEO": 70101, "DEPARTAMENTO": "CALLAO", "PROVINCIA": "CALLAO", "DISTRITO": "CALLAO", "TIPO_DE_DENUNCIA": "DENUNCIA", "SITUACION_DENUNCIA": "PENDIENTE", "TIPO": "PATRIMONIO (DELITO)", "SUBTIPO": "ROBO", "MODALIDAD": "ROBO", "FECHA_HECHO": 20240227, "HORA_HECHO": 730, "UBICACION": "AVENIDA LOS DOMINICOS LOS CONDORES 722 CALLAO", "DESCRIPCION": "BOCANEGRA", "FECHA_NACIMIENTO": 19800923, "EDAD_PERSONA": 43, "SEXO": "FEMENINO", "ESTADO_CIVIL": "SOLTERO(A)", "GRADO_INSTRUCCION": "NO INDICA", "OCUPACION": "EMPLEADA", "PAIS_NATAL": "PERU", "LONGITUD": -77.12496506, "LATITUD": -12.05171472, "Año": "2024", "Mes": "02" }, "geometry": { "type": "Point", "coordinates": [ 268673.687791163858492, 8666831.877523969858885 ] } },
{ "type": "Feature", "properties": { "id": "629", "FECHA_CORTE": 20240425, "FECHA_REGISTRO": 20240223, "ID_DOC_DENUNCIA": "56bf7f99668b418448703e290d08af8eab5f69258402384defa6413c8e14ae8e", "UBIGEO": 70101, "DEPARTAMENTO": "CALLAO", "PROVINCIA": "CALLAO", "DISTRITO": "CALLAO", "TIPO_DE_DENUNCIA": "DENUNCIA", "SITUACION_DENUNCIA": "RESUELTA", "TIPO": "PATRIMONIO (DELITO)", "SUBTIPO": "ROBO", "MODALIDAD": "TENTATIVA DE ROBO", "FECHA_HECHO": 20240222, "HORA_HECHO": 1915, "UBICACION": "MZ J LT 2 COMITE 21 RAMON CASTILLA", "DESCRIPCION": "RAMON CASTILLA", "FECHA_NACIMIENTO": 19961007, "EDAD_PERSONA": 27, "SEXO": "FEMENINO", "ESTADO_CIVIL": "SOLTERO(A)", "GRADO_INSTRUCCION": "NO INDICA", "OCUPACION": "NO INDICA", "PAIS_NATAL": "PERU", "LONGITUD": -77.131759, "LATITUD": -12.0504008, "Año": "2024", "Mes": "02" }, "geometry": { "type": "Point", "coordinates": [ 267932.648002528003417, 8666971.51973001845181 ] } },
{ "type": "Feature", "properties": { "id": "630", "FECHA_CORTE": 20240425, "FECHA_REGISTRO": 20240225, "ID_DOC_DENUNCIA": "d5a153df24570357d7ff0feffd9627f9d0a41a6aeb054f605638862589b2a55e", "UBIGEO": 70101, "DEPARTAMENTO": "CALLAO", "PROVINCIA": "CALLAO", "DISTRITO": "CALLAO", "TIPO_DE_DENUNCIA": "DENUNCIA", "SITUACION_DENUNCIA": "PENDIENTE", "TIPO": "PATRIMONIO (DELITO)", "SUBTIPO": "HURTO", "MODALIDAD": "HURTO DE VEHICULO", "FECHA_HECHO": 20240224, "HORA_HECHO": 2100, "UBICACION": "JR. COLON CDRA. 02 DEL CALLAO", "DESCRIPCION": "CALLAO", "FECHA_NACIMIENTO": 19910428, "EDAD_PERSONA": 32, "SEXO": "MASCULINO", "ESTADO_CIVIL": "SOLTERO(A)", "GRADO_INSTRUCCION": "NO INDICA", "OCUPACION": "SUBOFICIAL PNP", "PAIS_NATAL": "PERU", "LONGITUD": -77.1395686, "LATITUD": -12.0616226, "Año": "2024", "Mes": "02" }, "geometry": { "type": "Point", "coordinates": [ 267091.806705065770075, 8665723.212855130434036 ] } },
{ "type": "Feature", "properties": { "id": "631", "FECHA_CORTE": 20240425, "FECHA_REGISTRO": 20240216, "ID_DOC_DENUNCIA": "baf99eceb74ce4fa440ae44b6cde8b6249e6435392ff5463052146958732fa1e", "UBIGEO": 70101, "DEPARTAMENTO": "CALLAO", "PROVINCIA": "CALLAO", "DISTRITO": "CALLAO", "TIPO_DE_DENUNCIA": "ACTA DE DENUNCIA VERBAL", "SITUACION_DENUNCIA": "RESUELTA", "TIPO": "PATRIMONIO (DELITO)", "SUBTIPO": "HURTO", "MODALIDAD": "HURTO", "FECHA_HECHO": 20240216, "HORA_HECHO": 1230, "UBICACION": "AV. OQUENDO MZ. H LT. 03 PARCELA 2 SECCION 5. FUNDO OQUENDO  CALLAO", "DESCRIPCION": "SARITA COLONIA", "FECHA_NACIMIENTO": 19810926, "EDAD_PERSONA": 42, "SEXO": "MASCULINO", "ESTADO_CIVIL": "SOLTERO(A)", "GRADO_INSTRUCCION": "NO INDICA", "OCUPACION": "NO INDICA", "PAIS_NATAL": "PERU", "LONGITUD": -77.13211091, "LATITUD": -11.99636251, "Año": "2024", "Mes": "02" }, "geometry": { "type": "Point", "coordinates": [ 267847.950669011857826, 8672950.485700143501163 ] } },
{ "type": "Feature", "properties": { "id": "632", "FECHA_CORTE": 20240425, "FECHA_REGISTRO": 20240205, "ID_DOC_DENUNCIA": "369692fc903e3bfa941507f682d5f404e580dba55e1a7881acfab3f498a69b92", "UBIGEO": 70101, "DEPARTAMENTO": "CALLAO", "PROVINCIA": "CALLAO", "DISTRITO": "CALLAO", "TIPO_DE_DENUNCIA": "DENUNCIA", "SITUACION_DENUNCIA": "RESUELTA", "TIPO": "PATRIMONIO (DELITO)", "SUBTIPO": "HURTO", "MODALIDAD": "HURTO", "FECHA_HECHO": 20240205, "HORA_HECHO": 130, "UBICACION": "CALLE SEGUNDA CON LA SEXTA CHACHARITA CALLAO", "DESCRIPCION": "CIUDADELA CHALACA", "FECHA_NACIMIENTO": 19960717, "EDAD_PERSONA": 27, "SEXO": "FEMENINO", "ESTADO_CIVIL": "SOLTERO(A)", "GRADO_INSTRUCCION": "NO INDICA", "OCUPACION": "NO INDICA", "PAIS_NATAL": "PERU", "LONGITUD": -77.136493, "LATITUD": -12.0505818, "Año": "2024", "Mes": "02" }, "geometry": { "type": "Point", "coordinates": [ 267417.232368010794744, 8666947.481139123439789 ] } },
{ "type": "Feature", "properties": { "id": "635", "FECHA_CORTE": 20240425, "FECHA_REGISTRO": 20240222, "ID_DOC_DENUNCIA": "d519d85c3c18be16d890068fefe59098020910b7949c3fcfb042b084ab3df285", "UBIGEO": 70101, "DEPARTAMENTO": "CALLAO", "PROVINCIA": "CALLAO", "DISTRITO": "CALLAO", "TIPO_DE_DENUNCIA": "ACTA DE INTERVENCION", "SITUACION_DENUNCIA": "RESUELTA", "TIPO": "PATRIMONIO (DELITO)", "SUBTIPO": "ROBO", "MODALIDAD": "ROBO", "FECHA_HECHO": 20240222, "HORA_HECHO": 1730, "UBICACION": "AV NESTOR GAMBETTA ALTURA OVALO 200 MILLAS CALLAO", "DESCRIPCION": "SARITA COLONIA", "FECHA_NACIMIENTO": 19990119, "EDAD_PERSONA": 25, "SEXO": "MASCULINO", "ESTADO_CIVIL": "SOLTERO(A)", "GRADO_INSTRUCCION": "NO INDICA", "OCUPACION": "NO INDICA", "PAIS_NATAL": "PERU", "LONGITUD": -77.1224335, "LATITUD": -11.9946414, "Año": "2024", "Mes": "02" }, "geometry": { "type": "Point", "coordinates": [ 268900.64017036696896, 8673149.061527837067842 ] } },
{ "type": "Feature", "properties": { "id": "640", "FECHA_CORTE": 20240425, "FECHA_REGISTRO": 20240228, "ID_DOC_DENUNCIA": "835e817f0a46b48917b3f204e2b7ee016423848525b55565ca6256023206d85f", "UBIGEO": 70101, "DEPARTAMENTO": "CALLAO", "PROVINCIA": "CALLAO", "DISTRITO": "CALLAO", "TIPO_DE_DENUNCIA": "DENUNCIA", "SITUACION_DENUNCIA": "RESUELTA", "TIPO": "PATRIMONIO (DELITO)", "SUBTIPO": "ROBO", "MODALIDAD": "ROBO", "FECHA_HECHO": 20240208, "HORA_HECHO": 0, "UBICACION": "AV. ELMER FAUCETT CON LA AV. COLONIAL CALLAO", "DESCRIPCION": "LA LEGUA", "FECHA_NACIMIENTO": 19780216, "EDAD_PERSONA": 46, "SEXO": "FEMENINO", "ESTADO_CIVIL": "SOLTERO(A)", "GRADO_INSTRUCCION": "NO INDICA", "OCUPACION": "NO INDICA", "PAIS_NATAL": "PERU", "LONGITUD": -77.1157397, "LATITUD": -12.0425782, "Año": "2024", "Mes": "02" }, "geometry": { "type": "Point", "coordinates": [ 269670.597308370284736, 8667850.579609982669353 ] } },
{ "type": "Feature", "properties": { "id": "641", "FECHA_CORTE": 20240425, "FECHA_REGISTRO": 20240224, "ID_DOC_DENUNCIA": "dbad6af819d9dc297d5d691bb8808c2566e74c8df3f96c23065a7f9cc4fcf878", "UBIGEO": 70101, "DEPARTAMENTO": "CALLAO", "PROVINCIA": "CALLAO", "DISTRITO": "CALLAO", "TIPO_DE_DENUNCIA": "DENUNCIA", "SITUACION_DENUNCIA": "PENDIENTE", "TIPO": "PATRIMONIO (DELITO)", "SUBTIPO": "ROBO", "MODALIDAD": "ROBO AGRAVADO", "FECHA_HECHO": 20240223, "HORA_HECHO": 2030, "UBICACION": "INMEDIACIONES DE LA AV CONTRALMIRANTE MORA", "DESCRIPCION": "DEPINCRI CALLAO/LA PUNTA", "FECHA_NACIMIENTO": 19980102, "EDAD_PERSONA": 26, "SEXO": "MASCULINO", "ESTADO_CIVIL": "SOLTERO(A)", "GRADO_INSTRUCCION": "NO INDICA", "OCUPACION": "NO INDICA", "PAIS_NATAL": "PERU", "LONGITUD": -77.1157397, "LATITUD": -12.0425782, "Año": "2024", "Mes": "02" }, "geometry": { "type": "Point", "coordinates": [ 269670.597308370284736, 8667850.579609982669353 ] } },
{ "type": "Feature", "properties": { "id": "645", "FECHA_CORTE": 20240425, "FECHA_REGISTRO": 20240207, "ID_DOC_DENUNCIA": "349087bc1a14cbe34869cb9071432d4909c98109d14a4a71d4724156935f3a87", "UBIGEO": 70106, "DEPARTAMENTO": "CALLAO", "PROVINCIA": "CALLAO", "DISTRITO": "VENTANILLA", "TIPO_DE_DENUNCIA": "OCURRENCIA", "SITUACION_DENUNCIA": "RESUELTA", "TIPO": "PATRIMONIO (DELITO)", "SUBTIPO": "HURTO", "MODALIDAD": "HURTO DE VEHICULO", "FECHA_HECHO": 20240206, "HORA_HECHO": 1530, "UBICACION": "AV 225 MERCADO DE VILLA", "DESCRIPCION": "PACHACUTEC", "FECHA_NACIMIENTO": 19840826, "EDAD_PERSONA": 39, "SEXO": "FEMENINO", "ESTADO_CIVIL": "SOLTERO(A)", "GRADO_INSTRUCCION": "NO INDICA", "OCUPACION": "COBRADOR TRANSPORTE PUBLICO", "PAIS_NATAL": "PERU", "LONGITUD": -77.1069728, "LATITUD": -11.91960966, "Año": "2024", "Mes": "02" }, "geometry": { "type": "Point", "coordinates": [ 270521.486176188045647, 8681463.988261332735419 ] } },
{ "type": "Feature", "properties": { "id": "646", "FECHA_CORTE": 20240425, "FECHA_REGISTRO": 20240219, "ID_DOC_DENUNCIA": "44db8170e10a23ebe1b17faea7e91c978f8ff6f5cbbde4467d15c265265fb59b", "UBIGEO": 70101, "DEPARTAMENTO": "CALLAO", "PROVINCIA": "CALLAO", "DISTRITO": "CALLAO", "TIPO_DE_DENUNCIA": "ACTA DE INTERVENCION", "SITUACION_DENUNCIA": "RESUELTA", "TIPO": "PATRIMONIO (DELITO)", "SUBTIPO": "HURTO", "MODALIDAD": "HURTO", "FECHA_HECHO": 20240218, "HORA_HECHO": 100, "UBICACION": "DANIEL ALCIDES CARRION MZ D8 LT 15  CALLAO 07046  PERU", "DESCRIPCION": "SARITA COLONIA", "FECHA_NACIMIENTO": 19800309, "EDAD_PERSONA": 43, "SEXO": "FEMENINO", "ESTADO_CIVIL": "SOLTERO(A)", "GRADO_INSTRUCCION": "NO INDICA", "OCUPACION": "AMA DE CASA", "PAIS_NATAL": "PERU", "LONGITUD": -77.13684923, "LATITUD": -12.01043594, "Año": "2024", "Mes": "02" }, "geometry": { "type": "Point", "coordinates": [ 267343.888965996680781, 8671389.278684739023447 ] } },
{ "type": "Feature", "properties": { "id": "647", "FECHA_CORTE": 20240425, "FECHA_REGISTRO": 20240224, "ID_DOC_DENUNCIA": "d68bad1de1664184504ef50236d43b106b270896c34cb10eb9eab03fcb4f6413", "UBIGEO": 70101, "DEPARTAMENTO": "CALLAO", "PROVINCIA": "CALLAO", "DISTRITO": "CALLAO", "TIPO_DE_DENUNCIA": "DENUNCIA", "SITUACION_DENUNCIA": "PENDIENTE", "TIPO": "PATRIMONIO (DELITO)", "SUBTIPO": "HURTO", "MODALIDAD": "HURTO", "FECHA_HECHO": 20240224, "HORA_HECHO": 1400, "UBICACION": "AV ARGENTINA REF PASAJE VILLEGAS", "DESCRIPCION": "RAMON CASTILLA", "FECHA_NACIMIENTO": 19960528, "EDAD_PERSONA": 27, "SEXO": "FEMENINO", "ESTADO_CIVIL": "SOLTERO(A)", "GRADO_INSTRUCCION": "NO INDICA", "OCUPACION": "NO INDICA", "PAIS_NATAL": "PERU", "LONGITUD": -77.1007271, "LATITUD": -12.0485687, "Año": "2024", "Mes": "02" }, "geometry": { "type": "Point", "coordinates": [ 271310.689475930645131, 8667200.30807663500309 ] } },
{ "type": "Feature", "properties": { "id": "649", "FECHA_CORTE": 20240425, "FECHA_REGISTRO": 20240219, "ID_DOC_DENUNCIA": "146b9e3e5550a77fa55e08522ef2363649f485d34282a4db5eaaa1c597c884b8", "UBIGEO": 70101, "DEPARTAMENTO": "CALLAO", "PROVINCIA": "CALLAO", "DISTRITO": "CALLAO", "TIPO_DE_DENUNCIA": "DENUNCIA", "SITUACION_DENUNCIA": "RESUELTA", "TIPO": "PATRIMONIO (DELITO)", "SUBTIPO": "ROBO", "MODALIDAD": "ROBO", "FECHA_HECHO": 20240219, "HORA_HECHO": 1420, "UBICACION": "CALLE MILLER Y JR SAN MARTIN CALLAO (REF. CUADRA Y MEDIA DEL BANCO BBVA)", "DESCRIPCION": "DEPINCRI CALLAO/LA PUNTA", "FECHA_NACIMIENTO": 19911228, "EDAD_PERSONA": 32, "SEXO": "FEMENINO", "ESTADO_CIVIL": "SOLTERO(A)", "GRADO_INSTRUCCION": "NO INDICA", "OCUPACION": "NO INDICA", "PAIS_NATAL": "PERU", "LONGITUD": -77.1157397, "LATITUD": -12.0425782, "Año": "2024", "Mes": "02" }, "geometry": { "type": "Point", "coordinates": [ 269670.597308370284736, 8667850.579609982669353 ] } },
{ "type": "Feature", "properties": { "id": "650", "FECHA_CORTE": 20240425, "FECHA_REGISTRO": 20240205, "ID_DOC_DENUNCIA": "99b0daf87b7dc8279b6b38772fc2e1c3c6452b1d9bcd4189e3f0f43298505d60", "UBIGEO": 70101, "DEPARTAMENTO": "CALLAO", "PROVINCIA": "CALLAO", "DISTRITO": "CALLAO", "TIPO_DE_DENUNCIA": "DENUNCIA", "SITUACION_DENUNCIA": "RESUELTA", "TIPO": "PATRIMONIO (DELITO)", "SUBTIPO": "ROBO", "MODALIDAD": "ROBO AGRAVADO", "FECHA_HECHO": 20240201, "HORA_HECHO": 1740, "UBICACION": "XV6G+7MV  CALLAO 07026  PERU", "DESCRIPCION": "RAMON CASTILLA", "FECHA_NACIMIENTO": 19960215, "EDAD_PERSONA": 27, "SEXO": "MASCULINO", "ESTADO_CIVIL": "SOLTERO(A)", "GRADO_INSTRUCCION": "NO INDICA", "OCUPACION": "NO INDICA", "PAIS_NATAL": "PERU", "LONGITUD": -77.12342146, "LATITUD": -12.03909612, "Año": "2024", "Mes": "02" }, "geometry": { "type": "Point", "coordinates": [ 268830.993182659847662, 8668229.405160238966346 ] } },
{ "type": "Feature", "properties": { "id": "651", "FECHA_CORTE": 20240425, "FECHA_REGISTRO": 20240223, "ID_DOC_DENUNCIA": "b5bcedd94237b2fad67c89d5596e0b03c899d4a613cd6633b1266291d0847c17", "UBIGEO": 70101, "DEPARTAMENTO": "CALLAO", "PROVINCIA": "CALLAO", "DISTRITO": "CALLAO", "TIPO_DE_DENUNCIA": "DENUNCIA", "SITUACION_DENUNCIA": "RESUELTA", "TIPO": "PATRIMONIO (DELITO)", "SUBTIPO": "ROBO", "MODALIDAD": "ROBO AGRAVADO", "FECHA_HECHO": 20240223, "HORA_HECHO": 1700, "UBICACION": "AVENIDA ICA LA CHALACA", "DESCRIPCION": "DULANTO", "FECHA_NACIMIENTO": 19551030, "EDAD_PERSONA": 68, "SEXO": "MASCULINO", "ESTADO_CIVIL": "SOLTERO(A)", "GRADO_INSTRUCCION": "NO INDICA", "OCUPACION": "CARPINTERO", "PAIS_NATAL": "PERU", "LONGITUD": -77.1276629, "LATITUD": -12.0487793, "Año": "2024", "Mes": "02" }, "geometry": { "type": "Point", "coordinates": [ 268377.354358304815833, 8667154.399742810055614 ] } },
{ "type": "Feature", "properties": { "id": "653", "FECHA_CORTE": 20240425, "FECHA_REGISTRO": 20240226, "ID_DOC_DENUNCIA": "186159c3b1851940913d095735639029e631224bd6c91c8e058fea0c4f51dc11", "UBIGEO": 70101, "DEPARTAMENTO": "CALLAO", "PROVINCIA": "CALLAO", "DISTRITO": "CALLAO", "TIPO_DE_DENUNCIA": "DENUNCIA", "SITUACION_DENUNCIA": "PENDIENTE", "TIPO": "PATRIMONIO (DELITO)", "SUBTIPO": "ROBO", "MODALIDAD": "ROBO", "FECHA_HECHO": 20240225, "HORA_HECHO": 610, "UBICACION": "AAHH 28 DE JULIO 200 MILLAS", "DESCRIPCION": "PLAYA RIMAC", "FECHA_NACIMIENTO": 19960709, "EDAD_PERSONA": 27, "SEXO": "MASCULINO", "ESTADO_CIVIL": "SOLTERO(A)", "GRADO_INSTRUCCION": "NO INDICA", "OCUPACION": "NO INDICA", "PAIS_NATAL": "PERU", "LONGITUD": -77.120885, "LATITUD": -12.044381, "Año": "2024", "Mes": "02" }, "geometry": { "type": "Point", "coordinates": [ 269111.762134987220634, 8667646.778735529631376 ] } },
{ "type": "Feature", "properties": { "id": "654", "FECHA_CORTE": 20240425, "FECHA_REGISTRO": 20240224, "ID_DOC_DENUNCIA": "678edcdd47424e1658e2d30eefd8b14b3aa9dc260a357e21bb3f8861c33413d4", "UBIGEO": 70101, "DEPARTAMENTO": "CALLAO", "PROVINCIA": "CALLAO", "DISTRITO": "CALLAO", "TIPO_DE_DENUNCIA": "ACTA DE DENUNCIA VERBAL", "SITUACION_DENUNCIA": "PENDIENTE", "TIPO": "PATRIMONIO (DELITO)", "SUBTIPO": "ROBO", "MODALIDAD": "ASALTO Y ROBO DE VEHICULOS", "FECHA_HECHO": 20240223, "HORA_HECHO": 2330, "UBICACION": "AV. PERU NRO. 4491 BOCANEGRA", "DESCRIPCION": "PLAYA RIMAC", "FECHA_NACIMIENTO": 19700605, "EDAD_PERSONA": 53, "SEXO": "FEMENINO", "ESTADO_CIVIL": "SOLTERO(A)", "GRADO_INSTRUCCION": "NO INDICA", "OCUPACION": "NO INDICA", "PAIS_NATAL": "PERU", "LONGITUD": -77.0970461, "LATITUD": -12.028955, "Año": "2024", "Mes": "02" }, "geometry": { "type": "Point", "coordinates": [ 271695.000630147114862, 8669373.561332261189818 ] } },
{ "type": "Feature", "properties": { "id": "655", "FECHA_CORTE": 20240425, "FECHA_REGISTRO": 20240219, "ID_DOC_DENUNCIA": "d462da9b3c4e5a2ca05de40da47e99488cb04dca00fad56716fc383fde712663", "UBIGEO": 70101, "DEPARTAMENTO": "CALLAO", "PROVINCIA": "CALLAO", "DISTRITO": "CALLAO", "TIPO_DE_DENUNCIA": "DENUNCIA", "SITUACION_DENUNCIA": "RESUELTA", "TIPO": "PATRIMONIO (DELITO)", "SUBTIPO": "ROBO", "MODALIDAD": "ROBO", "FECHA_HECHO": 20240219, "HORA_HECHO": 1030, "UBICACION": "AV. BETELLO CON AV. VILLAS DE OQUENDO CALLAO", "DESCRIPCION": "OQUENDO", "FECHA_NACIMIENTO": 19970103, "EDAD_PERSONA": 27, "SEXO": "MASCULINO", "ESTADO_CIVIL": "SOLTERO(A)", "GRADO_INSTRUCCION": "NO INDICA", "OCUPACION": "NO INDICA", "PAIS_NATAL": "PERU", "LONGITUD": -77.1268537, "LATITUD": -11.97180716, "Año": "2024", "Mes": "02" }, "geometry": { "type": "Point", "coordinates": [ 268399.665486347978003, 8675671.912887439131737 ] } },
{ "type": "Feature", "properties": { "id": "656", "FECHA_CORTE": 20240425, "FECHA_REGISTRO": 20240209, "ID_DOC_DENUNCIA": "0c5014e2d8c4e8d751fbd58ffe9ff6c43c1448db28001247004ab696fc896710", "UBIGEO": 70101, "DEPARTAMENTO": "CALLAO", "PROVINCIA": "CALLAO", "DISTRITO": "CALLAO", "TIPO_DE_DENUNCIA": "DENUNCIA", "SITUACION_DENUNCIA": "RESUELTA", "TIPO": "PATRIMONIO (DELITO)", "SUBTIPO": "ROBO", "MODALIDAD": "ROBO AGRAVADO DURANTE LA NOCHE O EN LUGAR DESOLADO", "FECHA_HECHO": 20240208, "HORA_HECHO": 2348, "UBICACION": "PUENTE PEATONAL FRENTE A IMUPESA CALLAO", "DESCRIPCION": "SARITA COLONIA", "FECHA_NACIMIENTO": 19881112, "EDAD_PERSONA": 35, "SEXO": "FEMENINO", "ESTADO_CIVIL": "SOLTERO(A)", "GRADO_INSTRUCCION": "NO INDICA", "OCUPACION": "SECRETARIA", "PAIS_NATAL": "PERU", "LONGITUD": -77.1244717, "LATITUD": -11.9921176, "Año": "2024", "Mes": "02" }, "geometry": { "type": "Point", "coordinates": [ 268676.466321292507928, 8673426.603981332853436 ] } },
{ "type": "Feature", "properties": { "id": "657", "FECHA_CORTE": 20240425, "FECHA_REGISTRO": 20240223, "ID_DOC_DENUNCIA": "96c6c8ae4ab9d21faef60b43b3891c65e25974f6a265eb8b2a6fb38eda1e14a0", "UBIGEO": 70101, "DEPARTAMENTO": "CALLAO", "PROVINCIA": "CALLAO", "DISTRITO": "CALLAO", "TIPO_DE_DENUNCIA": "DENUNCIA", "SITUACION_DENUNCIA": "RESUELTA", "TIPO": "PATRIMONIO (DELITO)", "SUBTIPO": "ROBO", "MODALIDAD": "ROBO AGRAVADO", "FECHA_HECHO": 20240223, "HORA_HECHO": 830, "UBICACION": "AVENIDA TUPAC AMARU AVENIDA NUEVO AEROPUERTO", "DESCRIPCION": "DULANTO", "FECHA_NACIMIENTO": 19951124, "EDAD_PERSONA": 28, "SEXO": "MASCULINO", "ESTADO_CIVIL": "SOLTERO(A)", "GRADO_INSTRUCCION": "NO INDICA", "OCUPACION": "ASESOR DE VENTAS", "PAIS_NATAL": "PERU", "LONGITUD": -77.10624424, "LATITUD": -12.00954897, "Año": "2024", "Mes": "02" }, "geometry": { "type": "Point", "coordinates": [ 270676.742281630868092, 8671513.117002559825778 ] } },
{ "type": "Feature", "properties": { "id": "658", "FECHA_CORTE": 20240425, "FECHA_REGISTRO": 20240212, "ID_DOC_DENUNCIA": "9616e1c7d8ec4c9307fe372229b4319d9d8b29bdd1f67d945020878a3ec3efa9", "UBIGEO": 70101, "DEPARTAMENTO": "CALLAO", "PROVINCIA": "CALLAO", "DISTRITO": "CALLAO", "TIPO_DE_DENUNCIA": "DENUNCIA", "SITUACION_DENUNCIA": "RESUELTA", "TIPO": "PATRIMONIO (DELITO)", "SUBTIPO": "ROBO", "MODALIDAD": "ROBO AGRAVADO", "FECHA_HECHO": 20240212, "HORA_HECHO": 330, "UBICACION": "PARQUE NRO 1 DE LA URB SANTA CRUZ CALLAO", "DESCRIPCION": "LA LEGUA", "FECHA_NACIMIENTO": 19960116, "EDAD_PERSONA": 28, "SEXO": "MASCULINO", "ESTADO_CIVIL": "SOLTERO(A)", "GRADO_INSTRUCCION": "NO INDICA", "OCUPACION": "NO INDICA", "PAIS_NATAL": "PERU", "LONGITUD": -77.1175036, "LATITUD": -12.0440849, "Año": "2024", "Mes": "02" }, "geometry": { "type": "Point", "coordinates": [ 269479.776641357864719, 8667682.385178443044424 ] } },
{ "type": "Feature", "properties": { "id": "662", "FECHA_CORTE": 20240425, "FECHA_REGISTRO": 20240209, "ID_DOC_DENUNCIA": "ca374005ba7159ae683be1a398c8344f4959bf1431740e77ef516f9b919ec1f5", "UBIGEO": 70101, "DEPARTAMENTO": "CALLAO", "PROVINCIA": "CALLAO", "DISTRITO": "CALLAO", "TIPO_DE_DENUNCIA": "DENUNCIA", "SITUACION_DENUNCIA": "PENDIENTE", "TIPO": "PATRIMONIO (DELITO)", "SUBTIPO": "HURTO", "MODALIDAD": "HURTO", "FECHA_HECHO": 20240208, "HORA_HECHO": 200, "UBICACION": "AV PEDRO RUIZ 417 CALLAO", "DESCRIPCION": "DEPINCRI CALLAO/LA PUNTA", "FECHA_NACIMIENTO": 19780413, "EDAD_PERSONA": 45, "SEXO": "MASCULINO", "ESTADO_CIVIL": "SOLTERO(A)", "GRADO_INSTRUCCION": "NO INDICA", "OCUPACION": "SEGURIDAD", "PAIS_NATAL": "PERU", "LONGITUD": -77.1007271, "LATITUD": -12.0485687, "Año": "2024", "Mes": "02" }, "geometry": { "type": "Point", "coordinates": [ 271310.689475930645131, 8667200.30807663500309 ] } },
{ "type": "Feature", "properties": { "id": "664", "FECHA_CORTE": 20240425, "FECHA_REGISTRO": 20240201, "ID_DOC_DENUNCIA": "5d27080b4707119d61391a9536518c4b29ab0ecd636a616416202f28c98f75a6", "UBIGEO": 70101, "DEPARTAMENTO": "CALLAO", "PROVINCIA": "CALLAO", "DISTRITO": "CALLAO", "TIPO_DE_DENUNCIA": "DENUNCIA", "SITUACION_DENUNCIA": "RESUELTA", "TIPO": "PATRIMONIO (DELITO)", "SUBTIPO": "ROBO", "MODALIDAD": "ROBO AGRAVADO DURANTE LA NOCHE O EN LUGAR DESOLADO", "FECHA_HECHO": 20240201, "HORA_HECHO": 500, "UBICACION": "FORCELLEDO CRUCE CON LA AV CENTRAL", "DESCRIPCION": "DEPINCRI BELLAVISTA/LA PERLA/C.DE LA LEGUA", "FECHA_NACIMIENTO": 19960413, "EDAD_PERSONA": 27, "SEXO": "FEMENINO", "ESTADO_CIVIL": "SOLTERO(A)", "GRADO_INSTRUCCION": "NO INDICA", "OCUPACION": "ESTUDIANTE", "PAIS_NATAL": "PERU", "LONGITUD": -77.13924596, "LATITUD": -12.03731368, "Año": "2024", "Mes": "02" }, "geometry": { "type": "Point", "coordinates": [ 267105.968733690737281, 8668413.252122461795807 ] } },
{ "type": "Feature", "properties": { "id": "665", "FECHA_CORTE": 20240425, "FECHA_REGISTRO": 20240201, "ID_DOC_DENUNCIA": "05e4096be3ee8e52e54ebd295d52382350e5907609c4c259767c1ae5cfae92e0", "UBIGEO": 70101, "DEPARTAMENTO": "CALLAO", "PROVINCIA": "CALLAO", "DISTRITO": "CALLAO", "TIPO_DE_DENUNCIA": "DENUNCIA", "SITUACION_DENUNCIA": "RESUELTA", "TIPO": "PATRIMONIO (DELITO)", "SUBTIPO": "ROBO", "MODALIDAD": "ROBO AGRAVADO DURANTE LA NOCHE O EN LUGAR DESOLADO", "FECHA_HECHO": 20240201, "HORA_HECHO": 500, "UBICACION": "FORCELLEDO CRUCE CON LA AV CENTRAL", "DESCRIPCION": "DEPINCRI BELLAVISTA/LA PERLA/C.DE LA LEGUA", "FECHA_NACIMIENTO": 19960413, "EDAD_PERSONA": 27, "SEXO": "FEMENINO", "ESTADO_CIVIL": "SOLTERO(A)", "GRADO_INSTRUCCION": "NO INDICA", "OCUPACION": "ESTUDIANTE", "PAIS_NATAL": "PERU", "LONGITUD": -77.1058834, "LATITUD": -12.048905, "Año": "2024", "Mes": "02" }, "geometry": { "type": "Point", "coordinates": [ 270749.417976550001185, 8667158.792392056435347 ] } },
{ "type": "Feature", "properties": { "id": "673", "FECHA_CORTE": 20240425, "FECHA_REGISTRO": 20240205, "ID_DOC_DENUNCIA": "d9cc83c1acb1efe41e9f8cd27ea033541fa5694916a30e0ed3e49d5cfb20c4c8", "UBIGEO": 70101, "DEPARTAMENTO": "CALLAO", "PROVINCIA": "CALLAO", "DISTRITO": "CALLAO", "TIPO_DE_DENUNCIA": "ACTA DE DENUNCIA VERBAL", "SITUACION_DENUNCIA": "RESUELTA", "TIPO": "PATRIMONIO (DELITO)", "SUBTIPO": "ROBO", "MODALIDAD": "ROBO AGRAVADO", "FECHA_HECHO": 20240201, "HORA_HECHO": 1730, "UBICACION": "PASAJE EL SOL  CALLAO", "DESCRIPCION": "DEPINCRI BELLAVISTA/LA PERLA/C.DE LA LEGUA", "FECHA_NACIMIENTO": 19911206, "EDAD_PERSONA": 32, "SEXO": "FEMENINO", "ESTADO_CIVIL": "SOLTERO(A)", "GRADO_INSTRUCCION": "NO INDICA", "OCUPACION": "NO INDICA", "PAIS_NATAL": "PERU", "LONGITUD": -77.13394089000001, "LATITUD": -12.06495792, "Año": "2024", "Mes": "02" }, "geometry": { "type": "Point", "coordinates": [ 267707.560083011805546, 8665358.94129316136241 ] } },
{ "type": "Feature", "properties": { "id": "680", "FECHA_CORTE": 20240425, "FECHA_REGISTRO": 20240217, "ID_DOC_DENUNCIA": "b153a97e9a004978cdcc49095502cdea7678e9f387bfb84532815ee35625fc3f", "UBIGEO": 70101, "DEPARTAMENTO": "CALLAO", "PROVINCIA": "CALLAO", "DISTRITO": "CALLAO", "TIPO_DE_DENUNCIA": "DENUNCIA", "SITUACION_DENUNCIA": "PENDIENTE", "TIPO": "PATRIMONIO (DELITO)", "SUBTIPO": "ROBO", "MODALIDAD": "ROBO AGRAVADO A MANO ARMADA", "FECHA_HECHO": 20240217, "HORA_HECHO": 1700, "UBICACION": "URB LAS FRESAS MZ R LOTE 22 CALLAO", "DESCRIPCION": "JUAN INGUNZA VALDIVIA", "FECHA_NACIMIENTO": 19880225, "EDAD_PERSONA": 35, "SEXO": "FEMENINO", "ESTADO_CIVIL": "SOLTERO(A)", "GRADO_INSTRUCCION": "NO INDICA", "OCUPACION": "NO INDICA", "PAIS_NATAL": "PERU", "LONGITUD": -77.1148075, "LATITUD": -12.000189, "Año": "2024", "Mes": "02" }, "geometry": { "type": "Point", "coordinates": [ 269736.05000899056904, 8672541.620882574468851 ] } },
{ "type": "Feature", "properties": { "id": "681", "FECHA_CORTE": 20240425, "FECHA_REGISTRO": 20240208, "ID_DOC_DENUNCIA": "f8588731680e0e111e1f0519f026bdfb4727646b9b77985e7faf561369c5281e", "UBIGEO": 70101, "DEPARTAMENTO": "CALLAO", "PROVINCIA": "CALLAO", "DISTRITO": "CALLAO", "TIPO_DE_DENUNCIA": "DENUNCIA", "SITUACION_DENUNCIA": "RESUELTA", "TIPO": "PATRIMONIO (DELITO)", "SUBTIPO": "ROBO", "MODALIDAD": "ROBO AGRAVADO", "FECHA_HECHO": 20240208, "HORA_HECHO": 650, "UBICACION": "AV TOMAS VALLE Y DOMINICOS CALLAO", "DESCRIPCION": "JUAN INGUNZA VALDIVIA", "FECHA_NACIMIENTO": 19920606, "EDAD_PERSONA": 31, "SEXO": "FEMENINO", "ESTADO_CIVIL": "SOLTERO(A)", "GRADO_INSTRUCCION": "NO INDICA", "OCUPACION": "NO INDICA", "PAIS_NATAL": "PERU", "LONGITUD": -77.0948214, "LATITUD": -12.0134917, "Año": "2024", "Mes": "02" }, "geometry": { "type": "Point", "coordinates": [ 271924.268058969289996, 8671086.364669732749462 ] } },
{ "type": "Feature", "properties": { "id": "682", "FECHA_CORTE": 20240425, "FECHA_REGISTRO": 20240212, "ID_DOC_DENUNCIA": "05718c2d8fbbfb993d3d5950c2a91e9e4f235403c49bc57b338e167ca7b46855", "UBIGEO": 70101, "DEPARTAMENTO": "CALLAO", "PROVINCIA": "CALLAO", "DISTRITO": "CALLAO", "TIPO_DE_DENUNCIA": "DENUNCIA", "SITUACION_DENUNCIA": "RESUELTA", "TIPO": "PATRIMONIO (DELITO)", "SUBTIPO": "ROBO", "MODALIDAD": "ROBO AGRAVADO A MANO ARMADA", "FECHA_HECHO": 20240212, "HORA_HECHO": 1700, "UBICACION": "AV SANTA ROSA CON CALLE PABLO NERUDA", "DESCRIPCION": "LA LEGUA", "FECHA_NACIMIENTO": 19981113, "EDAD_PERSONA": 25, "SEXO": "FEMENINO", "ESTADO_CIVIL": "SOLTERO(A)", "GRADO_INSTRUCCION": "NO INDICA", "OCUPACION": "NO INDICA", "PAIS_NATAL": "PERU", "LONGITUD": -77.115199, "LATITUD": -12.0510234, "Año": "2024", "Mes": "02" }, "geometry": { "type": "Point", "coordinates": [ 269736.688266900309827, 8666916.591524992138147 ] } },
{ "type": "Feature", "properties": { "id": "684", "FECHA_CORTE": 20240425, "FECHA_REGISTRO": 20240217, "ID_DOC_DENUNCIA": "52f8c43d2f94322bd45379b495664c03ca22c0966299609393830a6533ca2575", "UBIGEO": 70101, "DEPARTAMENTO": "CALLAO", "PROVINCIA": "CALLAO", "DISTRITO": "CALLAO", "TIPO_DE_DENUNCIA": "DENUNCIA", "SITUACION_DENUNCIA": "RESUELTA", "TIPO": "PATRIMONIO (DELITO)", "SUBTIPO": "ROBO", "MODALIDAD": "ROBO", "FECHA_HECHO": 20240217, "HORA_HECHO": 2000, "UBICACION": "A LA ALTURA DE LA INTERSECCION DEL JR. LAZARETO CON EL JR. CESAR VALLEJO CALLAO", "DESCRIPCION": "CALLAO", "FECHA_NACIMIENTO": 19980721, "EDAD_PERSONA": 25, "SEXO": "MASCULINO", "ESTADO_CIVIL": "SOLTERO(A)", "GRADO_INSTRUCCION": "NO INDICA", "OCUPACION": "ESTUDIANTE", "PAIS_NATAL": "PERU", "LONGITUD": -77.1362325, "LATITUD": -12.0560337, "Año": "2024", "Mes": "02" }, "geometry": { "type": "Point", "coordinates": [ 267450.301950681139715, 8666344.454122574999928 ] } },
{ "type": "Feature", "properties": { "id": "685", "FECHA_CORTE": 20240425, "FECHA_REGISTRO": 20240226, "ID_DOC_DENUNCIA": "41de25d2d7bd193d5b2a718dad6985810cf42d323b63a4fd87915495a9ae6ba7", "UBIGEO": 70101, "DEPARTAMENTO": "CALLAO", "PROVINCIA": "CALLAO", "DISTRITO": "CALLAO", "TIPO_DE_DENUNCIA": "DENUNCIA", "SITUACION_DENUNCIA": "RESUELTA", "TIPO": "PATRIMONIO (DELITO)", "SUBTIPO": "ROBO", "MODALIDAD": "ROBO", "FECHA_HECHO": 20240224, "HORA_HECHO": 330, "UBICACION": "SOBRE EL PUENTE PEATONAL DEL PARADERO MONARK DEL CALLAO  UBICADO EN LA AV. ELMER FAUCETT", "DESCRIPCION": "PLAYA RIMAC", "FECHA_NACIMIENTO": 19981214, "EDAD_PERSONA": 25, "SEXO": "MASCULINO", "ESTADO_CIVIL": "SOLTERO(A)", "GRADO_INSTRUCCION": "NO INDICA", "OCUPACION": "NO INDICA", "PAIS_NATAL": "PERU", "LONGITUD": -77.0999501, "LATITUD": -12.0314212, "Año": "2024", "Mes": "02" }, "geometry": { "type": "Point", "coordinates": [ 271380.7980935923988, 8669098.269388195127249 ] } },
{ "type": "Feature", "properties": { "id": "695", "FECHA_CORTE": 20240425, "FECHA_REGISTRO": 20240219, "ID_DOC_DENUNCIA": "1c7a79e3ae32c93d18af0090ccdb259ee4be2e9b81aa74eab0028a87346eafe8", "UBIGEO": 70101, "DEPARTAMENTO": "CALLAO", "PROVINCIA": "CALLAO", "DISTRITO": "CALLAO", "TIPO_DE_DENUNCIA": "DENUNCIA", "SITUACION_DENUNCIA": "RESUELTA", "TIPO": "PATRIMONIO (DELITO)", "SUBTIPO": "ROBO", "MODALIDAD": "ROBO DE CELULAR", "FECHA_HECHO": 20240219, "HORA_HECHO": 510, "UBICACION": "AV. PACASMAYO CUADRA 46 FRONTIS DE LA BODEGA BAZAR J&L", "DESCRIPCION": "BOCANEGRA", "FECHA_NACIMIENTO": 20020925, "EDAD_PERSONA": 21, "SEXO": "MASCULINO", "ESTADO_CIVIL": "SOLTERO(A)", "GRADO_INSTRUCCION": "NO INDICA", "OCUPACION": "NO INDICA", "PAIS_NATAL": "PERU", "LONGITUD": -77.08849948, "LATITUD": -12.05117577, "Año": "2024", "Mes": "02" }, "geometry": { "type": "Point", "coordinates": [ 272644.552070855745114, 8666922.012991128489375 ] } },
{ "type": "Feature", "properties": { "id": "696", "FECHA_CORTE": 20240425, "FECHA_REGISTRO": 20240221, "ID_DOC_DENUNCIA": "15079f2d698c95695162fd2f586bb341a9afef2af53ae55348a3ee91b5416caa", "UBIGEO": 70101, "DEPARTAMENTO": "CALLAO", "PROVINCIA": "CALLAO", "DISTRITO": "CALLAO", "TIPO_DE_DENUNCIA": "DENUNCIA", "SITUACION_DENUNCIA": "PENDIENTE", "TIPO": "PATRIMONIO (DELITO)", "SUBTIPO": "ROBO", "MODALIDAD": "ROBO AGRAVADO A MANO ARMADA", "FECHA_HECHO": 20240207, "HORA_HECHO": 1040, "UBICACION": "CENTRO AEREO COMERCIAL", "DESCRIPCION": "SARITA COLONIA", "FECHA_NACIMIENTO": 19871209, "EDAD_PERSONA": 36, "SEXO": "FEMENINO", "ESTADO_CIVIL": "SOLTERO(A)", "GRADO_INSTRUCCION": "NO INDICA", "OCUPACION": "NO INDICA", "PAIS_NATAL": "PERU", "LONGITUD": -77.1043975, "LATITUD": -12.0235384, "Año": "2024", "Mes": "02" }, "geometry": { "type": "Point", "coordinates": [ 270889.73612288973527, 8669966.770217437297106 ] } },
{ "type": "Feature", "properties": { "id": "697", "FECHA_CORTE": 20240425, "FECHA_REGISTRO": 20240207, "ID_DOC_DENUNCIA": "918f68c07a144ec80d114f5d1056dd11630f8fb955172e0d6e4870e8021d902c", "UBIGEO": 70101, "DEPARTAMENTO": "CALLAO", "PROVINCIA": "CALLAO", "DISTRITO": "CALLAO", "TIPO_DE_DENUNCIA": "DENUNCIA", "SITUACION_DENUNCIA": "RESUELTA", "TIPO": "PATRIMONIO (DELITO)", "SUBTIPO": "HURTO", "MODALIDAD": "HURTO DE CELULAR", "FECHA_HECHO": 20240207, "HORA_HECHO": 1130, "UBICACION": "AV HIPOLITO UNANUE  CON CALLE PABLO DE OLAVIDE", "DESCRIPCION": "LA LEGUA", "FECHA_NACIMIENTO": 19961218, "EDAD_PERSONA": 27, "SEXO": "FEMENINO", "ESTADO_CIVIL": "SOLTERO(A)", "GRADO_INSTRUCCION": "NO INDICA", "OCUPACION": "NO INDICA", "PAIS_NATAL": "PERU", "LONGITUD": -77.09281848000001, "LATITUD": -12.05152137, "Año": "2024", "Mes": "02" }, "geometry": { "type": "Point", "coordinates": [ 272174.482575931644533, 8666880.188647305592895 ] } },
{ "type": "Feature", "properties": { "id": "699", "FECHA_CORTE": 20240425, "FECHA_REGISTRO": 20240223, "ID_DOC_DENUNCIA": "3e8d7f2f04f3ffe6beb3e6f807db0753d903a4bad2dfbd1ff2dea6007a89a648", "UBIGEO": 70101, "DEPARTAMENTO": "CALLAO", "PROVINCIA": "CALLAO", "DISTRITO": "CALLAO", "TIPO_DE_DENUNCIA": "ACTA DE DENUNCIA VERBAL", "SITUACION_DENUNCIA": "PENDIENTE", "TIPO": "PATRIMONIO (DELITO)", "SUBTIPO": "HURTO", "MODALIDAD": "HURTO AGRAVADO DURANTE LA NOCHE", "FECHA_HECHO": 20240221, "HORA_HECHO": 2300, "UBICACION": "PARADERO PLAYA", "DESCRIPCION": "PLAYA RIMAC", "FECHA_NACIMIENTO": 19960328, "EDAD_PERSONA": 27, "SEXO": "MASCULINO", "ESTADO_CIVIL": "SOLTERO(A)", "GRADO_INSTRUCCION": "NO INDICA", "OCUPACION": "NO INDICA", "PAIS_NATAL": "PERU", "LONGITUD": -77.0989448, "LATITUD": -12.0382627, "Año": "2024", "Mes": "02" }, "geometry": { "type": "Point", "coordinates": [ 271496.073762502172031, 8668342.117667512968183 ] } },
{ "type": "Feature", "properties": { "id": "703", "FECHA_CORTE": 20240425, "FECHA_REGISTRO": 20240201, "ID_DOC_DENUNCIA": "07c887445b3c799d7e38e4a63a09192acce7201bbd45fe6983ad963eafbacb49", "UBIGEO": 70101, "DEPARTAMENTO": "CALLAO", "PROVINCIA": "CALLAO", "DISTRITO": "CALLAO", "TIPO_DE_DENUNCIA": "ACTA DE DENUNCIA VERBAL", "SITUACION_DENUNCIA": "RESUELTA", "TIPO": "PATRIMONIO (DELITO)", "SUBTIPO": "HURTO", "MODALIDAD": "HURTO", "FECHA_HECHO": 20240201, "HORA_HECHO": 1400, "UBICACION": "AV DOS DE MAYO Y AV SAENZ PEÑA CALLAO", "DESCRIPCION": "CALLAO", "FECHA_NACIMIENTO": 19950514, "EDAD_PERSONA": 28, "SEXO": "FEMENINO", "ESTADO_CIVIL": "SOLTERO(A)", "GRADO_INSTRUCCION": "NO INDICA", "OCUPACION": "NO INDICA", "PAIS_NATAL": "PERU", "LONGITUD": -77.1430887, "LATITUD": -12.0609794, "Año": "2024", "Mes": "02" }, "geometry": { "type": "Point", "coordinates": [ 266707.896606134716421, 8665791.387424543499947 ] } },
{ "type": "Feature", "properties": { "id": "704", "FECHA_CORTE": 20240425, "FECHA_REGISTRO": 20240208, "ID_DOC_DENUNCIA": "697cd12952a474e8235341b68e15c485bcace9cb68f8d5107932e0cae3337a7a", "UBIGEO": 70101, "DEPARTAMENTO": "CALLAO", "PROVINCIA": "CALLAO", "DISTRITO": "CALLAO", "TIPO_DE_DENUNCIA": "DENUNCIA", "SITUACION_DENUNCIA": "RESUELTA", "TIPO": "PATRIMONIO (DELITO)", "SUBTIPO": "HURTO", "MODALIDAD": "HURTO", "FECHA_HECHO": 20240206, "HORA_HECHO": 1900, "UBICACION": "AV. MIGUEL GRAU CON EL JR. CONTRAALMIRANTE VILLAR CALLAO", "DESCRIPCION": "CALLAO", "FECHA_NACIMIENTO": 19800319, "EDAD_PERSONA": 43, "SEXO": "FEMENINO", "ESTADO_CIVIL": "SOLTERO(A)", "GRADO_INSTRUCCION": "NO INDICA", "OCUPACION": "NO INDICA", "PAIS_NATAL": "PERU", "LONGITUD": -77.1364228, "LATITUD": -12.0641576, "Año": "2024", "Mes": "02" }, "geometry": { "type": "Point", "coordinates": [ 267436.583582118153572, 8665445.389728231355548 ] } },
{ "type": "Feature", "properties": { "id": "705", "FECHA_CORTE": 20240425, "FECHA_REGISTRO": 20240220, "ID_DOC_DENUNCIA": "56e5d2994ed72b4cf6b8470b0703b4a0843aa682ebb29df3df0be40d1613f686", "UBIGEO": 70101, "DEPARTAMENTO": "CALLAO", "PROVINCIA": "CALLAO", "DISTRITO": "CALLAO", "TIPO_DE_DENUNCIA": "ACTA DE DENUNCIA VERBAL", "SITUACION_DENUNCIA": "RESUELTA", "TIPO": "PATRIMONIO (DELITO)", "SUBTIPO": "HURTO", "MODALIDAD": "HURTO AGRAVADO", "FECHA_HECHO": 20240220, "HORA_HECHO": 500, "UBICACION": "AV ARGENTINA CON LA AV ENRIQUE MEIGGS", "DESCRIPCION": "LA LEGUA", "FECHA_NACIMIENTO": 19790624, "EDAD_PERSONA": 44, "SEXO": "MASCULINO", "ESTADO_CIVIL": "SOLTERO(A)", "GRADO_INSTRUCCION": "NO INDICA", "OCUPACION": "NO INDICA", "PAIS_NATAL": "PERU", "LONGITUD": -77.12424623, "LATITUD": -12.05000971, "Año": "2024", "Mes": "02" }, "geometry": { "type": "Point", "coordinates": [ 268750.512492949492298, 8667021.140414521098137 ] } },
{ "type": "Feature", "properties": { "id": "706", "FECHA_CORTE": 20240425, "FECHA_REGISTRO": 20240220, "ID_DOC_DENUNCIA": "35d0a8693fabe99dfc2b55de0cefa52389e0a49cbb71ba5ce1ff9eb850140c3c", "UBIGEO": 70101, "DEPARTAMENTO": "CALLAO", "PROVINCIA": "CALLAO", "DISTRITO": "CALLAO", "TIPO_DE_DENUNCIA": "ACTA DE DENUNCIA VERBAL", "SITUACION_DENUNCIA": "PENDIENTE", "TIPO": "PATRIMONIO (DELITO)", "SUBTIPO": "HURTO", "MODALIDAD": "HURTO AGRAVADO", "FECHA_HECHO": 20240220, "HORA_HECHO": 600, "UBICACION": "AV ARGENTINA CON LA AV ENRIQUE MEIGGS", "DESCRIPCION": "LA LEGUA", "FECHA_NACIMIENTO": 19790624, "EDAD_PERSONA": 44, "SEXO": "MASCULINO", "ESTADO_CIVIL": "SOLTERO(A)", "GRADO_INSTRUCCION": "NO INDICA", "OCUPACION": "NO INDICA", "PAIS_NATAL": "PERU", "LONGITUD": -77.09895598, "LATITUD": -12.03622097, "Año": "2024", "Mes": "02" }, "geometry": { "type": "Point", "coordinates": [ 271493.129427447449416, 8668568.018782496452332 ] } },
{ "type": "Feature", "properties": { "id": "711", "FECHA_CORTE": 20240425, "FECHA_REGISTRO": 20240217, "ID_DOC_DENUNCIA": "bdbe354c340cfcc446952fc474a3d0c8d3d55982c0d5301cb481048a82ee98d4", "UBIGEO": 70101, "DEPARTAMENTO": "CALLAO", "PROVINCIA": "CALLAO", "DISTRITO": "CALLAO", "TIPO_DE_DENUNCIA": "DENUNCIA", "SITUACION_DENUNCIA": "RESUELTA", "TIPO": "PATRIMONIO (DELITO)", "SUBTIPO": "HURTO", "MODALIDAD": "HURTO DE ACCESORIOS Y AUTOPARTES DE VEHICULOS", "FECHA_HECHO": 20240217, "HORA_HECHO": 1745, "UBICACION": "AV ALAMEDA 1 CON AV SANTA ROSA", "DESCRIPCION": "LA LEGUA", "FECHA_NACIMIENTO": 19860503, "EDAD_PERSONA": 37, "SEXO": "FEMENINO", "ESTADO_CIVIL": "SOLTERO(A)", "GRADO_INSTRUCCION": "NO INDICA", "OCUPACION": "AMA DE CASA", "PAIS_NATAL": "PERU", "LONGITUD": -77.115112, "LATITUD": -12.0520904, "Año": "2024", "Mes": "02" }, "geometry": { "type": "Point", "coordinates": [ 269747.073554746166337, 8666798.603465771302581 ] } },
{ "type": "Feature", "properties": { "id": "715", "FECHA_CORTE": 20240425, "FECHA_REGISTRO": 20240202, "ID_DOC_DENUNCIA": "904a21410cb2ab8644dedb3d8d4028269a0d4597c831cb92dd1f02c7f7e8dd13", "UBIGEO": 70101, "DEPARTAMENTO": "CALLAO", "PROVINCIA": "CALLAO", "DISTRITO": "CALLAO", "TIPO_DE_DENUNCIA": "DENUNCIA", "SITUACION_DENUNCIA": "RESUELTA", "TIPO": "PATRIMONIO (DELITO)", "SUBTIPO": "HURTO", "MODALIDAD": "HURTO DE ACCESORIOS Y AUTOPARTES DE VEHICULOS", "FECHA_HECHO": 20240202, "HORA_HECHO": 1400, "UBICACION": "JR. ARICA NRO. 537 - CALLAO", "DESCRIPCION": "CALLAO", "FECHA_NACIMIENTO": 19820807, "EDAD_PERSONA": 41, "SEXO": "FEMENINO", "ESTADO_CIVIL": "SOLTERO(A)", "GRADO_INSTRUCCION": "NO INDICA", "OCUPACION": "NO INDICA", "PAIS_NATAL": "PERU", "LONGITUD": -77.10253931, "LATITUD": -12.03795219, "Año": "2024", "Mes": "02" }, "geometry": { "type": "Point", "coordinates": [ 271104.329047513660043, 8668373.479580095037818 ] } },
{ "type": "Feature", "properties": { "id": "716", "FECHA_CORTE": 20240425, "FECHA_REGISTRO": 20240227, "ID_DOC_DENUNCIA": "90bbcc451b56f6d0141d31e01d08721c39529de5e7019e8955f62b657fede6ca", "UBIGEO": 70101, "DEPARTAMENTO": "CALLAO", "PROVINCIA": "CALLAO", "DISTRITO": "CALLAO", "TIPO_DE_DENUNCIA": "DENUNCIA", "SITUACION_DENUNCIA": "RESUELTA", "TIPO": "PATRIMONIO (DELITO)", "SUBTIPO": "HURTO", "MODALIDAD": "HURTO AGRAVADO", "FECHA_HECHO": 20240227, "HORA_HECHO": 2220, "UBICACION": "AV. TOMAS VALLE CUADRA 38 CALLAO", "DESCRIPCION": "BOCANEGRA", "FECHA_NACIMIENTO": 19980802, "EDAD_PERSONA": 25, "SEXO": "MASCULINO", "ESTADO_CIVIL": "SOLTERO(A)", "GRADO_INSTRUCCION": "NO INDICA", "OCUPACION": "INGENIERO", "PAIS_NATAL": "PERU", "LONGITUD": -77.0923087, "LATITUD": -12.0122639, "Año": "2024", "Mes": "02" }, "geometry": { "type": "Point", "coordinates": [ 272196.919659003207926, 8671224.298226369544864 ] } },
{ "type": "Feature", "properties": { "id": "719", "FECHA_CORTE": 20240425, "FECHA_REGISTRO": 20240228, "ID_DOC_DENUNCIA": "ef09ad02267fee5dd98eab380cfb076024e3ffe4e757e7da34d7e638d38c1c7d", "UBIGEO": 70101, "DEPARTAMENTO": "CALLAO", "PROVINCIA": "CALLAO", "DISTRITO": "CALLAO", "TIPO_DE_DENUNCIA": "DENUNCIA", "SITUACION_DENUNCIA": "RESUELTA", "TIPO": "PATRIMONIO (DELITO)", "SUBTIPO": "ROBO", "MODALIDAD": "ROBO AGRAVADO", "FECHA_HECHO": 20240227, "HORA_HECHO": 2330, "UBICACION": "AV. DOMINICOS CUADRA 5 CALLAO", "DESCRIPCION": "BOCANEGRA", "FECHA_NACIMIENTO": 20020421, "EDAD_PERSONA": 21, "SEXO": "MASCULINO", "ESTADO_CIVIL": "SOLTERO(A)", "GRADO_INSTRUCCION": "NO INDICA", "OCUPACION": "NO INDICA", "PAIS_NATAL": "PERU", "LONGITUD": -77.0995618, "LATITUD": -12.0053119, "Año": "2024", "Mes": "02" }, "geometry": { "type": "Point", "coordinates": [ 271401.03614701947663, 8671987.494765168055892 ] } },
{ "type": "Feature", "properties": { "id": "720", "FECHA_CORTE": 20240425, "FECHA_REGISTRO": 20240205, "ID_DOC_DENUNCIA": "73f6481631cc6a5b8fe18186c1ce9bef6f33a9459ccf3657cbf17fe87e462ecd", "UBIGEO": 70101, "DEPARTAMENTO": "CALLAO", "PROVINCIA": "CALLAO", "DISTRITO": "CALLAO", "TIPO_DE_DENUNCIA": "DENUNCIA", "SITUACION_DENUNCIA": "RESUELTA", "TIPO": "PATRIMONIO (DELITO)", "SUBTIPO": "ROBO", "MODALIDAD": "ROBO AGRAVADO", "FECHA_HECHO": 20240204, "HORA_HECHO": 2230, "UBICACION": "AV ELMERTT FAUCETT CON AV ARGENTINA", "DESCRIPCION": "LA LEGUA", "FECHA_NACIMIENTO": 20040319, "EDAD_PERSONA": 19, "SEXO": "MASCULINO", "ESTADO_CIVIL": "SOLTERO(A)", "GRADO_INSTRUCCION": "NO INDICA", "OCUPACION": "NO INDICA", "PAIS_NATAL": "PERU", "LONGITUD": -77.09802119, "LATITUD": -12.04877791, "Año": "2024", "Mes": "02" }, "geometry": { "type": "Point", "coordinates": [ 271605.558329530933406, 8667179.414673276245594 ] } },
{ "type": "Feature", "properties": { "id": "721", "FECHA_CORTE": 20240425, "FECHA_REGISTRO": 20240222, "ID_DOC_DENUNCIA": "c49c23a16651f079c8be96701dce34c53a5585fe3a602db765acb59f687721f5", "UBIGEO": 70101, "DEPARTAMENTO": "CALLAO", "PROVINCIA": "CALLAO", "DISTRITO": "CALLAO", "TIPO_DE_DENUNCIA": "DENUNCIA", "SITUACION_DENUNCIA": "PENDIENTE", "TIPO": "PATRIMONIO (DELITO)", "SUBTIPO": "ROBO", "MODALIDAD": "ASALTO Y ROBO DE VEHICULOS", "FECHA_HECHO": 20240222, "HORA_HECHO": 755, "UBICACION": "AV ARGENTINA REF ESPALDA DE CENTRO COMERCIAL MINKA", "DESCRIPCION": "DEPROVE - CALLAO", "FECHA_NACIMIENTO": 20040723, "EDAD_PERSONA": 19, "SEXO": "MASCULINO", "ESTADO_CIVIL": "SOLTERO(A)", "GRADO_INSTRUCCION": "NO INDICA", "OCUPACION": "NO INDICA", "PAIS_NATAL": "PERU", "LONGITUD": -77.13882765, "LATITUD": -12.0517504, "Año": "2024", "Mes": "02" }, "geometry": { "type": "Point", "coordinates": [ 267163.977633107395377, 8666816.19493530318141 ] } },
{ "type": "Feature", "properties": { "id": "722", "FECHA_CORTE": 20240425, "FECHA_REGISTRO": 20240211, "ID_DOC_DENUNCIA": "4cadf85a8e56b67d8f05d052e986c254b7b5d94caa8e5c71fa416ed4969ffe91", "UBIGEO": 70101, "DEPARTAMENTO": "CALLAO", "PROVINCIA": "CALLAO", "DISTRITO": "CALLAO", "TIPO_DE_DENUNCIA": "DENUNCIA", "SITUACION_DENUNCIA": "RESUELTA", "TIPO": "PATRIMONIO (DELITO)", "SUBTIPO": "ROBO", "MODALIDAD": "ROBO AGRAVADO", "FECHA_HECHO": 20240211, "HORA_HECHO": 2010, "UBICACION": "AVENIDA LA CHALACA", "DESCRIPCION": "DULANTO", "FECHA_NACIMIENTO": 20020911, "EDAD_PERSONA": 21, "SEXO": "MASCULINO", "ESTADO_CIVIL": "SOLTERO(A)", "GRADO_INSTRUCCION": "NO INDICA", "OCUPACION": "NO INDICA", "PAIS_NATAL": "PERU", "LONGITUD": -77.1027524, "LATITUD": -12.0453874, "Año": "2024", "Mes": "02" }, "geometry": { "type": "Point", "coordinates": [ 271087.422865665634163, 8667550.61932079307735 ] } },
{ "type": "Feature", "properties": { "id": "723", "FECHA_CORTE": 20240425, "FECHA_REGISTRO": 20240213, "ID_DOC_DENUNCIA": "2b88e96eaa3028e6f95a423c2b26e2af71332d5658a5bbe71e69446e2e249966", "UBIGEO": 70101, "DEPARTAMENTO": "CALLAO", "PROVINCIA": "CALLAO", "DISTRITO": "CALLAO", "TIPO_DE_DENUNCIA": "ACTA DE DENUNCIA VERBAL", "SITUACION_DENUNCIA": "RESUELTA", "TIPO": "PATRIMONIO (DELITO)", "SUBTIPO": "ROBO", "MODALIDAD": "ROBO", "FECHA_HECHO": 20240213, "HORA_HECHO": 920, "UBICACION": "PLAZA GARIBALDI  CALLAO 07021  PERU", "DESCRIPCION": "CIUDADELA CHALACA", "FECHA_NACIMIENTO": 20000812, "EDAD_PERSONA": 23, "SEXO": "MASCULINO", "ESTADO_CIVIL": "SOLTERO(A)", "GRADO_INSTRUCCION": "NO INDICA", "OCUPACION": "NO INDICA", "PAIS_NATAL": "PERU", "LONGITUD": -77.13882765, "LATITUD": -12.0517504, "Año": "2024", "Mes": "02" }, "geometry": { "type": "Point", "coordinates": [ 267163.977633107395377, 8666816.19493530318141 ] } },
{ "type": "Feature", "properties": { "id": "726", "FECHA_CORTE": 20240425, "FECHA_REGISTRO": 20240205, "ID_DOC_DENUNCIA": "ee4efbab609d0f6dc844a2dbb05841a4b0d3afea682eddb60a75f6d801b8e66d", "UBIGEO": 70101, "DEPARTAMENTO": "CALLAO", "PROVINCIA": "CALLAO", "DISTRITO": "CALLAO", "TIPO_DE_DENUNCIA": "DENUNCIA", "SITUACION_DENUNCIA": "PENDIENTE", "TIPO": "PATRIMONIO (DELITO)", "SUBTIPO": "ROBO", "MODALIDAD": "ROBO AGRAVADO", "FECHA_HECHO": 20240205, "HORA_HECHO": 1822, "UBICACION": "JR. 17 DE MAYO EL PASAJE PAEZ CALLAO", "DESCRIPCION": "DULANTO", "FECHA_NACIMIENTO": 20011021, "EDAD_PERSONA": 22, "SEXO": "MASCULINO", "ESTADO_CIVIL": "SOLTERO(A)", "GRADO_INSTRUCCION": "NO INDICA", "OCUPACION": "NO INDICA", "PAIS_NATAL": "PERU", "LONGITUD": -77.114714, "LATITUD": -12.0420029, "Año": "2024", "Mes": "02" }, "geometry": { "type": "Point", "coordinates": [ 269781.81607884017285, 8667915.096026334911585 ] } },
{ "type": "Feature", "properties": { "id": "736", "FECHA_CORTE": 20240425, "FECHA_REGISTRO": 20240227, "ID_DOC_DENUNCIA": "4094f8914a993a550de7f23e941eef96102e3ded74fbeef4248fcdcd49c36c04", "UBIGEO": 70101, "DEPARTAMENTO": "CALLAO", "PROVINCIA": "CALLAO", "DISTRITO": "CALLAO", "TIPO_DE_DENUNCIA": "DENUNCIA", "SITUACION_DENUNCIA": "RESUELTA", "TIPO": "PATRIMONIO (DELITO)", "SUBTIPO": "ROBO", "MODALIDAD": "ROBO", "FECHA_HECHO": 20240227, "HORA_HECHO": 1755, "UBICACION": "AV. CUZCO CON AV ELMER FAUCEET CALLAO", "DESCRIPCION": "SARITA COLONIA", "FECHA_NACIMIENTO": 19970825, "EDAD_PERSONA": 26, "SEXO": "MASCULINO", "ESTADO_CIVIL": "SOLTERO(A)", "GRADO_INSTRUCCION": "NO INDICA", "OCUPACION": "NO INDICA", "PAIS_NATAL": "PERU", "LONGITUD": -77.12184542, "LATITUD": -12.00043375, "Año": "2024", "Mes": "02" }, "geometry": { "type": "Point", "coordinates": [ 268969.635776184964925, 8672508.644076438620687 ] } },
{ "type": "Feature", "properties": { "id": "738", "FECHA_CORTE": 20240425, "FECHA_REGISTRO": 20240217, "ID_DOC_DENUNCIA": "c272fd522cf6366ef9b7bf84e6e055f2da0f3c5ff823189d1787ac921390af58", "UBIGEO": 70101, "DEPARTAMENTO": "CALLAO", "PROVINCIA": "CALLAO", "DISTRITO": "CALLAO", "TIPO_DE_DENUNCIA": "DENUNCIA", "SITUACION_DENUNCIA": "RESUELTA", "TIPO": "PATRIMONIO (DELITO)", "SUBTIPO": "ROBO", "MODALIDAD": "ROBO AGRAVADO", "FECHA_HECHO": 20240217, "HORA_HECHO": 1320, "UBICACION": "A LA ALTURA DE LA AV. DOS DE MAYO CON EL JR. MANUEL RAYGADA CALLAO", "DESCRIPCION": "CALLAO", "FECHA_NACIMIENTO": 19981105, "EDAD_PERSONA": 25, "SEXO": "MASCULINO", "ESTADO_CIVIL": "SOLTERO(A)", "GRADO_INSTRUCCION": "NO INDICA", "OCUPACION": "NO INDICA", "PAIS_NATAL": "PERU", "LONGITUD": -77.14006, "LATITUD": -12.05306, "Año": "2024", "Mes": "02" }, "geometry": { "type": "Point", "coordinates": [ 267030.895487031899393, 8666670.241632213816047 ] } },
{ "type": "Feature", "properties": { "id": "744", "FECHA_CORTE": 20240425, "FECHA_REGISTRO": 20240206, "ID_DOC_DENUNCIA": "eda1f6ad72b10759fe223d204c58a010aad79903bc0f0542d97cb783a8964c8a", "UBIGEO": 70101, "DEPARTAMENTO": "CALLAO", "PROVINCIA": "CALLAO", "DISTRITO": "CALLAO", "TIPO_DE_DENUNCIA": "DENUNCIA", "SITUACION_DENUNCIA": "RESUELTA", "TIPO": "PATRIMONIO (DELITO)", "SUBTIPO": "ROBO", "MODALIDAD": "ROBO AGRAVADO", "FECHA_HECHO": 20240206, "HORA_HECHO": 1640, "UBICACION": "AUXILIAR DE LA AV. MORALES DUAREZ DE ESTE A OESTE FRONTIS DE LA MZ. 2H DEL ASENT. H. TODOS UNIDOS", "DESCRIPCION": "DULANTO", "FECHA_NACIMIENTO": 19690225, "EDAD_PERSONA": 54, "SEXO": "FEMENINO", "ESTADO_CIVIL": "SOLTERO(A)", "GRADO_INSTRUCCION": "NO INDICA", "OCUPACION": "COMERCIANTE", "PAIS_NATAL": "PERU", "LONGITUD": -77.12134944, "LATITUD": -12.05091205, "Año": "2024", "Mes": "02" }, "geometry": { "type": "Point", "coordinates": [ 269066.767241303808987, 8666923.739492213353515 ] } },
{ "type": "Feature", "properties": { "id": "745", "FECHA_CORTE": 20240425, "FECHA_REGISTRO": 20240207, "ID_DOC_DENUNCIA": "03d25c008a750bcbb9d5c8c58fc76026965782c191531b3a1c06ffc049e848d1", "UBIGEO": 70101, "DEPARTAMENTO": "CALLAO", "PROVINCIA": "CALLAO", "DISTRITO": "CALLAO", "TIPO_DE_DENUNCIA": "DENUNCIA", "SITUACION_DENUNCIA": "RESUELTA", "TIPO": "PATRIMONIO (DELITO)", "SUBTIPO": "ROBO", "MODALIDAD": "ROBO AGRAVADO", "FECHA_HECHO": 20240207, "HORA_HECHO": 1800, "UBICACION": "JR COLON 222  CALLAO", "DESCRIPCION": "DEPINCRI CALLAO/LA PUNTA", "FECHA_NACIMIENTO": 19940326, "EDAD_PERSONA": 29, "SEXO": "MASCULINO", "ESTADO_CIVIL": "SOLTERO(A)", "GRADO_INSTRUCCION": "NO INDICA", "OCUPACION": "NO INDICA", "PAIS_NATAL": "PERU", "LONGITUD": -77.1201117, "LATITUD": -12.0438803, "Año": "2024", "Mes": "02" }, "geometry": { "type": "Point", "coordinates": [ 269195.55411100568017, 8667702.830904489383101 ] } },
{ "type": "Feature", "properties": { "id": "751", "FECHA_CORTE": 20240425, "FECHA_REGISTRO": 20240219, "ID_DOC_DENUNCIA": "ec69a9b44d552233cc3b4a586e5b0773e20dbd8ff574a9a892759c19a10d541e", "UBIGEO": 70101, "DEPARTAMENTO": "CALLAO", "PROVINCIA": "CALLAO", "DISTRITO": "CALLAO", "TIPO_DE_DENUNCIA": "ACTA DE INTERVENCION", "SITUACION_DENUNCIA": "RESUELTA", "TIPO": "PATRIMONIO (DELITO)", "SUBTIPO": "ROBO", "MODALIDAD": "ROBO DE CELULAR", "FECHA_HECHO": 20240218, "HORA_HECHO": 1100, "UBICACION": "AV 29 DE SEPTIEMBRE CON REPUBLICA DE PANAMA", "DESCRIPCION": "CARMEN DE LA LEGUA", "FECHA_NACIMIENTO": 20010126, "EDAD_PERSONA": 23, "SEXO": "FEMENINO", "ESTADO_CIVIL": "SOLTERO(A)", "GRADO_INSTRUCCION": "NO INDICA", "OCUPACION": "NO INDICA", "PAIS_NATAL": "PERU", "LONGITUD": -77.1330357, "LATITUD": -12.0563133, "Año": "2024", "Mes": "02" }, "geometry": { "type": "Point", "coordinates": [ 267798.693325978587382, 8666316.227153735235333 ] } },
{ "type": "Feature", "properties": { "id": "770", "FECHA_CORTE": 20240425, "FECHA_REGISTRO": 20240208, "ID_DOC_DENUNCIA": "881f15a327f0d9a77ee8291d218cf12486e15645c7113c8a90f491352e40b98f", "UBIGEO": 70101, "DEPARTAMENTO": "CALLAO", "PROVINCIA": "CALLAO", "DISTRITO": "CALLAO", "TIPO_DE_DENUNCIA": "DENUNCIA", "SITUACION_DENUNCIA": "RESUELTA", "TIPO": "PATRIMONIO (DELITO)", "SUBTIPO": "HURTO", "MODALIDAD": "HURTO AGRAVADO", "FECHA_HECHO": 20240208, "HORA_HECHO": 615, "UBICACION": "AVENIDA ELMER FAUCETT AVENIDA PRIMERO DE MAYO", "DESCRIPCION": "DULANTO", "FECHA_NACIMIENTO": 19931229, "EDAD_PERSONA": 30, "SEXO": "MASCULINO", "ESTADO_CIVIL": "SOLTERO(A)", "GRADO_INSTRUCCION": "NO INDICA", "OCUPACION": "NO INDICA", "PAIS_NATAL": "PERU", "LONGITUD": -77.12201463, "LATITUD": -12.05340923, "Año": "2024", "Mes": "02" }, "geometry": { "type": "Point", "coordinates": [ 268996.460992606240325, 8666646.870726998895407 ] } },
{ "type": "Feature", "properties": { "id": "773", "FECHA_CORTE": 20240425, "FECHA_REGISTRO": 20240207, "ID_DOC_DENUNCIA": "da52df70f179da9eae7eaac94a1931111518213a818a2f8dd7540cda3375edb7", "UBIGEO": 70101, "DEPARTAMENTO": "CALLAO", "PROVINCIA": "CALLAO", "DISTRITO": "CALLAO", "TIPO_DE_DENUNCIA": "DENUNCIA", "SITUACION_DENUNCIA": "RESUELTA", "TIPO": "PATRIMONIO (DELITO)", "SUBTIPO": "HURTO", "MODALIDAD": "HURTO DE CELULAR", "FECHA_HECHO": 20240207, "HORA_HECHO": 1815, "UBICACION": "AV ARGENTINA CON  JR LOA", "DESCRIPCION": "LA LEGUA", "FECHA_NACIMIENTO": 19960510, "EDAD_PERSONA": 27, "SEXO": "MASCULINO", "ESTADO_CIVIL": "SOLTERO(A)", "GRADO_INSTRUCCION": "NO INDICA", "OCUPACION": "NO INDICA", "PAIS_NATAL": "PERU", "LONGITUD": -77.1044676, "LATITUD": -12.0489211, "Año": "2024", "Mes": "02" }, "geometry": { "type": "Point", "coordinates": [ 270903.622137583734002, 8667158.194130202755332 ] } },
{ "type": "Feature", "properties": { "id": "778", "FECHA_CORTE": 20240425, "FECHA_REGISTRO": 20240209, "ID_DOC_DENUNCIA": "a502819a5002203241959a3aa3b0cf1aa42279938866d9bbe4a055b6f230dd18", "UBIGEO": 70101, "DEPARTAMENTO": "CALLAO", "PROVINCIA": "CALLAO", "DISTRITO": "CALLAO", "TIPO_DE_DENUNCIA": "ACTA DE DENUNCIA VERBAL", "SITUACION_DENUNCIA": "RESUELTA", "TIPO": "PATRIMONIO (DELITO)", "SUBTIPO": "HURTO", "MODALIDAD": "HURTO", "FECHA_HECHO": 20240209, "HORA_HECHO": 2030, "UBICACION": "INMEDIACIONES DEL LA ENTRADA AL AA . HH JUAN PABLO II CALLAO", "DESCRIPCION": "SARITA COLONIA", "FECHA_NACIMIENTO": 19870624, "EDAD_PERSONA": 36, "SEXO": "FEMENINO", "ESTADO_CIVIL": "SOLTERO(A)", "GRADO_INSTRUCCION": "NO INDICA", "OCUPACION": "NO INDICA", "PAIS_NATAL": "PERU", "LONGITUD": -77.1289528, "LATITUD": -12.02411974, "Año": "2024", "Mes": "02" }, "geometry": { "type": "Point", "coordinates": [ 268215.721099056885578, 8669881.854013627395034 ] } },
{ "type": "Feature", "properties": { "id": "779", "FECHA_CORTE": 20240425, "FECHA_REGISTRO": 20240229, "ID_DOC_DENUNCIA": "abdd92f407efd633e812d81f502f1bf1b8a83e23a6c6cbe4adbe925b4095afef", "UBIGEO": 70101, "DEPARTAMENTO": "CALLAO", "PROVINCIA": "CALLAO", "DISTRITO": "CALLAO", "TIPO_DE_DENUNCIA": "DENUNCIA", "SITUACION_DENUNCIA": "PENDIENTE", "TIPO": "PATRIMONIO (DELITO)", "SUBTIPO": "HURTO", "MODALIDAD": "HURTO", "FECHA_HECHO": 20240227, "HORA_HECHO": 0, "UBICACION": "MZ E LT 4 URB EL ALAMO", "DESCRIPCION": "JUAN INGUNZA VALDIVIA", "FECHA_NACIMIENTO": 20000225, "EDAD_PERSONA": 24, "SEXO": "FEMENINO", "ESTADO_CIVIL": "SOLTERO(A)", "GRADO_INSTRUCCION": "NO INDICA", "OCUPACION": "NO INDICA", "PAIS_NATAL": "PERU", "LONGITUD": -77.1075252, "LATITUD": -12.0002871, "Año": "2024", "Mes": "02" }, "geometry": { "type": "Point", "coordinates": [ 270529.37223954196088, 8672536.846232421696186 ] } },
{ "type": "Feature", "properties": { "id": "785", "FECHA_CORTE": 20240425, "FECHA_REGISTRO": 20240221, "ID_DOC_DENUNCIA": "da11e7e13bd2805bb0880687a4792957e50f56130f76138820ae929f161c8efb", "UBIGEO": 70101, "DEPARTAMENTO": "CALLAO", "PROVINCIA": "CALLAO", "DISTRITO": "CALLAO", "TIPO_DE_DENUNCIA": "ACTA DE DENUNCIA VERBAL", "SITUACION_DENUNCIA": "RESUELTA", "TIPO": "PATRIMONIO (DELITO)", "SUBTIPO": "HURTO", "MODALIDAD": "HURTO AGRAVADO", "FECHA_HECHO": 20240221, "HORA_HECHO": 1008, "UBICACION": "AVENIDA NESTOR GAMBETTA  REF. OVALO CANTOLAO CALLAO 07046  PERU", "DESCRIPCION": "SARITA COLONIA", "FECHA_NACIMIENTO": 19930330, "EDAD_PERSONA": 30, "SEXO": "MASCULINO", "ESTADO_CIVIL": "SOLTERO(A)", "GRADO_INSTRUCCION": "NO INDICA", "OCUPACION": "NO INDICA", "PAIS_NATAL": "PERU", "LONGITUD": -77.12630216, "LATITUD": -11.99752456, "Año": "2024", "Mes": "02" }, "geometry": { "type": "Point", "coordinates": [ 268481.688482031226158, 8672826.796733640134335 ] } },
{ "type": "Feature", "properties": { "id": "809", "FECHA_CORTE": 20240425, "FECHA_REGISTRO": 20240205, "ID_DOC_DENUNCIA": "c14a474b0fd73843aed751839a1966fd306d6f4540477534e617e635bc674df6", "UBIGEO": 70101, "DEPARTAMENTO": "CALLAO", "PROVINCIA": "CALLAO", "DISTRITO": "CALLAO", "TIPO_DE_DENUNCIA": "ACTA DE DENUNCIA VERBAL", "SITUACION_DENUNCIA": "RESUELTA", "TIPO": "PATRIMONIO (DELITO)", "SUBTIPO": "HURTO", "MODALIDAD": "HURTO", "FECHA_HECHO": 20240204, "HORA_HECHO": 2100, "UBICACION": "PARADERO PLAYA VENTANILLA", "DESCRIPCION": "MI PERU", "FECHA_NACIMIENTO": 19820101, "EDAD_PERSONA": 42, "SEXO": "MASCULINO", "ESTADO_CIVIL": "SOLTERO(A)", "GRADO_INSTRUCCION": "NO INDICA", "OCUPACION": "NO INDICA", "PAIS_NATAL": "PERU", "LONGITUD": -77.0989448, "LATITUD": -12.0382627, "Año": "2024", "Mes": "02" }, "geometry": { "type": "Point", "coordinates": [ 271496.073762502172031, 8668342.117667512968183 ] } },
{ "type": "Feature", "properties": { "id": "810", "FECHA_CORTE": 20240425, "FECHA_REGISTRO": 20240213, "ID_DOC_DENUNCIA": "f2825b8a44ef4ee04ac11ae68238ab6e9115583d40108adf93a8a7738b920b34", "UBIGEO": 70101, "DEPARTAMENTO": "CALLAO", "PROVINCIA": "CALLAO", "DISTRITO": "CALLAO", "TIPO_DE_DENUNCIA": "DENUNCIA", "SITUACION_DENUNCIA": "PENDIENTE", "TIPO": "PATRIMONIO (DELITO)", "SUBTIPO": "HURTO", "MODALIDAD": "HURTO", "FECHA_HECHO": 20240212, "HORA_HECHO": 2100, "UBICACION": "AV TOMAS VALLE CDRA 02  CALLAO", "DESCRIPCION": "JUAN INGUNZA VALDIVIA", "FECHA_NACIMIENTO": 19960118, "EDAD_PERSONA": 28, "SEXO": "FEMENINO", "ESTADO_CIVIL": "SOLTERO(A)", "GRADO_INSTRUCCION": "NO INDICA", "OCUPACION": "EMPLEADA", "PAIS_NATAL": "PERU", "LONGITUD": -77.0923087, "LATITUD": -12.0122639, "Año": "2024", "Mes": "02" }, "geometry": { "type": "Point", "coordinates": [ 272196.919659003207926, 8671224.298226369544864 ] } },
{ "type": "Feature", "properties": { "id": "811", "FECHA_CORTE": 20240425, "FECHA_REGISTRO": 20240221, "ID_DOC_DENUNCIA": "293698394ab4fe6e7d804375dd3882e37d1059992357058f96eec85f8ffea47c", "UBIGEO": 70101, "DEPARTAMENTO": "CALLAO", "PROVINCIA": "CALLAO", "DISTRITO": "CALLAO", "TIPO_DE_DENUNCIA": "ACTA DE DENUNCIA VERBAL", "SITUACION_DENUNCIA": "RESUELTA", "TIPO": "PATRIMONIO (DELITO)", "SUBTIPO": "HURTO", "MODALIDAD": "HURTO AGRAVADO", "FECHA_HECHO": 20240221, "HORA_HECHO": 1630, "UBICACION": "BELAUNDE CUADRA 3 CARMEN DE LA LEGUA REYNOSO", "DESCRIPCION": "CARMEN DE LA LEGUA", "FECHA_NACIMIENTO": 19880717, "EDAD_PERSONA": 35, "SEXO": "MASCULINO", "ESTADO_CIVIL": "SOLTERO(A)", "GRADO_INSTRUCCION": "NO INDICA", "OCUPACION": "NO INDICA", "PAIS_NATAL": "PERU", "LONGITUD": -77.0900759, "LATITUD": -12.0394288, "Año": "2024", "Mes": "02" }, "geometry": { "type": "Point", "coordinates": [ 272462.973043646430597, 8668220.461164062842727 ] } },
{ "type": "Feature", "properties": { "id": "827", "FECHA_CORTE": 20240425, "FECHA_REGISTRO": 20240224, "ID_DOC_DENUNCIA": "7fb2b43dfa366f82a64c9d273b89e6add8ad3696f0afc5ceff97576da0608eb0", "UBIGEO": 70101, "DEPARTAMENTO": "CALLAO", "PROVINCIA": "CALLAO", "DISTRITO": "CALLAO", "TIPO_DE_DENUNCIA": "DENUNCIA", "SITUACION_DENUNCIA": "PENDIENTE", "TIPO": "PATRIMONIO (DELITO)", "SUBTIPO": "HURTO", "MODALIDAD": "HURTO AGRAVADO", "FECHA_HECHO": 20240224, "HORA_HECHO": 1040, "UBICACION": "NESTOR GAMBETA 843", "DESCRIPCION": "DEPINCRI CALLAO/LA PUNTA", "FECHA_NACIMIENTO": 19990225, "EDAD_PERSONA": 24, "SEXO": "MASCULINO", "ESTADO_CIVIL": "SOLTERO(A)", "GRADO_INSTRUCCION": "NO INDICA", "OCUPACION": "NO INDICA", "PAIS_NATAL": "PERU", "LONGITUD": -77.131246, "LATITUD": -12.0253402, "Año": "2024", "Mes": "02" }, "geometry": { "type": "Point", "coordinates": [ 267966.995974443969317, 8669744.876454450190067 ] } },
{ "type": "Feature", "properties": { "id": "828", "FECHA_CORTE": 20240425, "FECHA_REGISTRO": 20240208, "ID_DOC_DENUNCIA": "5d88b4f1870510571e86872c9e552a2bad1114921d50c6c1b0b4012d79894277", "UBIGEO": 70101, "DEPARTAMENTO": "CALLAO", "PROVINCIA": "CALLAO", "DISTRITO": "CALLAO", "TIPO_DE_DENUNCIA": "DENUNCIA", "SITUACION_DENUNCIA": "RESUELTA", "TIPO": "PATRIMONIO (DELITO)", "SUBTIPO": "HURTO", "MODALIDAD": "HURTO AGRAVADO", "FECHA_HECHO": 20240208, "HORA_HECHO": 1915, "UBICACION": "AVENIDA ELMER FAUCETT CON AVENIDA ARGENTINA", "DESCRIPCION": "DULANTO", "FECHA_NACIMIENTO": 19950222, "EDAD_PERSONA": 28, "SEXO": "FEMENINO", "ESTADO_CIVIL": "SOLTERO(A)", "GRADO_INSTRUCCION": "NO INDICA", "OCUPACION": "NO INDICA", "PAIS_NATAL": "PERU", "LONGITUD": -77.09860055, "LATITUD": -12.04806442, "Año": "2024", "Mes": "02" }, "geometry": { "type": "Point", "coordinates": [ 271541.858353585004807, 8667257.877360720187426 ] } },
{ "type": "Feature", "properties": { "id": "839", "FECHA_CORTE": 20240425, "FECHA_REGISTRO": 20240201, "ID_DOC_DENUNCIA": "3df556ab9b2e58cbc8a92d596677c3b1570afa94513e24f71a64213b02af071c", "UBIGEO": 70101, "DEPARTAMENTO": "CALLAO", "PROVINCIA": "CALLAO", "DISTRITO": "CALLAO", "TIPO_DE_DENUNCIA": "OCURRENCIA", "SITUACION_DENUNCIA": "RESUELTA", "TIPO": "PATRIMONIO (DELITO)", "SUBTIPO": "HURTO", "MODALIDAD": "HURTO AGRAVADO", "FECHA_HECHO": 20240131, "HORA_HECHO": 1115, "UBICACION": "AV ABANCAY FRONTIS DE LA MZ P DEL ASENT H BELLA UNION", "DESCRIPCION": "DULANTO", "FECHA_NACIMIENTO": 19990922, "EDAD_PERSONA": 24, "SEXO": "MASCULINO", "ESTADO_CIVIL": "SOLTERO(A)", "GRADO_INSTRUCCION": "NO INDICA", "OCUPACION": "SEGURIDAD", "PAIS_NATAL": "PERU", "LONGITUD": -77.11819056, "LATITUD": -12.04716835, "Año": "2024", "Mes": "02" }, "geometry": { "type": "Point", "coordinates": [ 269407.593467199068982, 8667340.630634121596813 ] } },
{ "type": "Feature", "properties": { "id": "840", "FECHA_CORTE": 20240425, "FECHA_REGISTRO": 20240215, "ID_DOC_DENUNCIA": "fb407ed48b92c2fc49c8b3a5ab097748aaef8a821fe52cfa4e2ad4e55330d9ee", "UBIGEO": 70101, "DEPARTAMENTO": "CALLAO", "PROVINCIA": "CALLAO", "DISTRITO": "CALLAO", "TIPO_DE_DENUNCIA": "ACTA DE INTERVENCION", "SITUACION_DENUNCIA": "RESUELTA", "TIPO": "PATRIMONIO (DELITO)", "SUBTIPO": "HURTO", "MODALIDAD": "HURTO AGRAVADO", "FECHA_HECHO": 20240214, "HORA_HECHO": 2000, "UBICACION": "URB LAS COLINAS MZ  I LOTE 07  DPTO 201 CALLAO", "DESCRIPCION": "JUAN INGUNZA VALDIVIA", "FECHA_NACIMIENTO": 19950907, "EDAD_PERSONA": 28, "SEXO": "MASCULINO", "ESTADO_CIVIL": "SOLTERO(A)", "GRADO_INSTRUCCION": "NO INDICA", "OCUPACION": "NO INDICA", "PAIS_NATAL": "PERU", "LONGITUD": -77.12203609, "LATITUD": -12.05389188, "Año": "2024", "Mes": "02" }, "geometry": { "type": "Point", "coordinates": [ 268994.537099409440998, 8666593.448293145745993 ] } },
{ "type": "Feature", "properties": { "id": "841", "FECHA_CORTE": 20240425, "FECHA_REGISTRO": 20240220, "ID_DOC_DENUNCIA": "0efd18dcf4547d79658f8ab900d31116f945628136b87d703037a9adad807f17", "UBIGEO": 70101, "DEPARTAMENTO": "CALLAO", "PROVINCIA": "CALLAO", "DISTRITO": "CALLAO", "TIPO_DE_DENUNCIA": "ACTA DE INTERVENCION", "SITUACION_DENUNCIA": "PENDIENTE", "TIPO": "PATRIMONIO (DELITO)", "SUBTIPO": "HURTO", "MODALIDAD": "HURTO AGRAVADO", "FECHA_HECHO": 20240216, "HORA_HECHO": 800, "UBICACION": "JR PUNO NRO 106 CALLAO", "DESCRIPCION": "CALLAO", "FECHA_NACIMIENTO": 19970619, "EDAD_PERSONA": 26, "SEXO": "MASCULINO", "ESTADO_CIVIL": "SOLTERO(A)", "GRADO_INSTRUCCION": "NO INDICA", "OCUPACION": "ABOGADO", "PAIS_NATAL": "PERU", "LONGITUD": -77.10190811, "LATITUD": -12.03692138, "Año": "2024", "Mes": "02" }, "geometry": { "type": "Point", "coordinates": [ 271172.200795004260726, 8668488.061660239472985 ] } },
{ "type": "Feature", "properties": { "id": "842", "FECHA_CORTE": 20240425, "FECHA_REGISTRO": 20240217, "ID_DOC_DENUNCIA": "2be295ed999c5d036d354ff9581a53143c71f3a718aa5a503c051b952a2aa953", "UBIGEO": 70101, "DEPARTAMENTO": "CALLAO", "PROVINCIA": "CALLAO", "DISTRITO": "CALLAO", "TIPO_DE_DENUNCIA": "DENUNCIA", "SITUACION_DENUNCIA": "RESUELTA", "TIPO": "PATRIMONIO (DELITO)", "SUBTIPO": "HURTO", "MODALIDAD": "HURTO DE CELULAR", "FECHA_HECHO": 20240217, "HORA_HECHO": 1330, "UBICACION": "AV CONDE DE LEMOS CON AV ELMERT FAUCETT", "DESCRIPCION": "LA LEGUA", "FECHA_NACIMIENTO": 19821001, "EDAD_PERSONA": 41, "SEXO": "FEMENINO", "ESTADO_CIVIL": "SOLTERO(A)", "GRADO_INSTRUCCION": "NO INDICA", "OCUPACION": "NO INDICA", "PAIS_NATAL": "PERU", "LONGITUD": -77.09835947000001, "LATITUD": -12.04988831, "Año": "2024", "Mes": "02" }, "geometry": { "type": "Point", "coordinates": [ 271569.657150579616427, 8667056.270921608433127 ] } },
{ "type": "Feature", "properties": { "id": "862", "FECHA_CORTE": 20240425, "FECHA_REGISTRO": 20240201, "ID_DOC_DENUNCIA": "e4226764a67b36877b529db1b0c1a76ef0eaedf342c63f7abb3b070596e18615", "UBIGEO": 70101, "DEPARTAMENTO": "CALLAO", "PROVINCIA": "CALLAO", "DISTRITO": "CALLAO", "TIPO_DE_DENUNCIA": "DENUNCIA", "SITUACION_DENUNCIA": "RESUELTA", "TIPO": "PATRIMONIO (DELITO)", "SUBTIPO": "HURTO", "MODALIDAD": "HURTO", "FECHA_HECHO": 20240131, "HORA_HECHO": 1700, "UBICACION": "CALLE LAMBDA CON AV OSCAR R BENAVIDES", "DESCRIPCION": "LA LEGUA", "FECHA_NACIMIENTO": 20010318, "EDAD_PERSONA": 22, "SEXO": "FEMENINO", "ESTADO_CIVIL": "SOLTERO(A)", "GRADO_INSTRUCCION": "NO INDICA", "OCUPACION": "NO INDICA", "PAIS_NATAL": "PERU", "LONGITUD": -77.10273933000001, "LATITUD": -12.05432753, "Año": "2024", "Mes": "02" }, "geometry": { "type": "Point", "coordinates": [ 271096.428538103587925, 8666561.432528402656317 ] } },
{ "type": "Feature", "properties": { "id": "864", "FECHA_CORTE": 20240425, "FECHA_REGISTRO": 20240223, "ID_DOC_DENUNCIA": "cfac1702a58bda62f31650396f41e2fa062384fa2c393aa6745788097e4fdd12", "UBIGEO": 70101, "DEPARTAMENTO": "CALLAO", "PROVINCIA": "CALLAO", "DISTRITO": "CALLAO", "TIPO_DE_DENUNCIA": "OCURRENCIA", "SITUACION_DENUNCIA": "RESUELTA", "TIPO": "PATRIMONIO (DELITO)", "SUBTIPO": "HURTO", "MODALIDAD": "HURTO", "FECHA_HECHO": 20240223, "HORA_HECHO": 530, "UBICACION": "JR. CUZCO CON PSJ. IQUITOS", "DESCRIPCION": "DULANTO", "FECHA_NACIMIENTO": 19960506, "EDAD_PERSONA": 27, "SEXO": "FEMENINO", "ESTADO_CIVIL": "SOLTERO(A)", "GRADO_INSTRUCCION": "NO INDICA", "OCUPACION": "NO INDICA", "PAIS_NATAL": "PERU", "LONGITUD": -77.12646173, "LATITUD": -12.0507127, "Año": "2024", "Mes": "02" }, "geometry": { "type": "Point", "coordinates": [ 268509.830174425267614, 8666941.486258540302515 ] } },
{ "type": "Feature", "properties": { "id": "865", "FECHA_CORTE": 20240425, "FECHA_REGISTRO": 20240207, "ID_DOC_DENUNCIA": "da25ec2ebb559b3f4564ae9f774f1ec9d81a751fd4cda604317c96a99e6d1268", "UBIGEO": 70101, "DEPARTAMENTO": "CALLAO", "PROVINCIA": "CALLAO", "DISTRITO": "CALLAO", "TIPO_DE_DENUNCIA": "DENUNCIA", "SITUACION_DENUNCIA": "RESUELTA", "TIPO": "PATRIMONIO (DELITO)", "SUBTIPO": "HURTO", "MODALIDAD": "HURTO DE VEHICULO", "FECHA_HECHO": 20240206, "HORA_HECHO": 2310, "UBICACION": "AV. TOMAS VALLE 3225 URB. EL CONDOR CALLAO", "DESCRIPCION": "BOCANEGRA", "FECHA_NACIMIENTO": 19931123, "EDAD_PERSONA": 30, "SEXO": "MASCULINO", "ESTADO_CIVIL": "SOLTERO(A)", "GRADO_INSTRUCCION": "NO INDICA", "OCUPACION": "MECANICO", "PAIS_NATAL": "PERU", "LONGITUD": -77.0934762, "LATITUD": -12.0131568, "Año": "2024", "Mes": "02" }, "geometry": { "type": "Point", "coordinates": [ 272070.506064680637792, 8671124.535195354372263 ] } },
{ "type": "Feature", "properties": { "id": "866", "FECHA_CORTE": 20240425, "FECHA_REGISTRO": 20240221, "ID_DOC_DENUNCIA": "915477d5006d8a1830eb6328061ade72e44ed43f773b4ab2fbf0ce646946d1b6", "UBIGEO": 70101, "DEPARTAMENTO": "CALLAO", "PROVINCIA": "CALLAO", "DISTRITO": "CALLAO", "TIPO_DE_DENUNCIA": "ACTA DE DENUNCIA VERBAL", "SITUACION_DENUNCIA": "PENDIENTE", "TIPO": "PATRIMONIO (DELITO)", "SUBTIPO": "HURTO", "MODALIDAD": "HURTO DE VEHICULO", "FECHA_HECHO": 20240216, "HORA_HECHO": 1130, "UBICACION": "AV NENUFARES 712 URB VIPOL", "DESCRIPCION": "JUAN INGUNZA VALDIVIA", "FECHA_NACIMIENTO": 20000723, "EDAD_PERSONA": 23, "SEXO": "MASCULINO", "ESTADO_CIVIL": "SOLTERO(A)", "GRADO_INSTRUCCION": "NO INDICA", "OCUPACION": "NO INDICA", "PAIS_NATAL": "PERU", "LONGITUD": -77.12535666, "LATITUD": -12.05039793, "Año": "2024", "Mes": "02" }, "geometry": { "type": "Point", "coordinates": [ 268629.910823169746436, 8666977.2477832660079 ] } },
{ "type": "Feature", "properties": { "id": "867", "FECHA_CORTE": 20240425, "FECHA_REGISTRO": 20240226, "ID_DOC_DENUNCIA": "e87961544e83caca84af30af1886962e409facc8e15f98b7092e2462ff40fb03", "UBIGEO": 70101, "DEPARTAMENTO": "CALLAO", "PROVINCIA": "CALLAO", "DISTRITO": "CALLAO", "TIPO_DE_DENUNCIA": "DENUNCIA", "SITUACION_DENUNCIA": "PENDIENTE", "TIPO": "PATRIMONIO (DELITO)", "SUBTIPO": "HURTO", "MODALIDAD": "HURTO AGRAVADO", "FECHA_HECHO": 20240225, "HORA_HECHO": 1430, "UBICACION": "AVENIDA EL OLIVAR Nº 511 URB. PREVI - CALLAO", "DESCRIPCION": "BOCANEGRA", "FECHA_NACIMIENTO": 20020702, "EDAD_PERSONA": 21, "SEXO": "MASCULINO", "ESTADO_CIVIL": "SOLTERO(A)", "GRADO_INSTRUCCION": "NO INDICA", "OCUPACION": "NO INDICA", "PAIS_NATAL": "PERU", "LONGITUD": -77.12551223, "LATITUD": -12.05052384, "Año": "2024", "Mes": "02" }, "geometry": { "type": "Point", "coordinates": [ 268613.076005802548025, 8666963.184767533093691 ] } },
{ "type": "Feature", "properties": { "id": "869", "FECHA_CORTE": 20240425, "FECHA_REGISTRO": 20240217, "ID_DOC_DENUNCIA": "9dcf013e7bdf1425e769914f201d29c4e9b3bc8fc9439adf961dce7774455146", "UBIGEO": 70101, "DEPARTAMENTO": "CALLAO", "PROVINCIA": "CALLAO", "DISTRITO": "CALLAO", "TIPO_DE_DENUNCIA": "DENUNCIA", "SITUACION_DENUNCIA": "RESUELTA", "TIPO": "PATRIMONIO (DELITO)", "SUBTIPO": "HURTO", "MODALIDAD": "HURTO DE CELULAR", "FECHA_HECHO": 20240217, "HORA_HECHO": 1900, "UBICACION": "AV AGRENTINA CON LA AV ELMERT FAUCETT", "DESCRIPCION": "LA LEGUA", "FECHA_NACIMIENTO": 19930710, "EDAD_PERSONA": 30, "SEXO": "MASCULINO", "ESTADO_CIVIL": "SOLTERO(A)", "GRADO_INSTRUCCION": "NO INDICA", "OCUPACION": "NO INDICA", "PAIS_NATAL": "PERU", "LONGITUD": -77.1018908, "LATITUD": -12.0302136, "Año": "2024", "Mes": "02" }, "geometry": { "type": "Point", "coordinates": [ 271168.406979137042072, 8669230.270055461674929 ] } },
{ "type": "Feature", "properties": { "id": "878", "FECHA_CORTE": 20240425, "FECHA_REGISTRO": 20240216, "ID_DOC_DENUNCIA": "dd64c84d4776c24234392e481ed516c3e171247373b379773d57264959453018", "UBIGEO": 70101, "DEPARTAMENTO": "CALLAO", "PROVINCIA": "CALLAO", "DISTRITO": "CALLAO", "TIPO_DE_DENUNCIA": "DENUNCIA", "SITUACION_DENUNCIA": "RESUELTA", "TIPO": "PATRIMONIO (DELITO)", "SUBTIPO": "ROBO", "MODALIDAD": "ROBO", "FECHA_HECHO": 20240215, "HORA_HECHO": 1730, "UBICACION": "AV NESTOR GAMBETA CON JR CHOTA", "DESCRIPCION": "RAMON CASTILLA", "FECHA_NACIMIENTO": 19650302, "EDAD_PERSONA": 58, "SEXO": "FEMENINO", "ESTADO_CIVIL": "SOLTERO(A)", "GRADO_INSTRUCCION": "PRIMARIA", "OCUPACION": "NO INDICA", "PAIS_NATAL": "PERU", "LONGITUD": -77.12579654, "LATITUD": -11.9906561, "Año": "2024", "Mes": "02" }, "geometry": { "type": "Point", "coordinates": [ 268530.90281575138215, 8673587.203351229429245 ] } },
{ "type": "Feature", "properties": { "id": "879", "FECHA_CORTE": 20240425, "FECHA_REGISTRO": 20240215, "ID_DOC_DENUNCIA": "f679b6533831739e44139770b1eab87988d883967f1a3fe3ac2a1895f1282493", "UBIGEO": 70101, "DEPARTAMENTO": "CALLAO", "PROVINCIA": "CALLAO", "DISTRITO": "CALLAO", "TIPO_DE_DENUNCIA": "OCURRENCIA", "SITUACION_DENUNCIA": "PENDIENTE", "TIPO": "PATRIMONIO (DELITO)", "SUBTIPO": "HURTO", "MODALIDAD": "HURTO AGRAVADO", "FECHA_HECHO": 20240214, "HORA_HECHO": 1700, "UBICACION": "3V58+982  AV. PARAISO  CALLAO 07046  PERU", "DESCRIPCION": "MARQUEZ", "FECHA_NACIMIENTO": 20010429, "EDAD_PERSONA": 22, "SEXO": "MASCULINO", "ESTADO_CIVIL": "SOLTERO(A)", "GRADO_INSTRUCCION": "PRIMARIA", "OCUPACION": "AYUDANTE", "PAIS_NATAL": "VENEZUELA", "LONGITUD": -77.13443548, "LATITUD": -11.94162053, "Año": "2024", "Mes": "02" }, "geometry": { "type": "Point", "coordinates": [ 267547.918409023666754, 8679005.639580070972443 ] } },
{ "type": "Feature", "properties": { "id": "880", "FECHA_CORTE": 20240425, "FECHA_REGISTRO": 20240208, "ID_DOC_DENUNCIA": "36433b8dcdf85eb730e21e668d489fe7f57510e829faab2096d5cdbb1d90437f", "UBIGEO": 70101, "DEPARTAMENTO": "CALLAO", "PROVINCIA": "CALLAO", "DISTRITO": "CALLAO", "TIPO_DE_DENUNCIA": "DENUNCIA", "SITUACION_DENUNCIA": "RESUELTA", "TIPO": "PATRIMONIO (DELITO)", "SUBTIPO": "ROBO", "MODALIDAD": "ROBO", "FECHA_HECHO": 20240208, "HORA_HECHO": 500, "UBICACION": "JUAN PABLO II CALLAO", "DESCRIPCION": "SARITA COLONIA", "FECHA_NACIMIENTO": 19830608, "EDAD_PERSONA": 40, "SEXO": "MASCULINO", "ESTADO_CIVIL": "CASADO(A)", "GRADO_INSTRUCCION": "NO INDICA", "OCUPACION": "NO INDICA", "PAIS_NATAL": "PERU", "LONGITUD": -77.1301799, "LATITUD": -12.024067, "Año": "2024", "Mes": "02" }, "geometry": { "type": "Point", "coordinates": [ 268082.021916295052506, 8669886.654254764318466 ] } },
{ "type": "Feature", "properties": { "id": "888", "FECHA_CORTE": 20240425, "FECHA_REGISTRO": 20240219, "ID_DOC_DENUNCIA": "a674833dc28e23b38b32c00348b9949b62c43293b630e731200d2a8589676ca0", "UBIGEO": 70101, "DEPARTAMENTO": "CALLAO", "PROVINCIA": "CALLAO", "DISTRITO": "CALLAO", "TIPO_DE_DENUNCIA": "DENUNCIA", "SITUACION_DENUNCIA": "RESUELTA", "TIPO": "PATRIMONIO (DELITO)", "SUBTIPO": "HURTO", "MODALIDAD": "HURTO", "FECHA_HECHO": 20240219, "HORA_HECHO": 650, "UBICACION": "AV AUX TOMAS VALLE CON JR LAS CODORNICES  URB EL CONDOR", "DESCRIPCION": "BOCANEGRA", "FECHA_NACIMIENTO": 20030830, "EDAD_PERSONA": 20, "SEXO": "MASCULINO", "ESTADO_CIVIL": "NO INDICA", "GRADO_INSTRUCCION": "SECUNDARIA", "OCUPACION": "ESCOLAR", "PAIS_NATAL": "PERU", "LONGITUD": -77.12548809, "LATITUD": -12.05104059, "Año": "2024", "Mes": "02" }, "geometry": { "type": "Point", "coordinates": [ 268616.14808381506009, 8666906.02757802605629 ] } },
{ "type": "Feature", "properties": { "id": "889", "FECHA_CORTE": 20240425, "FECHA_REGISTRO": 20240216, "ID_DOC_DENUNCIA": "21415e34924930128d6a429a28c37a7160f888a74c879a4eb8100a0ccf4594d4", "UBIGEO": 70101, "DEPARTAMENTO": "CALLAO", "PROVINCIA": "CALLAO", "DISTRITO": "CALLAO", "TIPO_DE_DENUNCIA": "DENUNCIA", "SITUACION_DENUNCIA": "RESUELTA", "TIPO": "PATRIMONIO (DELITO)", "SUBTIPO": "HURTO", "MODALIDAD": "HURTO AGRAVADO EN CASA HABITADA", "FECHA_HECHO": 20240216, "HORA_HECHO": 808, "UBICACION": "CALLE CORDE 1 SN  CALLAO", "DESCRIPCION": "PLAYA RIMAC", "FECHA_NACIMIENTO": 19540904, "EDAD_PERSONA": 69, "SEXO": "MASCULINO", "ESTADO_CIVIL": "DIVORCIADO(A)", "GRADO_INSTRUCCION": "NO INDICA", "OCUPACION": "NO INDICA", "PAIS_NATAL": "PERU", "LONGITUD": -77.1255015, "LATITUD": -12.05115076, "Año": "2024", "Mes": "02" }, "geometry": { "type": "Point", "coordinates": [ 268614.782095129252411, 8666893.826126741245389 ] } },
{ "type": "Feature", "properties": { "id": "898", "FECHA_CORTE": 20240425, "FECHA_REGISTRO": 20240220, "ID_DOC_DENUNCIA": "09a91ebe2d9da72eb9a88cb3d85f56aea4b56651974b477e5e75036926e9e0cb", "UBIGEO": 70101, "DEPARTAMENTO": "CALLAO", "PROVINCIA": "CALLAO", "DISTRITO": "CALLAO", "TIPO_DE_DENUNCIA": "DENUNCIA", "SITUACION_DENUNCIA": "RESUELTA", "TIPO": "PATRIMONIO (DELITO)", "SUBTIPO": "HURTO", "MODALIDAD": "HURTO DE ACCESORIOS Y AUTOPARTES DE VEHICULOS", "FECHA_HECHO": 20240220, "HORA_HECHO": 1720, "UBICACION": "AV TOMAS VALLE HOSPITAL LUIS NEGREIROS CALLAO", "DESCRIPCION": "JUAN INGUNZA VALDIVIA", "FECHA_NACIMIENTO": 19910430, "EDAD_PERSONA": 32, "SEXO": "FEMENINO", "ESTADO_CIVIL": "CASADO(A)", "GRADO_INSTRUCCION": "NO INDICA", "OCUPACION": "NO INDICA", "PAIS_NATAL": "PERU", "LONGITUD": -77.0980445, "LATITUD": -12.0156194, "Año": "2024", "Mes": "02" }, "geometry": { "type": "Point", "coordinates": [ 271575.001017507805955, 8670848.26756570674479 ] } },
{ "type": "Feature", "properties": { "id": "899", "FECHA_CORTE": 20240425, "FECHA_REGISTRO": 20240216, "ID_DOC_DENUNCIA": "5d85ad197077daa4a70586a56dfd80551cf59e6926ca709cbc16bc3f1bf65858", "UBIGEO": 70101, "DEPARTAMENTO": "CALLAO", "PROVINCIA": "CALLAO", "DISTRITO": "CALLAO", "TIPO_DE_DENUNCIA": "DENUNCIA", "SITUACION_DENUNCIA": "RESUELTA", "TIPO": "PATRIMONIO (DELITO)", "SUBTIPO": "HURTO", "MODALIDAD": "HURTO", "FECHA_HECHO": 20240216, "HORA_HECHO": 0, "UBICACION": "AV ALAMEDA REF MERCADO AMARILLO", "DESCRIPCION": "RAMON CASTILLA", "FECHA_NACIMIENTO": 19650905, "EDAD_PERSONA": 58, "SEXO": "MASCULINO", "ESTADO_CIVIL": "CASADO(A)", "GRADO_INSTRUCCION": "NO INDICA", "OCUPACION": "NO INDICA", "PAIS_NATAL": "PERU", "LONGITUD": -77.1185011, "LATITUD": -12.0425804, "Año": "2024", "Mes": "02" }, "geometry": { "type": "Point", "coordinates": [ 269369.854280821164139, 8667848.016563272103667 ] } },
{ "type": "Feature", "properties": { "id": "916", "FECHA_CORTE": 20240425, "FECHA_REGISTRO": 20240229, "ID_DOC_DENUNCIA": "08e0cb716faa8beb50f3b4fa2b51c4d5adf9cedef225fd636ec1288d49efccc8", "UBIGEO": 70101, "DEPARTAMENTO": "CALLAO", "PROVINCIA": "CALLAO", "DISTRITO": "CALLAO", "TIPO_DE_DENUNCIA": "DENUNCIA", "SITUACION_DENUNCIA": "PENDIENTE", "TIPO": "PATRIMONIO (DELITO)", "SUBTIPO": "ROBO", "MODALIDAD": "ROBO AGRAVADO", "FECHA_HECHO": 20240229, "HORA_HECHO": 1750, "UBICACION": "A LA ALTURA DE LA INTERSECCION DEL JR. SUCRE CON EL JR. VENEZUELA CALLAO", "DESCRIPCION": "CALLAO", "FECHA_NACIMIENTO": 19800608, "EDAD_PERSONA": 43, "SEXO": "FEMENINO", "ESTADO_CIVIL": "DIVORCIADO(A)", "GRADO_INSTRUCCION": "NO INDICA", "OCUPACION": "NO INDICA", "PAIS_NATAL": "PERU", "LONGITUD": -77.1408193, "LATITUD": -12.0560308, "Año": "2024", "Mes": "02" }, "geometry": { "type": "Point", "coordinates": [ 266950.768250470864587, 8666340.878886263817549 ] } },
{ "type": "Feature", "properties": { "id": "917", "FECHA_CORTE": 20240425, "FECHA_REGISTRO": 20240208, "ID_DOC_DENUNCIA": "cedc80f6c10538ce1f9acd90289a43381098aba688a384a6417da76c675cdfb8", "UBIGEO": 70101, "DEPARTAMENTO": "CALLAO", "PROVINCIA": "CALLAO", "DISTRITO": "CALLAO", "TIPO_DE_DENUNCIA": "DENUNCIA", "SITUACION_DENUNCIA": "RESUELTA", "TIPO": "PATRIMONIO (DELITO)", "SUBTIPO": "ROBO", "MODALIDAD": "ROBO AGRAVADO", "FECHA_HECHO": 20240208, "HORA_HECHO": 1450, "UBICACION": "MERCADO CIUDAD SATELITE SANTA ROSA CALLAO", "DESCRIPCION": "JUAN INGUNZA VALDIVIA", "FECHA_NACIMIENTO": 19761003, "EDAD_PERSONA": 47, "SEXO": "FEMENINO", "ESTADO_CIVIL": "CASADO(A)", "GRADO_INSTRUCCION": "NO INDICA", "OCUPACION": "NO INDICA", "PAIS_NATAL": "PERU", "LONGITUD": -77.1010516, "LATITUD": -12.0146682, "Año": "2024", "Mes": "02" }, "geometry": { "type": "Point", "coordinates": [ 271246.663749624160118, 8670951.014843117445707 ] } },
{ "type": "Feature", "properties": { "id": "923", "FECHA_CORTE": 20240425, "FECHA_REGISTRO": 20240205, "ID_DOC_DENUNCIA": "0ace4d2b7dbd0e38b43d0aed7583a1017ae4d3adef0d774e6a43aeb7dfe47b2e", "UBIGEO": 70101, "DEPARTAMENTO": "CALLAO", "PROVINCIA": "CALLAO", "DISTRITO": "CALLAO", "TIPO_DE_DENUNCIA": "DENUNCIA", "SITUACION_DENUNCIA": "RESUELTA", "TIPO": "PATRIMONIO (DELITO)", "SUBTIPO": "HURTO", "MODALIDAD": "HURTO DE VEHICULO", "FECHA_HECHO": 20240205, "HORA_HECHO": 1545, "UBICACION": "AV NESTOR GAMBETTA ALTURA DE LA EMPRESA Z GAS ANDINO OQUENDO CALLAO", "DESCRIPCION": "OQUENDO", "FECHA_NACIMIENTO": 19730308, "EDAD_PERSONA": 50, "SEXO": "MASCULINO", "ESTADO_CIVIL": "DIVORCIADO(A)", "GRADO_INSTRUCCION": "NO INDICA", "OCUPACION": "ADMINISTRADOR", "PAIS_NATAL": "PERU", "LONGITUD": -77.1305395, "LATITUD": -11.9845781, "Año": "2024", "Mes": "02" }, "geometry": { "type": "Point", "coordinates": [ 268009.046410984592512, 8674255.734983997419477 ] } },
{ "type": "Feature", "properties": { "id": "924", "FECHA_CORTE": 20240425, "FECHA_REGISTRO": 20240210, "ID_DOC_DENUNCIA": "cede033d882be080abc922084df495001a869b422e26c874a990fa89bcf81a2c", "UBIGEO": 70101, "DEPARTAMENTO": "CALLAO", "PROVINCIA": "CALLAO", "DISTRITO": "CALLAO", "TIPO_DE_DENUNCIA": "ACTA DE DENUNCIA VERBAL", "SITUACION_DENUNCIA": "RESUELTA", "TIPO": "PATRIMONIO (DELITO)", "SUBTIPO": "ROBO", "MODALIDAD": "ROBO", "FECHA_HECHO": 20240210, "HORA_HECHO": 950, "UBICACION": "AV CONDE DE LEMOS CON LA AV HIPOLITO UNANUE", "DESCRIPCION": "LA LEGUA", "FECHA_NACIMIENTO": 19631021, "EDAD_PERSONA": 60, "SEXO": "MASCULINO", "ESTADO_CIVIL": "DIVORCIADO(A)", "GRADO_INSTRUCCION": "NO INDICA", "OCUPACION": "NO INDICA", "PAIS_NATAL": "PERU", "LONGITUD": -77.09409259, "LATITUD": -12.0494453, "Año": "2024", "Mes": "02" }, "geometry": { "type": "Point", "coordinates": [ 272033.97183645440964, 8667108.839182009920478 ] } },
{ "type": "Feature", "properties": { "id": "927", "FECHA_CORTE": 20240425, "FECHA_REGISTRO": 20240212, "ID_DOC_DENUNCIA": "8250ef6edb86a95dbc3e08ad0de8e91177c1e1d391a3d56145b2900afed6eaa9", "UBIGEO": 70101, "DEPARTAMENTO": "CALLAO", "PROVINCIA": "CALLAO", "DISTRITO": "CALLAO", "TIPO_DE_DENUNCIA": "DENUNCIA", "SITUACION_DENUNCIA": "PENDIENTE", "TIPO": "PATRIMONIO (DELITO)", "SUBTIPO": "ROBO", "MODALIDAD": "ROBO", "FECHA_HECHO": 20240212, "HORA_HECHO": 830, "UBICACION": "CALLE 2 DE MAYO FRONTIS DE LA MZ. Q LT. 5 ASENT. H. TODOS UNIDOS", "DESCRIPCION": "DULANTO", "FECHA_NACIMIENTO": 19841211, "EDAD_PERSONA": 39, "SEXO": "MASCULINO", "ESTADO_CIVIL": "CONVIVIENTE", "GRADO_INSTRUCCION": "NO INDICA", "OCUPACION": "NO INDICA", "PAIS_NATAL": "PERU", "LONGITUD": -77.1142508, "LATITUD": -12.0544177, "Año": "2024", "Mes": "02" }, "geometry": { "type": "Point", "coordinates": [ 269842.84885449311696, 8666541.816247204318643 ] } },
{ "type": "Feature", "properties": { "id": "929", "FECHA_CORTE": 20240425, "FECHA_REGISTRO": 20240214, "ID_DOC_DENUNCIA": "5cf10b09de43aa48f81da4dd18a620c23924a7effddcf7ae05e8876f0a49d71d", "UBIGEO": 70101, "DEPARTAMENTO": "CALLAO", "PROVINCIA": "CALLAO", "DISTRITO": "CALLAO", "TIPO_DE_DENUNCIA": "DENUNCIA", "SITUACION_DENUNCIA": "RESUELTA", "TIPO": "PATRIMONIO (DELITO)", "SUBTIPO": "ROBO", "MODALIDAD": "ROBO AGRAVADO A MANO ARMADA", "FECHA_HECHO": 20240214, "HORA_HECHO": 1700, "UBICACION": "PASAJE SIEMPREVIVAS MZ N2 LT 6 JOSE BOTERIN", "DESCRIPCION": "RAMON CASTILLA", "FECHA_NACIMIENTO": 19740926, "EDAD_PERSONA": 49, "SEXO": "MASCULINO", "ESTADO_CIVIL": "DIVORCIADO(A)", "GRADO_INSTRUCCION": "NO INDICA", "OCUPACION": "NO INDICA", "PAIS_NATAL": "PERU", "LONGITUD": -77.11958734, "LATITUD": -12.05228926, "Año": "2024", "Mes": "02" }, "geometry": { "type": "Point", "coordinates": [ 269259.850107033154927, 8666772.837440093979239 ] } },
{ "type": "Feature", "properties": { "id": "934", "FECHA_CORTE": 20240425, "FECHA_REGISTRO": 20240217, "ID_DOC_DENUNCIA": "5078a8ca17ac4c221123b85e424dcb314e7626ff85a890e6c135140ffbc81217", "UBIGEO": 70101, "DEPARTAMENTO": "CALLAO", "PROVINCIA": "CALLAO", "DISTRITO": "CALLAO", "TIPO_DE_DENUNCIA": "DENUNCIA", "SITUACION_DENUNCIA": "RESUELTA", "TIPO": "PATRIMONIO (DELITO)", "SUBTIPO": "ROBO", "MODALIDAD": "ROBO AGRAVADO", "FECHA_HECHO": 20240217, "HORA_HECHO": 1330, "UBICACION": "JR. PROLONGACION JOSE GALVEZ CDRA. 02 CALLAO", "DESCRIPCION": "CALLAO", "FECHA_NACIMIENTO": 19780721, "EDAD_PERSONA": 45, "SEXO": "MASCULINO", "ESTADO_CIVIL": "DIVORCIADO(A)", "GRADO_INSTRUCCION": "NO INDICA", "OCUPACION": "NO INDICA", "PAIS_NATAL": "PERU", "LONGITUD": -77.1358862, "LATITUD": -12.0679154, "Año": "2024", "Mes": "02" }, "geometry": { "type": "Point", "coordinates": [ 267498.262505371589214, 8665030.047781646251678 ] } },
{ "type": "Feature", "properties": { "id": "935", "FECHA_CORTE": 20240425, "FECHA_REGISTRO": 20240222, "ID_DOC_DENUNCIA": "74247e27f2bd33b7c33dc45061aa522cb91be79044f4c9e800efb41c5aca6d81", "UBIGEO": 70101, "DEPARTAMENTO": "CALLAO", "PROVINCIA": "CALLAO", "DISTRITO": "CALLAO", "TIPO_DE_DENUNCIA": "DENUNCIA", "SITUACION_DENUNCIA": "PENDIENTE", "TIPO": "PATRIMONIO (DELITO)", "SUBTIPO": "ROBO", "MODALIDAD": "ROBO AGRAVADO", "FECHA_HECHO": 20240221, "HORA_HECHO": 1800, "UBICACION": "RAMON CASTILLA MZ K LOTE 15 COMITE 5  CALLAO 07026  PERU", "DESCRIPCION": "RAMON CASTILLA", "FECHA_NACIMIENTO": 19740303, "EDAD_PERSONA": 49, "SEXO": "FEMENINO", "ESTADO_CIVIL": "DIVORCIADO(A)", "GRADO_INSTRUCCION": "NO INDICA", "OCUPACION": "NO INDICA", "PAIS_NATAL": "PERU", "LONGITUD": -77.1201117, "LATITUD": -12.0438803, "Año": "2024", "Mes": "02" }, "geometry": { "type": "Point", "coordinates": [ 269195.55411100568017, 8667702.830904489383101 ] } },
{ "type": "Feature", "properties": { "id": "939", "FECHA_CORTE": 20240425, "FECHA_REGISTRO": 20240227, "ID_DOC_DENUNCIA": "362b06dff6aa890c03379605581862a944c44b3248d564ad46e13e7a981eb61b", "UBIGEO": 70101, "DEPARTAMENTO": "CALLAO", "PROVINCIA": "CALLAO", "DISTRITO": "CALLAO", "TIPO_DE_DENUNCIA": "DENUNCIA", "SITUACION_DENUNCIA": "PENDIENTE", "TIPO": "PATRIMONIO (DELITO)", "SUBTIPO": "ROBO", "MODALIDAD": "ROBO", "FECHA_HECHO": 20240227, "HORA_HECHO": 1305, "UBICACION": "INSURGENTES CON AV EL SOL", "DESCRIPCION": "DEPINCRI CALLAO/LA PUNTA", "FECHA_NACIMIENTO": 19881014, "EDAD_PERSONA": 35, "SEXO": "MASCULINO", "ESTADO_CIVIL": "DIVORCIADO(A)", "GRADO_INSTRUCCION": "NO INDICA", "OCUPACION": "NO INDICA", "PAIS_NATAL": "PERU", "LONGITUD": -77.1003323, "LATITUD": -12.0516996, "Año": "2024", "Mes": "02" }, "geometry": { "type": "Point", "coordinates": [ 271356.33825729804812, 8666854.213360019028187 ] } },
{ "type": "Feature", "properties": { "id": "940", "FECHA_CORTE": 20240425, "FECHA_REGISTRO": 20240205, "ID_DOC_DENUNCIA": "8ed35c62e002f3fb1d5a4c014986249d1e34a6c708886b134cf77b3c6c928273", "UBIGEO": 70104, "DEPARTAMENTO": "CALLAO", "PROVINCIA": "CALLAO", "DISTRITO": "LA PERLA", "TIPO_DE_DENUNCIA": "ACTA DE DENUNCIA VERBAL", "SITUACION_DENUNCIA": "RESUELTA", "TIPO": "PATRIMONIO (DELITO)", "SUBTIPO": "HURTO", "MODALIDAD": "HURTO AGRAVADO", "FECHA_HECHO": 20240105, "HORA_HECHO": 1330, "UBICACION": "JR LIBERTAD MZ A LT 12 LA PERLA CALLAO", "DESCRIPCION": "DEPINCRI BELLAVISTA/LA PERLA/C.DE LA LEGUA", "FECHA_NACIMIENTO": 19640925, "EDAD_PERSONA": 59, "SEXO": "FEMENINO", "ESTADO_CIVIL": "DIVORCIADO(A)", "GRADO_INSTRUCCION": "NO INDICA", "OCUPACION": "NO INDICA", "PAIS_NATAL": "PERU", "LONGITUD": -77.10535537, "LATITUD": -12.06483181, "Año": "2024", "Mes": "02" }, "geometry": { "type": "Point", "coordinates": [ 270820.456478542415425, 8665396.978062817826867 ] } },
{ "type": "Feature", "properties": { "id": "941", "FECHA_CORTE": 20240425, "FECHA_REGISTRO": 20240205, "ID_DOC_DENUNCIA": "2c3357251371056dc17e895b95b33496d72c6259b44bf353614ae647ab30d2ab", "UBIGEO": 70101, "DEPARTAMENTO": "CALLAO", "PROVINCIA": "CALLAO", "DISTRITO": "CALLAO", "TIPO_DE_DENUNCIA": "ACTA DE DENUNCIA VERBAL", "SITUACION_DENUNCIA": "RESUELTA", "TIPO": "PATRIMONIO (DELITO)", "SUBTIPO": "HURTO", "MODALIDAD": "HURTO AGRAVADO", "FECHA_HECHO": 20240104, "HORA_HECHO": 1330, "UBICACION": "JR LIBERTAD MZ A LT 12 LA PERLA CALLAO", "DESCRIPCION": "DEPINCRI BELLAVISTA/LA PERLA/C.DE LA LEGUA", "FECHA_NACIMIENTO": 19640925, "EDAD_PERSONA": 59, "SEXO": "FEMENINO", "ESTADO_CIVIL": "DIVORCIADO(A)", "GRADO_INSTRUCCION": "NO INDICA", "OCUPACION": "NO INDICA", "PAIS_NATAL": "PERU", "LONGITUD": -77.0987489, "LATITUD": -12.0452403, "Año": "2024", "Mes": "02" }, "geometry": { "type": "Point", "coordinates": [ 271523.312023977050558, 8667570.233116226270795 ] } },
{ "type": "Feature", "properties": { "id": "949", "FECHA_CORTE": 20240425, "FECHA_REGISTRO": 20240219, "ID_DOC_DENUNCIA": "3ad3361fe92cacae69be7ba643f32e779bed837032b8b461113166fd2426e506", "UBIGEO": 70101, "DEPARTAMENTO": "CALLAO", "PROVINCIA": "CALLAO", "DISTRITO": "CALLAO", "TIPO_DE_DENUNCIA": "ACTA DE INTERVENCION", "SITUACION_DENUNCIA": "RESUELTA", "TIPO": "PATRIMONIO (DELITO)", "SUBTIPO": "HURTO", "MODALIDAD": "HURTO", "FECHA_HECHO": 20240218, "HORA_HECHO": 1010, "UBICACION": "AV ELMER FAUCETT INTERSECCION CON AV LA CHALACA", "DESCRIPCION": "DULANTO", "FECHA_NACIMIENTO": 19890609, "EDAD_PERSONA": 34, "SEXO": "FEMENINO", "ESTADO_CIVIL": "CONVIVIENTE", "GRADO_INSTRUCCION": "NO INDICA", "OCUPACION": "AMA DE CASA", "PAIS_NATAL": "PERU", "LONGITUD": -77.0987489, "LATITUD": -12.0452403, "Año": "2024", "Mes": "02" }, "geometry": { "type": "Point", "coordinates": [ 271523.312023977050558, 8667570.233116226270795 ] } },
{ "type": "Feature", "properties": { "id": "957", "FECHA_CORTE": 20240425, "FECHA_REGISTRO": 20240212, "ID_DOC_DENUNCIA": "7eb0b233a7b5baf6b5c19e868b3d846629b41ed95d8363a6773b4f59a59951e8", "UBIGEO": 70101, "DEPARTAMENTO": "CALLAO", "PROVINCIA": "CALLAO", "DISTRITO": "CALLAO", "TIPO_DE_DENUNCIA": "DENUNCIA", "SITUACION_DENUNCIA": "RESUELTA", "TIPO": "PATRIMONIO (DELITO)", "SUBTIPO": "ROBO", "MODALIDAD": "ROBO", "FECHA_HECHO": 20240212, "HORA_HECHO": 715, "UBICACION": "INMEDIACIONES DEL C E NIITOS DE SANTA CRUZ", "DESCRIPCION": "RAMON CASTILLA", "FECHA_NACIMIENTO": 19950507, "EDAD_PERSONA": 28, "SEXO": "MASCULINO", "ESTADO_CIVIL": "CONVIVIENTE", "GRADO_INSTRUCCION": "NO INDICA", "OCUPACION": "EMPLEADO", "PAIS_NATAL": "PERU", "LONGITUD": -77.1101882, "LATITUD": -12.0460084, "Año": "2024", "Mes": "02" }, "geometry": { "type": "Point", "coordinates": [ 270278.129554663144518, 8667475.691241281107068 ] } },
{ "type": "Feature", "properties": { "id": "960", "FECHA_CORTE": 20240425, "FECHA_REGISTRO": 20240202, "ID_DOC_DENUNCIA": "985fde9bda9dce385e4ce3a7ef54d54ba9bd6d039c2a18531303f58f9a86139b", "UBIGEO": 70101, "DEPARTAMENTO": "CALLAO", "PROVINCIA": "CALLAO", "DISTRITO": "CALLAO", "TIPO_DE_DENUNCIA": "DENUNCIA", "SITUACION_DENUNCIA": "RESUELTA", "TIPO": "PATRIMONIO (DELITO)", "SUBTIPO": "HURTO", "MODALIDAD": "HURTO", "FECHA_HECHO": 20240202, "HORA_HECHO": 1320, "UBICACION": "A MEDIA CDRA DEL MERCADO DE PLAZA BARRIO", "DESCRIPCION": "PLAYA RIMAC", "FECHA_NACIMIENTO": 19860803, "EDAD_PERSONA": 37, "SEXO": "FEMENINO", "ESTADO_CIVIL": "CONVIVIENTE", "GRADO_INSTRUCCION": "NO INDICA", "OCUPACION": "AMA DE CASA", "PAIS_NATAL": "PERU", "LONGITUD": -77.1007827, "LATITUD": -12.023325, "Año": "2024", "Mes": "02" }, "geometry": { "type": "Point", "coordinates": [ 271283.269053886644542, 8669993.393321922048926 ] } },
{ "type": "Feature", "properties": { "id": "963", "FECHA_CORTE": 20240425, "FECHA_REGISTRO": 20240218, "ID_DOC_DENUNCIA": "87f95586f52e09036e9eaa0b407915b78bc5666cca0881f824dcf416e9388463", "UBIGEO": 70101, "DEPARTAMENTO": "CALLAO", "PROVINCIA": "CALLAO", "DISTRITO": "CALLAO", "TIPO_DE_DENUNCIA": "DENUNCIA", "SITUACION_DENUNCIA": "RESUELTA", "TIPO": "PATRIMONIO (DELITO)", "SUBTIPO": "HURTO", "MODALIDAD": "HURTO AGRAVADO", "FECHA_HECHO": 20240217, "HORA_HECHO": 2300, "UBICACION": "AV MIGUEL 831 INTERIOR 4", "DESCRIPCION": "CALLAO", "FECHA_NACIMIENTO": 19750315, "EDAD_PERSONA": 48, "SEXO": "FEMENINO", "ESTADO_CIVIL": "CONVIVIENTE", "GRADO_INSTRUCCION": "NO INDICA", "OCUPACION": "AMA DE CASA", "PAIS_NATAL": "PERU", "LONGITUD": -77.10407814, "LATITUD": -12.03592743, "Año": "2024", "Mes": "02" }, "geometry": { "type": "Point", "coordinates": [ 270935.016596274217591, 8668596.229274217039347 ] } },
{ "type": "Feature", "properties": { "id": "968", "FECHA_CORTE": 20240425, "FECHA_REGISTRO": 20240221, "ID_DOC_DENUNCIA": "f68d8b67e3861da455f9852eb972a358835458c00894382826d7fd4462eefc78", "UBIGEO": 70101, "DEPARTAMENTO": "CALLAO", "PROVINCIA": "CALLAO", "DISTRITO": "CALLAO", "TIPO_DE_DENUNCIA": "DENUNCIA", "SITUACION_DENUNCIA": "PENDIENTE", "TIPO": "PATRIMONIO (DELITO)", "SUBTIPO": "HURTO", "MODALIDAD": "HURTO", "FECHA_HECHO": 20240219, "HORA_HECHO": 1530, "UBICACION": "AV OMICRON CON AV PERU", "DESCRIPCION": "BOCANEGRA", "FECHA_NACIMIENTO": 19560513, "EDAD_PERSONA": 67, "SEXO": "FEMENINO", "ESTADO_CIVIL": "VIUDO(A)", "GRADO_INSTRUCCION": "NO INDICA", "OCUPACION": "NO INDICA", "PAIS_NATAL": "PERU", "LONGITUD": -77.0982581, "LATITUD": -12.0260526, "Año": "2024", "Mes": "02" }, "geometry": { "type": "Point", "coordinates": [ 271560.54438190208748, 8669693.693969093263149 ] } },
{ "type": "Feature", "properties": { "id": "969", "FECHA_CORTE": 20240425, "FECHA_REGISTRO": 20240219, "ID_DOC_DENUNCIA": "1df254e737c22ec007ebdaa8e2daa0063567888b391f837baa46c6e2d02ea277", "UBIGEO": 70101, "DEPARTAMENTO": "CALLAO", "PROVINCIA": "CALLAO", "DISTRITO": "CALLAO", "TIPO_DE_DENUNCIA": "DENUNCIA", "SITUACION_DENUNCIA": "RESUELTA", "TIPO": "PATRIMONIO (DELITO)", "SUBTIPO": "ROBO", "MODALIDAD": "ROBO AGRAVADO", "FECHA_HECHO": 20240214, "HORA_HECHO": 2300, "UBICACION": "BLOCK  28 C NRO 101  UNIDAD VECINAL  DEL RIMAC LIMA", "DESCRIPCION": "BOCANEGRA", "FECHA_NACIMIENTO": 19560513, "EDAD_PERSONA": 67, "SEXO": "FEMENINO", "ESTADO_CIVIL": "VIUDO(A)", "GRADO_INSTRUCCION": "NO INDICA", "OCUPACION": "NO INDICA", "PAIS_NATAL": "PERU", "LONGITUD": -77.1406069, "LATITUD": -12.0214051, "Año": "2024", "Mes": "02" }, "geometry": { "type": "Point", "coordinates": [ 266944.030686305603012, 8670172.369539944455028 ] } },
{ "type": "Feature", "properties": { "id": "983", "FECHA_CORTE": 20240425, "FECHA_REGISTRO": 20240217, "ID_DOC_DENUNCIA": "29b6fce83df393235ed9b39ff80d5c88b6b4618c7bf4ac5a9c5dc0ff02b4412a", "UBIGEO": 70101, "DEPARTAMENTO": "CALLAO", "PROVINCIA": "CALLAO", "DISTRITO": "CALLAO", "TIPO_DE_DENUNCIA": "DENUNCIA", "SITUACION_DENUNCIA": "RESUELTA", "TIPO": "PATRIMONIO (DELITO)", "SUBTIPO": "ROBO", "MODALIDAD": "ROBO", "FECHA_HECHO": 20240215, "HORA_HECHO": 820, "UBICACION": "FRONTIS DEL MERCADO CHACARITAS  CALLAO", "DESCRIPCION": "CIUDADELA CHALACA", "FECHA_NACIMIENTO": 19940424, "EDAD_PERSONA": 29, "SEXO": "MASCULINO", "ESTADO_CIVIL": "SOLTERO(A)", "GRADO_INSTRUCCION": "SUPERIOR", "OCUPACION": "OPERARIO", "PAIS_NATAL": "VENEZUELA", "LONGITUD": -77.1365952, "LATITUD": -12.0542081, "Año": "2024", "Mes": "02" }, "geometry": { "type": "Point", "coordinates": [ 267409.227726094075479, 8666546.147454410791397 ] } },
{ "type": "Feature", "properties": { "id": "1010", "FECHA_CORTE": 20240425, "FECHA_REGISTRO": 20240201, "ID_DOC_DENUNCIA": "22f8f67c58efe7961d080b3502507a5c64d3944b39e6520c034a34b7a3a31d20", "UBIGEO": 70101, "DEPARTAMENTO": "CALLAO", "PROVINCIA": "CALLAO", "DISTRITO": "CALLAO", "TIPO_DE_DENUNCIA": "DENUNCIA", "SITUACION_DENUNCIA": "RESUELTA", "TIPO": "PATRIMONIO (DELITO)", "SUBTIPO": "HURTO", "MODALIDAD": "HURTO AGRAVADO", "FECHA_HECHO": 20240131, "HORA_HECHO": 1400, "UBICACION": "CALLE GAMA 256", "DESCRIPCION": "LA LEGUA", "FECHA_NACIMIENTO": 19710919, "EDAD_PERSONA": 52, "SEXO": "MASCULINO", "ESTADO_CIVIL": "CASADO(A)", "GRADO_INSTRUCCION": "NO INDICA", "OCUPACION": "NO INDICA", "PAIS_NATAL": "PERU", "LONGITUD": -77.085271, "LATITUD": -12.0495303, "Año": "2024", "Mes": "02" }, "geometry": { "type": "Point", "coordinates": [ 272994.765343085629866, 8667106.752249581739306 ] } },
{ "type": "Feature", "properties": { "id": "1011", "FECHA_CORTE": 20240425, "FECHA_REGISTRO": 20240227, "ID_DOC_DENUNCIA": "72d7a7e69dc18833e6ddbf92897503449595ca461497299adfcb55e453a21aeb", "UBIGEO": 70101, "DEPARTAMENTO": "CALLAO", "PROVINCIA": "CALLAO", "DISTRITO": "CALLAO", "TIPO_DE_DENUNCIA": "DENUNCIA", "SITUACION_DENUNCIA": "RESUELTA", "TIPO": "PATRIMONIO (DELITO)", "SUBTIPO": "ROBO", "MODALIDAD": "ROBO", "FECHA_HECHO": 20240227, "HORA_HECHO": 1450, "UBICACION": "CALLE GUARDIA CHALACA REF. OVALO GARIBALDI", "DESCRIPCION": "CIUDADELA CHALACA", "FECHA_NACIMIENTO": 19560623, "EDAD_PERSONA": 67, "SEXO": "MASCULINO", "ESTADO_CIVIL": "CASADO(A)", "GRADO_INSTRUCCION": "NO INDICA", "OCUPACION": "EMPLEADO", "PAIS_NATAL": "PERU", "LONGITUD": -77.13862422, "LATITUD": -12.05238542, "Año": "2024", "Mes": "02" }, "geometry": { "type": "Point", "coordinates": [ 267186.680666157102678, 8666746.103187818080187 ] } },
{ "type": "Feature", "properties": { "id": "1020", "FECHA_CORTE": 20240425, "FECHA_REGISTRO": 20240223, "ID_DOC_DENUNCIA": "6cb7c9704c24434828851b2a20ee3c9dee139b71234d79f6f6d02c061870dce9", "UBIGEO": 70101, "DEPARTAMENTO": "CALLAO", "PROVINCIA": "CALLAO", "DISTRITO": "CALLAO", "TIPO_DE_DENUNCIA": "OCURRENCIA", "SITUACION_DENUNCIA": "RESUELTA", "TIPO": "PATRIMONIO (DELITO)", "SUBTIPO": "HURTO", "MODALIDAD": "HURTO AGRAVADO", "FECHA_HECHO": 20240223, "HORA_HECHO": 2012, "UBICACION": "AV. LA ALAMEDA CRUCE CON CA. ANCASH-GAMBETA BAJA -CALLAO", "DESCRIPCION": "DULANTO", "FECHA_NACIMIENTO": 19930617, "EDAD_PERSONA": 30, "SEXO": "FEMENINO", "ESTADO_CIVIL": "SOLTERO(A)", "GRADO_INSTRUCCION": "TECNICA", "OCUPACION": "TELEOPERADORA", "PAIS_NATAL": "PERU", "LONGITUD": -77.1164808, "LATITUD": -12.0547785, "Año": "2024", "Mes": "02" }, "geometry": { "type": "Point", "coordinates": [ 269600.297928799758665, 8666500.021097380667925 ] } },
{ "type": "Feature", "properties": { "id": "1028", "FECHA_CORTE": 20240425, "FECHA_REGISTRO": 20240229, "ID_DOC_DENUNCIA": "74022fe04434dccec69862bb656c0a262540a395ad8972b07ba2ed665e47ed7a", "UBIGEO": 70101, "DEPARTAMENTO": "CALLAO", "PROVINCIA": "CALLAO", "DISTRITO": "CALLAO", "TIPO_DE_DENUNCIA": "DENUNCIA", "SITUACION_DENUNCIA": "PENDIENTE", "TIPO": "PATRIMONIO (DELITO)", "SUBTIPO": "HURTO", "MODALIDAD": "HURTO", "FECHA_HECHO": 20240229, "HORA_HECHO": 830, "UBICACION": "CALLEJON VILLEGAS  CALLAO 07001  PERU", "DESCRIPCION": "RAMON CASTILLA", "FECHA_NACIMIENTO": 19651206, "EDAD_PERSONA": 58, "SEXO": "MASCULINO", "ESTADO_CIVIL": "SOLTERO(A)", "GRADO_INSTRUCCION": "TECNICA", "OCUPACION": "CHOFER", "PAIS_NATAL": "PERU", "LONGITUD": -77.11799834, "LATITUD": -12.052764, "Año": "2024", "Mes": "02" }, "geometry": { "type": "Point", "coordinates": [ 269433.308161280816421, 8666721.645302835851908 ] } },
{ "type": "Feature", "properties": { "id": "1029", "FECHA_CORTE": 20240425, "FECHA_REGISTRO": 20240209, "ID_DOC_DENUNCIA": "c516d2c1f6baeb78f53160caf42a3d1ee2e94872b39fded6d15e8bf3acac6476", "UBIGEO": 70101, "DEPARTAMENTO": "CALLAO", "PROVINCIA": "CALLAO", "DISTRITO": "CALLAO", "TIPO_DE_DENUNCIA": "DENUNCIA", "SITUACION_DENUNCIA": "RESUELTA", "TIPO": "PATRIMONIO (DELITO)", "SUBTIPO": "ROBO", "MODALIDAD": "ROBO AGRAVADO", "FECHA_HECHO": 20240208, "HORA_HECHO": 1720, "UBICACION": "URB. SANTA MARINA NORTE BLOCK Z CALLAO", "DESCRIPCION": "CALLAO", "FECHA_NACIMIENTO": 19831007, "EDAD_PERSONA": 40, "SEXO": "MASCULINO", "ESTADO_CIVIL": "CASADO(A)", "GRADO_INSTRUCCION": "NO INDICA", "OCUPACION": "NO INDICA", "PAIS_NATAL": "PERU", "LONGITUD": -77.1319777, "LATITUD": -12.0531777, "Año": "2024", "Mes": "02" }, "geometry": { "type": "Point", "coordinates": [ 267911.218124586157501, 8666664.07387381978333 ] } },
{ "type": "Feature", "properties": { "id": "1037", "FECHA_CORTE": 20240425, "FECHA_REGISTRO": 20240217, "ID_DOC_DENUNCIA": "aa8e1d20956567e1ad9fedef810e9a513da095749b847e9dcb419080eda65f1b", "UBIGEO": 70101, "DEPARTAMENTO": "CALLAO", "PROVINCIA": "CALLAO", "DISTRITO": "CALLAO", "TIPO_DE_DENUNCIA": "DENUNCIA", "SITUACION_DENUNCIA": "RESUELTA", "TIPO": "PATRIMONIO (DELITO)", "SUBTIPO": "HURTO", "MODALIDAD": "HURTO AGRAVADO", "FECHA_HECHO": 20240216, "HORA_HECHO": 2145, "UBICACION": "AV DOMINICOS S/N DE REFERENCIA SUPERMERCADO TOTTUS", "DESCRIPCION": "BOCANEGRA", "FECHA_NACIMIENTO": 19900225, "EDAD_PERSONA": 34, "SEXO": "FEMENINO", "ESTADO_CIVIL": "SOLTERO(A)", "GRADO_INSTRUCCION": "TECNICA", "OCUPACION": "EJECUTIVA COMERCIAL", "PAIS_NATAL": "VENEZUELA", "LONGITUD": -77.0995618, "LATITUD": -12.0053119, "Año": "2024", "Mes": "02" }, "geometry": { "type": "Point", "coordinates": [ 271401.03614701947663, 8671987.494765168055892 ] } },
{ "type": "Feature", "properties": { "id": "1038", "FECHA_CORTE": 20240425, "FECHA_REGISTRO": 20240209, "ID_DOC_DENUNCIA": "902ecf0ac913c86370b79b2b21671a9d1f7bdbc816d7e552835d411fe1520dc1", "UBIGEO": 70101, "DEPARTAMENTO": "CALLAO", "PROVINCIA": "CALLAO", "DISTRITO": "CALLAO", "TIPO_DE_DENUNCIA": "ACTA DE DENUNCIA VERBAL", "SITUACION_DENUNCIA": "RESUELTA", "TIPO": "PATRIMONIO (DELITO)", "SUBTIPO": "HURTO", "MODALIDAD": "HURTO AGRAVADO", "FECHA_HECHO": 20240209, "HORA_HECHO": 1500, "UBICACION": "AVENIDA NESTOR GAMBETTA  ALTURA DE LA BASE NAVAL DEL CALLAO", "DESCRIPCION": "SARITA COLONIA", "FECHA_NACIMIENTO": 20051016, "EDAD_PERSONA": 18, "SEXO": "FEMENINO", "ESTADO_CIVIL": "SOLTERO(A)", "GRADO_INSTRUCCION": "PRIMARIA", "OCUPACION": "ESTUDIANTE", "PAIS_NATAL": "PERU", "LONGITUD": -77.12770826000001, "LATITUD": -12.03377354, "Año": "2024", "Mes": "02" }, "geometry": { "type": "Point", "coordinates": [ 268359.545276856399141, 8668814.725983753800392 ] } },
{ "type": "Feature", "properties": { "id": "1042", "FECHA_CORTE": 20240425, "FECHA_REGISTRO": 20240210, "ID_DOC_DENUNCIA": "68084d066ffd68cf7cb81b9a0193abb3fd2cb27fae5cd587946f608c5988208b", "UBIGEO": 70101, "DEPARTAMENTO": "CALLAO", "PROVINCIA": "CALLAO", "DISTRITO": "CALLAO", "TIPO_DE_DENUNCIA": "ACTA DE INTERVENCION", "SITUACION_DENUNCIA": "PENDIENTE", "TIPO": "PATRIMONIO (DELITO)", "SUBTIPO": "HURTO", "MODALIDAD": "HURTO", "FECHA_HECHO": 20240130, "HORA_HECHO": 130, "UBICACION": "AA HH LUIS FELIPE DE LAS CASAS MZ P LT 04", "DESCRIPCION": "VILLA LOS REYES", "FECHA_NACIMIENTO": 19600924, "EDAD_PERSONA": 63, "SEXO": "MASCULINO", "ESTADO_CIVIL": "CASADO(A)", "GRADO_INSTRUCCION": "TECNICA", "OCUPACION": "NO INDICA", "PAIS_NATAL": "PERU", "LONGITUD": -77.131246, "LATITUD": -12.0253402, "Año": "2024", "Mes": "02" }, "geometry": { "type": "Point", "coordinates": [ 267966.995974443969317, 8669744.876454450190067 ] } },
{ "type": "Feature", "properties": { "id": "1043", "FECHA_CORTE": 20240425, "FECHA_REGISTRO": 20240217, "ID_DOC_DENUNCIA": "a2260763d7ab1e10d1c3bfce326d6a1951ec459a9f5114d09ef6838e3af3db88", "UBIGEO": 70101, "DEPARTAMENTO": "CALLAO", "PROVINCIA": "CALLAO", "DISTRITO": "CALLAO", "TIPO_DE_DENUNCIA": "ACTA DE INTERVENCION", "SITUACION_DENUNCIA": "PENDIENTE", "TIPO": "PATRIMONIO (DELITO)", "SUBTIPO": "ROBO", "MODALIDAD": "ROBO AGRAVADO A MANO ARMADA", "FECHA_HECHO": 20240217, "HORA_HECHO": 1730, "UBICACION": "PASAJE SAN FRANCISCO CON CALLE CAJAMARCA URB. SAN JUAN MASIAS CALLAO", "DESCRIPCION": "JUAN INGUNZA VALDIVIA", "FECHA_NACIMIENTO": 19631230, "EDAD_PERSONA": 60, "SEXO": "FEMENINO", "ESTADO_CIVIL": "CASADO(A)", "GRADO_INSTRUCCION": "SUPERIOR", "OCUPACION": "NO INDICA", "PAIS_NATAL": "PERU", "LONGITUD": -77.1172662, "LATITUD": -11.9968598, "Año": "2024", "Mes": "02" }, "geometry": { "type": "Point", "coordinates": [ 269465.399247518973425, 8672907.931096378713846 ] } },
{ "type": "Feature", "properties": { "id": "1053", "FECHA_CORTE": 20240425, "FECHA_REGISTRO": 20240212, "ID_DOC_DENUNCIA": "486c9d3424c40b5ab60d229063160f4628515f6d879e06bd3248c23be189d4c9", "UBIGEO": 70101, "DEPARTAMENTO": "CALLAO", "PROVINCIA": "CALLAO", "DISTRITO": "CALLAO", "TIPO_DE_DENUNCIA": "OCURRENCIA", "SITUACION_DENUNCIA": "RESUELTA", "TIPO": "PATRIMONIO (DELITO)", "SUBTIPO": "HURTO", "MODALIDAD": "HURTO AGRAVADO", "FECHA_HECHO": 20240210, "HORA_HECHO": 2340, "UBICACION": "ASENT 2 DE JULIO MZ C LOTE 17", "DESCRIPCION": "LA LEGUA", "FECHA_NACIMIENTO": 19671225, "EDAD_PERSONA": 56, "SEXO": "MASCULINO", "ESTADO_CIVIL": "CASADO(A)", "GRADO_INSTRUCCION": "SUPERIOR", "OCUPACION": "NO INDICA", "PAIS_NATAL": "PERU", "LONGITUD": -77.11468147, "LATITUD": -11.98127956, "Año": "2024", "Mes": "02" }, "geometry": { "type": "Point", "coordinates": [ 269733.727518440573476, 8674634.004385881125927 ] } },
{ "type": "Feature", "properties": { "id": "1069", "FECHA_CORTE": 20240425, "FECHA_REGISTRO": 20240228, "ID_DOC_DENUNCIA": "4f6c4de775cf2944cb1b188070d51676b18d2d9485379c2a7ab5154ecf0e4a98", "UBIGEO": 70101, "DEPARTAMENTO": "CALLAO", "PROVINCIA": "CALLAO", "DISTRITO": "CALLAO", "TIPO_DE_DENUNCIA": "ACTA DE INTERVENCION", "SITUACION_DENUNCIA": "PENDIENTE", "TIPO": "PATRIMONIO (DELITO)", "SUBTIPO": "ROBO", "MODALIDAD": "ROBO AGRAVADO", "FECHA_HECHO": 20240227, "HORA_HECHO": 705, "UBICACION": "CALLE TUMBES", "DESCRIPCION": "DULANTO", "FECHA_NACIMIENTO": 19650128, "EDAD_PERSONA": 59, "SEXO": "MASCULINO", "ESTADO_CIVIL": "CASADO(A)", "GRADO_INSTRUCCION": "SUPERIOR", "OCUPACION": "NO INDICA", "PAIS_NATAL": "PERU", "LONGITUD": -77.1021873, "LATITUD": -12.0433947, "Año": "2024", "Mes": "02" }, "geometry": { "type": "Point", "coordinates": [ 271147.27806814777432, 8667771.576763324439526 ] } },
{ "type": "Feature", "properties": { "id": "1103", "FECHA_CORTE": 20240425, "FECHA_REGISTRO": 20240221, "ID_DOC_DENUNCIA": "9fdcfe7b7a450bce50e70aff8176a35bf0aaab61ba2ba4b1e1ea43c99bf1bb8c", "UBIGEO": 70106, "DEPARTAMENTO": "CALLAO", "PROVINCIA": "CALLAO", "DISTRITO": "VENTANILLA", "TIPO_DE_DENUNCIA": "DENUNCIA", "SITUACION_DENUNCIA": "PENDIENTE", "TIPO": "PATRIMONIO (DELITO)", "SUBTIPO": "ROBO", "MODALIDAD": "ROBO", "FECHA_HECHO": 20240219, "HORA_HECHO": 900, "UBICACION": "JURISDICCION DE VENTANILLA", "DESCRIPCION": "VENTANILLA", "FECHA_NACIMIENTO": 19501227, "EDAD_PERSONA": 73, "SEXO": "MASCULINO", "ESTADO_CIVIL": "CASADO(A)", "GRADO_INSTRUCCION": "SECUNDARIA", "OCUPACION": "NO INDICA", "PAIS_NATAL": "PERU", "LONGITUD": -77.12052332, "LATITUD": -11.93220637, "Año": "2024", "Mes": "02" }, "geometry": { "type": "Point", "coordinates": [ 269055.692842841963284, 8680058.942029647529125 ] } },
{ "type": "Feature", "properties": { "id": "1110", "FECHA_CORTE": 20240425, "FECHA_REGISTRO": 20240202, "ID_DOC_DENUNCIA": "a76427ecc60eedd971869c397b67f99aa94645700c17418337c653ccc1797686", "UBIGEO": 70106, "DEPARTAMENTO": "CALLAO", "PROVINCIA": "CALLAO", "DISTRITO": "VENTANILLA", "TIPO_DE_DENUNCIA": "ACTA DE INTERVENCION", "SITUACION_DENUNCIA": "RESUELTA", "TIPO": "PATRIMONIO (DELITO)", "SUBTIPO": "ROBO", "MODALIDAD": "ROBO AGRAVADO DURANTE LA NOCHE O EN LUGAR DESOLADO", "FECHA_HECHO": 20240201, "HORA_HECHO": 2310, "UBICACION": "MZ F15 LT 13 EX ZONA COMERCIAL", "DESCRIPCION": "VENTANILLA", "FECHA_NACIMIENTO": 19971220, "EDAD_PERSONA": 26, "SEXO": "MASCULINO", "ESTADO_CIVIL": "SOLTERO(A)", "GRADO_INSTRUCCION": "SUPERIOR", "OCUPACION": "NO INDICA", "PAIS_NATAL": "VENEZUELA", "LONGITUD": -77.10573316, "LATITUD": -11.8842232, "Año": "2024", "Mes": "02" }, "geometry": { "type": "Point", "coordinates": [ 270626.865513967350125, 8685380.387795669957995 ] } },
{ "type": "Feature", "properties": { "id": "1135", "FECHA_CORTE": 20240425, "FECHA_REGISTRO": 20240226, "ID_DOC_DENUNCIA": "9c1ad0143c9d02ae3776396b963965e7a5c675850b42fd3033a99f5fa660934d", "UBIGEO": 70106, "DEPARTAMENTO": "CALLAO", "PROVINCIA": "CALLAO", "DISTRITO": "VENTANILLA", "TIPO_DE_DENUNCIA": "ACTA DE INTERVENCION", "SITUACION_DENUNCIA": "PENDIENTE", "TIPO": "PATRIMONIO (DELITO)", "SUBTIPO": "HURTO", "MODALIDAD": "HURTO", "FECHA_HECHO": 20240225, "HORA_HECHO": 1500, "UBICACION": "AAHH. CORAZON DE JESUS  MZ. F LT 06-VENTANILLA", "DESCRIPCION": "VILLA LOS REYES", "FECHA_NACIMIENTO": 19530101, "EDAD_PERSONA": 71, "SEXO": "FEMENINO", "ESTADO_CIVIL": "CASADO(A)", "GRADO_INSTRUCCION": "NO INDICA", "OCUPACION": "NO INDICA", "PAIS_NATAL": "PERU", "LONGITUD": -77.1259843, "LATITUD": -12.0508491, "Año": "2024", "Mes": "02" }, "geometry": { "type": "Point", "coordinates": [ 268561.942904468858615, 8666926.796845387667418 ] } },
{ "type": "Feature", "properties": { "id": "1137", "FECHA_CORTE": 20240425, "FECHA_REGISTRO": 20240217, "ID_DOC_DENUNCIA": "d39db8ccf0459e27faec1c6b9d16a74c6bb44d7efe918c4294e967242f50247e", "UBIGEO": 70106, "DEPARTAMENTO": "CALLAO", "PROVINCIA": "CALLAO", "DISTRITO": "VENTANILLA", "TIPO_DE_DENUNCIA": "ACTA DE DENUNCIA VERBAL", "SITUACION_DENUNCIA": "PENDIENTE", "TIPO": "PATRIMONIO (DELITO)", "SUBTIPO": "ROBO", "MODALIDAD": "ASALTO Y ROBO DE VEHICULOS", "FECHA_HECHO": 20240217, "HORA_HECHO": 2200, "UBICACION": "MZ D LT 16 ASENT H CHAVIN DE HUANTAR VENTANILLA CALLAO", "DESCRIPCION": "VILLA LOS REYES", "FECHA_NACIMIENTO": 19910526, "EDAD_PERSONA": 32, "SEXO": "MASCULINO", "ESTADO_CIVIL": "SOLTERO(A)", "GRADO_INSTRUCCION": "PRIMARIA", "OCUPACION": "OBRERO", "PAIS_NATAL": "PERU", "LONGITUD": -77.11436358, "LATITUD": -11.88011837, "Año": "2024", "Mes": "02" }, "geometry": { "type": "Point", "coordinates": [ 269682.92668181983754, 8685827.437012961134315 ] } },
{ "type": "Feature", "properties": { "id": "1139", "FECHA_CORTE": 20240425, "FECHA_REGISTRO": 20240212, "ID_DOC_DENUNCIA": "d2d9d54a093531c82ceb2046a890b9f8a443d66ab0b5a8bf30c57d55738c71d6", "UBIGEO": 70106, "DEPARTAMENTO": "CALLAO", "PROVINCIA": "CALLAO", "DISTRITO": "VENTANILLA", "TIPO_DE_DENUNCIA": "DENUNCIA", "SITUACION_DENUNCIA": "PENDIENTE", "TIPO": "PATRIMONIO (DELITO)", "SUBTIPO": "HURTO", "MODALIDAD": "HURTO DE VEHICULO", "FECHA_HECHO": 20240212, "HORA_HECHO": 1720, "UBICACION": "CUADRA 1 DE LA AV ANDRES AVELINO CACERES  VENTANILLA", "DESCRIPCION": "VENTANILLA", "FECHA_NACIMIENTO": 19600106, "EDAD_PERSONA": 64, "SEXO": "MASCULINO", "ESTADO_CIVIL": "SOLTERO(A)", "GRADO_INSTRUCCION": "TECNICA", "OCUPACION": "INDEPENDIENTE", "PAIS_NATAL": "PERU", "LONGITUD": -77.1426224, "LATITUD": -11.8453779, "Año": "2024", "Mes": "02" }, "geometry": { "type": "Point", "coordinates": [ 266573.822733397420961, 8689647.84716079570353 ] } },
{ "type": "Feature", "properties": { "id": "1155", "FECHA_CORTE": 20240425, "FECHA_REGISTRO": 20240206, "ID_DOC_DENUNCIA": "e0dc08e1d180d6ede80ec6315088ef1523a1994d2c45026c110f57bc9e70288a", "UBIGEO": 70106, "DEPARTAMENTO": "CALLAO", "PROVINCIA": "CALLAO", "DISTRITO": "VENTANILLA", "TIPO_DE_DENUNCIA": "DENUNCIA", "SITUACION_DENUNCIA": "PENDIENTE", "TIPO": "PATRIMONIO (DELITO)", "SUBTIPO": "HURTO", "MODALIDAD": "HURTO DE CELULAR", "FECHA_HECHO": 20240205, "HORA_HECHO": 530, "UBICACION": "JURISDICCION DE VENTANILLA", "DESCRIPCION": "VENTANILLA", "FECHA_NACIMIENTO": 20030101, "EDAD_PERSONA": 21, "SEXO": "MASCULINO", "ESTADO_CIVIL": "SOLTERO(A)", "GRADO_INSTRUCCION": "SUPERIOR", "OCUPACION": "MERCADERISTA", "PAIS_NATAL": "PERU", "LONGITUD": -77.1259843, "LATITUD": -12.0508491, "Año": "2024", "Mes": "02" }, "geometry": { "type": "Point", "coordinates": [ 268561.942904468858615, 8666926.796845387667418 ] } },
{ "type": "Feature", "properties": { "id": "1171", "FECHA_CORTE": 20240425, "FECHA_REGISTRO": 20240217, "ID_DOC_DENUNCIA": "f88621463224ce76118b23151ac20961fe9df01485291bd33d07a37fed49c65e", "UBIGEO": 70106, "DEPARTAMENTO": "CALLAO", "PROVINCIA": "CALLAO", "DISTRITO": "VENTANILLA", "TIPO_DE_DENUNCIA": "DENUNCIA", "SITUACION_DENUNCIA": "RESUELTA", "TIPO": "PATRIMONIO (DELITO)", "SUBTIPO": "HURTO", "MODALIDAD": "HURTO", "FECHA_HECHO": 20230203, "HORA_HECHO": 1830, "UBICACION": "MZ U LT 08 AA HH JOSE MARIA ARGUEDAS AMPLIACION", "DESCRIPCION": "VILLA LOS REYES", "FECHA_NACIMIENTO": 19870418, "EDAD_PERSONA": 36, "SEXO": "MASCULINO", "ESTADO_CIVIL": "CONVIVIENTE", "GRADO_INSTRUCCION": "SECUNDARIA", "OCUPACION": "CARPINTERO", "PAIS_NATAL": "PERU", "LONGITUD": -77.0960999, "LATITUD": -12.0185686, "Año": "2024", "Mes": "02" }, "geometry": { "type": "Point", "coordinates": [ 271789.293293750321027, 8670523.564240841194987 ] } },
{ "type": "Feature", "properties": { "id": "1190", "FECHA_CORTE": 20240425, "FECHA_REGISTRO": 20240216, "ID_DOC_DENUNCIA": "cf9fe79258b3e5915cfed1a168fa2b14ea2a34fd1a64b0e5110dfca225682c35", "UBIGEO": 70106, "DEPARTAMENTO": "CALLAO", "PROVINCIA": "CALLAO", "DISTRITO": "VENTANILLA", "TIPO_DE_DENUNCIA": "DENUNCIA", "SITUACION_DENUNCIA": "RESUELTA", "TIPO": "PATRIMONIO (DELITO)", "SUBTIPO": "ROBO", "MODALIDAD": "ROBO AGRAVADO", "FECHA_HECHO": 20240216, "HORA_HECHO": 1300, "UBICACION": "URB SATELITE DE VENTANILLA", "DESCRIPCION": "VENTANILLA", "FECHA_NACIMIENTO": 19900506, "EDAD_PERSONA": 33, "SEXO": "MASCULINO", "ESTADO_CIVIL": "SOLTERO(A)", "GRADO_INSTRUCCION": "SUPERIOR", "OCUPACION": "INDEPENDIENTE", "PAIS_NATAL": "VENEZUELA", "LONGITUD": -77.13595075000001, "LATITUD": -11.85648336, "Año": "2024", "Mes": "02" }, "geometry": { "type": "Point", "coordinates": [ 267310.382982321258169, 8688424.628871154040098 ] } },
{ "type": "Feature", "properties": { "id": "1202", "FECHA_CORTE": 20240425, "FECHA_REGISTRO": 20240218, "ID_DOC_DENUNCIA": "6e8454196e5c3b2871dd1db6f41faf07e1d75168d3a17f2a03a6d171cfec04d1", "UBIGEO": 70106, "DEPARTAMENTO": "CALLAO", "PROVINCIA": "CALLAO", "DISTRITO": "VENTANILLA", "TIPO_DE_DENUNCIA": "ACTA DE INTERVENCION", "SITUACION_DENUNCIA": "PENDIENTE", "TIPO": "PATRIMONIO (DELITO)", "SUBTIPO": "HURTO", "MODALIDAD": "HURTO", "FECHA_HECHO": 20230104, "HORA_HECHO": 2000, "UBICACION": "MZ F2 LT 20 DEL AA. HH. JOSE OLAYA BALANDRA", "DESCRIPCION": "VILLA LOS REYES", "FECHA_NACIMIENTO": 19940221, "EDAD_PERSONA": 29, "SEXO": "FEMENINO", "ESTADO_CIVIL": "CONVIVIENTE", "GRADO_INSTRUCCION": "NO INDICA", "OCUPACION": "INDEPENDIENTE", "PAIS_NATAL": "PERU", "LONGITUD": -77.1259843, "LATITUD": -12.0508491, "Año": "2024", "Mes": "02" }, "geometry": { "type": "Point", "coordinates": [ 268561.942904468858615, 8666926.796845387667418 ] } },
{ "type": "Feature", "properties": { "id": "1205", "FECHA_CORTE": 20240425, "FECHA_REGISTRO": 20240212, "ID_DOC_DENUNCIA": "fefbb4c63c9c7d851e8b5e3b0546677fc1b5611792bddf970a1d03f4c9b74689", "UBIGEO": 70106, "DEPARTAMENTO": "CALLAO", "PROVINCIA": "CALLAO", "DISTRITO": "VENTANILLA", "TIPO_DE_DENUNCIA": "DENUNCIA", "SITUACION_DENUNCIA": "RESUELTA", "TIPO": "PATRIMONIO (DELITO)", "SUBTIPO": "HURTO", "MODALIDAD": "HURTO", "FECHA_HECHO": 20240209, "HORA_HECHO": 2000, "UBICACION": "ASENT H VALLE VERDE VENTANILLA", "DESCRIPCION": "VENTANILLA", "FECHA_NACIMIENTO": 19640129, "EDAD_PERSONA": 60, "SEXO": "MASCULINO", "ESTADO_CIVIL": "DIVORCIADO(A)", "GRADO_INSTRUCCION": "NO INDICA", "OCUPACION": "CONDUCTOR", "PAIS_NATAL": "PERU", "LONGITUD": -77.14921273, "LATITUD": -11.88191089, "Año": "2024", "Mes": "02" }, "geometry": { "type": "Point", "coordinates": [ 265886.722456263960339, 8685599.994154235348105 ] } },
{ "type": "Feature", "properties": { "id": "1227", "FECHA_CORTE": 20240425, "FECHA_REGISTRO": 20240212, "ID_DOC_DENUNCIA": "f4b97f3aebb7357a8ca5b5f993101d11d2575609a0b6ea2edacc13febce7a9c3", "UBIGEO": 70101, "DEPARTAMENTO": "CALLAO", "PROVINCIA": "CALLAO", "DISTRITO": "CALLAO", "TIPO_DE_DENUNCIA": "ACTA DE INTERVENCION", "SITUACION_DENUNCIA": "RESUELTA", "TIPO": "PATRIMONIO (DELITO)", "SUBTIPO": "ROBO", "MODALIDAD": "ROBO", "FECHA_HECHO": 20240209, "HORA_HECHO": 2040, "UBICACION": "INTERSECCION DE LA AV BERTELLO CON LA CALLE 5", "DESCRIPCION": "DEPINCRI BELLAVISTA/LA PERLA/C.DE LA LEGUA", "FECHA_NACIMIENTO": 19980123, "EDAD_PERSONA": 26, "SEXO": "MASCULINO", "ESTADO_CIVIL": "SOLTERO(A)", "GRADO_INSTRUCCION": "NO INDICA", "OCUPACION": "EMPLEADO", "PAIS_NATAL": "PERU", "LONGITUD": -77.1003323, "LATITUD": -12.0516996, "Año": "2024", "Mes": "02" }, "geometry": { "type": "Point", "coordinates": [ 271356.33825729804812, 8666854.213360019028187 ] } },
{ "type": "Feature", "properties": { "id": "1237", "FECHA_CORTE": 20240425, "FECHA_REGISTRO": 20240228, "ID_DOC_DENUNCIA": "085f28754eef833b7e7a786d811be4c3a12b0d63989352523445fd3d11780d77", "UBIGEO": 70103, "DEPARTAMENTO": "CALLAO", "PROVINCIA": "CALLAO", "DISTRITO": "CARMEN DE LA LEGUA REYNOSO", "TIPO_DE_DENUNCIA": "DENUNCIA", "SITUACION_DENUNCIA": "PENDIENTE", "TIPO": "PATRIMONIO (DELITO)", "SUBTIPO": "ROBO", "MODALIDAD": "ROBO AGRAVADO A MANO ARMADA", "FECHA_HECHO": 20240227, "HORA_HECHO": 2100, "UBICACION": "AV. ANDRES BELAUNDE CON JR 27 DE JULIO   CARMEN DE LA LEGUA - REYNOSO 07006  PERU", "DESCRIPCION": "CARMEN DE LA LEGUA", "FECHA_NACIMIENTO": 19791120, "EDAD_PERSONA": 44, "SEXO": "FEMENINO", "ESTADO_CIVIL": "SOLTERO(A)", "GRADO_INSTRUCCION": "NO INDICA", "OCUPACION": "PROFESORA", "PAIS_NATAL": "PERU", "LONGITUD": -77.08771716, "LATITUD": -12.04072044, "Año": "2024", "Mes": "02" }, "geometry": { "type": "Point", "coordinates": [ 272720.94960149738472, 8668079.500973025336862 ] } },
{ "type": "Feature", "properties": { "id": "1243", "FECHA_CORTE": 20240425, "FECHA_REGISTRO": 20240224, "ID_DOC_DENUNCIA": "6f3dcd6e6bff06194161b15a47c184a854af36a1123fb2fe4b71a9b346fb8d7b", "UBIGEO": 70102, "DEPARTAMENTO": "CALLAO", "PROVINCIA": "CALLAO", "DISTRITO": "BELLAVISTA", "TIPO_DE_DENUNCIA": "DENUNCIA", "SITUACION_DENUNCIA": "RESUELTA", "TIPO": "PATRIMONIO (DELITO)", "SUBTIPO": "HURTO", "MODALIDAD": "HURTO", "FECHA_HECHO": 20240224, "HORA_HECHO": 1800, "UBICACION": "INTERIOR DEL HOSPITAL ALBERTO SABOGAL SOLOGUREN BELLAVISTA", "DESCRIPCION": "BELLAVISTA", "FECHA_NACIMIENTO": 19960723, "EDAD_PERSONA": 27, "SEXO": "FEMENINO", "ESTADO_CIVIL": "SOLTERO(A)", "GRADO_INSTRUCCION": "NO INDICA", "OCUPACION": "NO INDICA", "PAIS_NATAL": "PERU", "LONGITUD": -77.12274205, "LATITUD": -12.06542875, "Año": "2024", "Mes": "02" }, "geometry": { "type": "Point", "coordinates": [ 268927.539545562060084, 8665316.318452354520559 ] } },
{ "type": "Feature", "properties": { "id": "1244", "FECHA_CORTE": 20240425, "FECHA_REGISTRO": 20240218, "ID_DOC_DENUNCIA": "8ca786c8db5c7c531cca7a328a4bbeff54ef108317212162f0f7c0bdda4347f5", "UBIGEO": 70103, "DEPARTAMENTO": "CALLAO", "PROVINCIA": "CALLAO", "DISTRITO": "CARMEN DE LA LEGUA REYNOSO", "TIPO_DE_DENUNCIA": "DENUNCIA", "SITUACION_DENUNCIA": "RESUELTA", "TIPO": "PATRIMONIO (DELITO)", "SUBTIPO": "HURTO", "MODALIDAD": "HURTO AGRAVADO DURANTE LA NOCHE", "FECHA_HECHO": 20240218, "HORA_HECHO": 500, "UBICACION": "AV. ARGENTINA CON JR. BAHIA  CARMEN DE LA LEGUA - REYNOSO 07006  PERU", "DESCRIPCION": "CARMEN DE LA LEGUA", "FECHA_NACIMIENTO": 19700125, "EDAD_PERSONA": 54, "SEXO": "MASCULINO", "ESTADO_CIVIL": "SOLTERO(A)", "GRADO_INSTRUCCION": "NO INDICA", "OCUPACION": "INDEPENDIENTE", "PAIS_NATAL": "PERU", "LONGITUD": -77.09517648000001, "LATITUD": -12.04274904, "Año": "2024", "Mes": "02" }, "geometry": { "type": "Point", "coordinates": [ 271910.27264781750273, 8667848.854870522394776 ] } },
{ "type": "Feature", "properties": { "id": "1246", "FECHA_CORTE": 20240425, "FECHA_REGISTRO": 20240204, "ID_DOC_DENUNCIA": "ec0c971577408f80e8f4f41383765fe113e02fed820aeacf1cfd981ebc2c623f", "UBIGEO": 70103, "DEPARTAMENTO": "CALLAO", "PROVINCIA": "CALLAO", "DISTRITO": "CARMEN DE LA LEGUA REYNOSO", "TIPO_DE_DENUNCIA": "DENUNCIA", "SITUACION_DENUNCIA": "PENDIENTE", "TIPO": "PATRIMONIO (DELITO)", "SUBTIPO": "HURTO", "MODALIDAD": "HURTO AGRAVADO DURANTE LA NOCHE", "FECHA_HECHO": 20240203, "HORA_HECHO": 1204, "UBICACION": "AV. 1 DE MAYO 204  CARMEN DE LA LEGUA - REYNOSO 07006  PERU", "DESCRIPCION": "CARMEN DE LA LEGUA", "FECHA_NACIMIENTO": 19941129, "EDAD_PERSONA": 29, "SEXO": "FEMENINO", "ESTADO_CIVIL": "SOLTERO(A)", "GRADO_INSTRUCCION": "NO INDICA", "OCUPACION": "NO INDICA", "PAIS_NATAL": "PERU", "LONGITUD": -77.0971708, "LATITUD": -12.0410839, "Año": "2024", "Mes": "02" }, "geometry": { "type": "Point", "coordinates": [ 271691.665913474163972, 8668031.438087996095419 ] } },
{ "type": "Feature", "properties": { "id": "1247", "FECHA_CORTE": 20240425, "FECHA_REGISTRO": 20240217, "ID_DOC_DENUNCIA": "abdcccdd380579772ece664ce6dd336f462f8ee2347ec22d9075e56874f7f709", "UBIGEO": 70103, "DEPARTAMENTO": "CALLAO", "PROVINCIA": "CALLAO", "DISTRITO": "CARMEN DE LA LEGUA REYNOSO", "TIPO_DE_DENUNCIA": "DENUNCIA", "SITUACION_DENUNCIA": "RESUELTA", "TIPO": "PATRIMONIO (DELITO)", "SUBTIPO": "ROBO", "MODALIDAD": "ROBO AGRAVADO DURANTE LA NOCHE O EN LUGAR DESOLADO", "FECHA_HECHO": 20240215, "HORA_HECHO": 2230, "UBICACION": "AV. MORALES DUAREZ CDRA 14. CARMEN DE LA LEGUA - REYNOSO 07006  PERU", "DESCRIPCION": "CARMEN DE LA LEGUA", "FECHA_NACIMIENTO": 19980920, "EDAD_PERSONA": 25, "SEXO": "FEMENINO", "ESTADO_CIVIL": "SOLTERO(A)", "GRADO_INSTRUCCION": "NO INDICA", "OCUPACION": "EJECUTIVA", "PAIS_NATAL": "PERU", "LONGITUD": -77.09603479, "LATITUD": -12.04302185, "Año": "2024", "Mes": "02" }, "geometry": { "type": "Point", "coordinates": [ 271817.025595561717637, 8667817.955759545788169 ] } },
{ "type": "Feature", "properties": { "id": "1255", "FECHA_CORTE": 20240425, "FECHA_REGISTRO": 20240208, "ID_DOC_DENUNCIA": "3da5cd4d6e42d281d0cdaed85bda290e821cfb1888710767983bd4b773e472b5", "UBIGEO": 70103, "DEPARTAMENTO": "CALLAO", "PROVINCIA": "CALLAO", "DISTRITO": "CARMEN DE LA LEGUA REYNOSO", "TIPO_DE_DENUNCIA": "DENUNCIA", "SITUACION_DENUNCIA": "RESUELTA", "TIPO": "PATRIMONIO (DELITO)", "SUBTIPO": "HURTO", "MODALIDAD": "HURTO", "FECHA_HECHO": 20240207, "HORA_HECHO": 1130, "UBICACION": "AV MATERIALES 232 VILLA SEOR DE LOS MILAGROS CARMEN DE LA LEGUA REYNOSO CALLAO", "DESCRIPCION": "CARMEN DE LA LEGUA", "FECHA_NACIMIENTO": 19790220, "EDAD_PERSONA": 44, "SEXO": "FEMENINO", "ESTADO_CIVIL": "SOLTERO(A)", "GRADO_INSTRUCCION": "NO INDICA", "OCUPACION": "NO INDICA", "PAIS_NATAL": "PERU", "LONGITUD": -77.0846342, "LATITUD": -12.0423445, "Año": "2024", "Mes": "02" }, "geometry": { "type": "Point", "coordinates": [ 273058.076473630557302, 8667902.357196962460876 ] } },
{ "type": "Feature", "properties": { "id": "1265", "FECHA_CORTE": 20240425, "FECHA_REGISTRO": 20240212, "ID_DOC_DENUNCIA": "2b9721418c2c864762bbed485065c34ac60945f98a3508482567fce29e59be5a", "UBIGEO": 70101, "DEPARTAMENTO": "CALLAO", "PROVINCIA": "CALLAO", "DISTRITO": "CALLAO", "TIPO_DE_DENUNCIA": "DENUNCIA", "SITUACION_DENUNCIA": "RESUELTA", "TIPO": "PATRIMONIO (DELITO)", "SUBTIPO": "ROBO", "MODALIDAD": "ROBO AGRAVADO", "FECHA_HECHO": 20240212, "HORA_HECHO": 2030, "UBICACION": "AV NESTOR GAMBETA CON AV ATALAYA", "DESCRIPCION": "RAMON CASTILLA", "FECHA_NACIMIENTO": 19770611, "EDAD_PERSONA": 46, "SEXO": "MASCULINO", "ESTADO_CIVIL": "CASADO(A)", "GRADO_INSTRUCCION": "NO INDICA", "OCUPACION": "CHOFER", "PAIS_NATAL": "PERU", "LONGITUD": -77.1265899, "LATITUD": -12.0446116, "Año": "2024", "Mes": "02" }, "geometry": { "type": "Point", "coordinates": [ 268490.639181323756929, 8667616.455310229212046 ] } },
{ "type": "Feature", "properties": { "id": "1266", "FECHA_CORTE": 20240425, "FECHA_REGISTRO": 20240225, "ID_DOC_DENUNCIA": "43db5e822e03ed51926654c21cee51e4419502ab6a18f2b84e5c48fa4bde92fb", "UBIGEO": 70103, "DEPARTAMENTO": "CALLAO", "PROVINCIA": "CALLAO", "DISTRITO": "CARMEN DE LA LEGUA REYNOSO", "TIPO_DE_DENUNCIA": "DENUNCIA", "SITUACION_DENUNCIA": "RESUELTA", "TIPO": "PATRIMONIO (DELITO)", "SUBTIPO": "HURTO", "MODALIDAD": "HURTO AGRAVADO DURANTE LA NOCHE", "FECHA_HECHO": 20240224, "HORA_HECHO": 2200, "UBICACION": "AV  MORALES DUAREZ CDRA 12  CARMEN DE LA LEGUA - REYNOSO 07006  PERU", "DESCRIPCION": "CARMEN DE LA LEGUA", "FECHA_NACIMIENTO": 19951107, "EDAD_PERSONA": 28, "SEXO": "FEMENINO", "ESTADO_CIVIL": "SOLTERO(A)", "GRADO_INSTRUCCION": "NO INDICA", "OCUPACION": "ANALISTA DE RECURSOS", "PAIS_NATAL": "PERU", "LONGITUD": -77.0885111, "LATITUD": -12.04076241, "Año": "2024", "Mes": "02" }, "geometry": { "type": "Point", "coordinates": [ 272634.517565581016243, 8668074.199493616819382 ] } },
{ "type": "Feature", "properties": { "id": "1270", "FECHA_CORTE": 20240425, "FECHA_REGISTRO": 20240220, "ID_DOC_DENUNCIA": "6a2df80be09dd585fe4f2de8dd7187370399a329efb5d7d4d4ed7f0380f15899", "UBIGEO": 70104, "DEPARTAMENTO": "CALLAO", "PROVINCIA": "CALLAO", "DISTRITO": "LA PERLA", "TIPO_DE_DENUNCIA": "OCURRENCIA", "SITUACION_DENUNCIA": "RESUELTA", "TIPO": "PATRIMONIO (DELITO)", "SUBTIPO": "HURTO", "MODALIDAD": "HURTO AGRAVADO", "FECHA_HECHO": 20240219, "HORA_HECHO": 2350, "UBICACION": "JR. LIMA CON JR. HUASCAR LA PERLA", "DESCRIPCION": "LA PERLA", "FECHA_NACIMIENTO": 19860316, "EDAD_PERSONA": 37, "SEXO": "MASCULINO", "ESTADO_CIVIL": "SOLTERO(A)", "GRADO_INSTRUCCION": "NO INDICA", "OCUPACION": "SEGURIDAD", "PAIS_NATAL": "PERU", "LONGITUD": -77.1279077, "LATITUD": -12.0699353, "Año": "2024", "Mes": "02" }, "geometry": { "type": "Point", "coordinates": [ 268368.865589021821506, 8664813.310811229050159 ] } },
{ "type": "Feature", "properties": { "id": "1271", "FECHA_CORTE": 20240425, "FECHA_REGISTRO": 20240224, "ID_DOC_DENUNCIA": "80915bd411aa8c174297ba5e60c8aa5b233f8c5e65de04df2eab14c6e7dbf29e", "UBIGEO": 70103, "DEPARTAMENTO": "CALLAO", "PROVINCIA": "CALLAO", "DISTRITO": "CARMEN DE LA LEGUA REYNOSO", "TIPO_DE_DENUNCIA": "ACTA DE DENUNCIA VERBAL", "SITUACION_DENUNCIA": "PENDIENTE", "TIPO": "PATRIMONIO (DELITO)", "SUBTIPO": "HURTO", "MODALIDAD": "HURTO", "FECHA_HECHO": 20240222, "HORA_HECHO": 1500, "UBICACION": "AV. ELMER FAUCETT CON AV. PRIMERO DE MAYO  CARMEN DE LA LEGUA - REYNOSO 07006  PERU", "DESCRIPCION": "CARMEN DE LA LEGUA", "FECHA_NACIMIENTO": 19520625, "EDAD_PERSONA": 71, "SEXO": "MASCULINO", "ESTADO_CIVIL": "DIVORCIADO(A)", "GRADO_INSTRUCCION": "NO INDICA", "OCUPACION": "RETIRADO PNP", "PAIS_NATAL": "PERU", "LONGITUD": -77.08846818000001, "LATITUD": -12.04132902, "Año": "2024", "Mes": "02" }, "geometry": { "type": "Point", "coordinates": [ 272639.668885228573345, 8668011.541970940306783 ] } },
{ "type": "Feature", "properties": { "id": "1272", "FECHA_CORTE": 20240425, "FECHA_REGISTRO": 20240220, "ID_DOC_DENUNCIA": "c2b687e1fb6c616f2ef0038e22857b273c9b8d0a6778d13ab1b6b3c5165e30fa", "UBIGEO": 70104, "DEPARTAMENTO": "CALLAO", "PROVINCIA": "CALLAO", "DISTRITO": "LA PERLA", "TIPO_DE_DENUNCIA": "DENUNCIA", "SITUACION_DENUNCIA": "RESUELTA", "TIPO": "PATRIMONIO (DELITO)", "SUBTIPO": "HURTO", "MODALIDAD": "HURTO AGRAVADO EN CASA HABITADA", "FECHA_HECHO": 20240217, "HORA_HECHO": 1530, "UBICACION": "JR MARANGA 1020 BELLAVISTA", "DESCRIPCION": "LA PERLA", "FECHA_NACIMIENTO": 19650802, "EDAD_PERSONA": 58, "SEXO": "MASCULINO", "ESTADO_CIVIL": "SOLTERO(A)", "GRADO_INSTRUCCION": "NO INDICA", "OCUPACION": "NO INDICA", "PAIS_NATAL": "PERU", "LONGITUD": -77.12414761, "LATITUD": -12.06682613, "Año": "2024", "Mes": "02" }, "geometry": { "type": "Point", "coordinates": [ 268775.670817394391634, 8665160.514226906001568 ] } },
{ "type": "Feature", "properties": { "id": "1275", "FECHA_CORTE": 20240425, "FECHA_REGISTRO": 20240225, "ID_DOC_DENUNCIA": "75d96e75dd0523c0c5fb58ae9a01d21d2ec48f5872ad297b3e1572d3eb832d50", "UBIGEO": 70107, "DEPARTAMENTO": "CALLAO", "PROVINCIA": "CALLAO", "DISTRITO": "MI PERU", "TIPO_DE_DENUNCIA": "ACTA DE DENUNCIA VERBAL", "SITUACION_DENUNCIA": "RESUELTA", "TIPO": "PATRIMONIO (DELITO)", "SUBTIPO": "HURTO", "MODALIDAD": "HURTO", "FECHA_HECHO": 20240224, "HORA_HECHO": 2300, "UBICACION": "POLICLINICO EMANUEL MI PERU", "DESCRIPCION": "MI PERU", "FECHA_NACIMIENTO": 19990704, "EDAD_PERSONA": 24, "SEXO": "MASCULINO", "ESTADO_CIVIL": "SOLTERO(A)", "GRADO_INSTRUCCION": "NO INDICA", "OCUPACION": "NO INDICA", "PAIS_NATAL": "PERU", "LONGITUD": -77.1259843, "LATITUD": -12.0508491, "Año": "2024", "Mes": "02" }, "geometry": { "type": "Point", "coordinates": [ 268561.942904468858615, 8666926.796845387667418 ] } },
{ "type": "Feature", "properties": { "id": "1277", "FECHA_CORTE": 20240425, "FECHA_REGISTRO": 20240209, "ID_DOC_DENUNCIA": "87a068cbfafbea9790280407b6825bca5c0b0143725fb60d2bd7af1954eee825", "UBIGEO": 70107, "DEPARTAMENTO": "CALLAO", "PROVINCIA": "CALLAO", "DISTRITO": "MI PERU", "TIPO_DE_DENUNCIA": "ACTA DE DENUNCIA VERBAL", "SITUACION_DENUNCIA": "RESUELTA", "TIPO": "PATRIMONIO (DELITO)", "SUBTIPO": "HURTO", "MODALIDAD": "HURTO", "FECHA_HECHO": 20240207, "HORA_HECHO": 1130, "UBICACION": "AV TRUJILLO CON AV AYACUCHO DISTRITO DE MI PERU", "DESCRIPCION": "MI PERU", "FECHA_NACIMIENTO": 19980224, "EDAD_PERSONA": 25, "SEXO": "MASCULINO", "ESTADO_CIVIL": "SOLTERO(A)", "GRADO_INSTRUCCION": "NO INDICA", "OCUPACION": "NO INDICA", "PAIS_NATAL": "PERU", "LONGITUD": -77.12582916, "LATITUD": -11.8538618, "Año": "2024", "Mes": "02" }, "geometry": { "type": "Point", "coordinates": [ 268411.280570930801332, 8688723.130034986883402 ] } },
{ "type": "Feature", "properties": { "id": "1279", "FECHA_CORTE": 20240425, "FECHA_REGISTRO": 20240224, "ID_DOC_DENUNCIA": "c5e6607f5435664327faacca3a26e6a08b74e267dd3cbbe12669a1093c153568", "UBIGEO": 70101, "DEPARTAMENTO": "CALLAO", "PROVINCIA": "CALLAO", "DISTRITO": "CALLAO", "TIPO_DE_DENUNCIA": "ACTA DE INTERVENCION", "SITUACION_DENUNCIA": "RESUELTA", "TIPO": "PATRIMONIO (DELITO)", "SUBTIPO": "ROBO", "MODALIDAD": "ROBO AGRAVADO", "FECHA_HECHO": 20240224, "HORA_HECHO": 330, "UBICACION": "INTERSECCION DEL JR CASTILLA CON EL JR SAN MARTIN  CALLAO", "DESCRIPCION": "CALLAO", "FECHA_NACIMIENTO": 19970321, "EDAD_PERSONA": 26, "SEXO": "FEMENINO", "ESTADO_CIVIL": "SOLTERO(A)", "GRADO_INSTRUCCION": "SECUNDARIA", "OCUPACION": "AMA DE CASA", "PAIS_NATAL": "PERU", "LONGITUD": -77.11205676, "LATITUD": -12.03846874, "Año": "2024", "Mes": "02" }, "geometry": { "type": "Point", "coordinates": [ 270068.208557665580884, 8668308.369882231578231 ] } },
{ "type": "Feature", "properties": { "id": "1289", "FECHA_CORTE": 20240425, "FECHA_REGISTRO": 20240212, "ID_DOC_DENUNCIA": "29a88d4f614602b8ba7e85068e2afa38eabc208cb89c32056bd8f9b7b7481e18", "UBIGEO": 70104, "DEPARTAMENTO": "CALLAO", "PROVINCIA": "CALLAO", "DISTRITO": "LA PERLA", "TIPO_DE_DENUNCIA": "ACTA DE DENUNCIA VERBAL", "SITUACION_DENUNCIA": "RESUELTA", "TIPO": "PATRIMONIO (DELITO)", "SUBTIPO": "ROBO", "MODALIDAD": "ROBO AGRAVADO", "FECHA_HECHO": 20240210, "HORA_HECHO": 2300, "UBICACION": "INTERSECCION DE LA AV LA PAZ CON EL JR GRAU LA PERLA CALLAO", "DESCRIPCION": "LA PERLA", "FECHA_NACIMIENTO": 19781001, "EDAD_PERSONA": 45, "SEXO": "FEMENINO", "ESTADO_CIVIL": "CASADO(A)", "GRADO_INSTRUCCION": "NO INDICA", "OCUPACION": "NO INDICA", "PAIS_NATAL": "PERU", "LONGITUD": -77.11748568, "LATITUD": -12.07464905, "Año": "2024", "Mes": "02" }, "geometry": { "type": "Point", "coordinates": [ 269507.852655160124414, 8664300.540231501683593 ] } },
{ "type": "Feature", "properties": { "id": "1290", "FECHA_CORTE": 20240425, "FECHA_REGISTRO": 20240221, "ID_DOC_DENUNCIA": "4d61bdf452566950710d5606cf49c88b7a1708dfabb47e78064da2f7d2ecfd40", "UBIGEO": 70104, "DEPARTAMENTO": "CALLAO", "PROVINCIA": "CALLAO", "DISTRITO": "LA PERLA", "TIPO_DE_DENUNCIA": "DENUNCIA", "SITUACION_DENUNCIA": "RESUELTA", "TIPO": "PATRIMONIO (DELITO)", "SUBTIPO": "HURTO", "MODALIDAD": "HURTO", "FECHA_HECHO": 20240220, "HORA_HECHO": 2130, "UBICACION": "AV LA PAZ 1539 GRASS SINTETICO GOOL PRADO", "DESCRIPCION": "LA PERLA", "FECHA_NACIMIENTO": 19970319, "EDAD_PERSONA": 26, "SEXO": "MASCULINO", "ESTADO_CIVIL": "SOLTERO(A)", "GRADO_INSTRUCCION": "NO INDICA", "OCUPACION": "NO INDICA", "PAIS_NATAL": "PERU", "LONGITUD": -77.1209362, "LATITUD": -12.074768, "Año": "2024", "Mes": "02" }, "geometry": { "type": "Point", "coordinates": [ 269132.201744954683818, 8664284.469993077218533 ] } },
{ "type": "Feature", "properties": { "id": "1291", "FECHA_CORTE": 20240425, "FECHA_REGISTRO": 20240226, "ID_DOC_DENUNCIA": "77173d335b6b48e407320a838a6e373572e18563f41486948db798f1bdf354cc", "UBIGEO": 70105, "DEPARTAMENTO": "CALLAO", "PROVINCIA": "CALLAO", "DISTRITO": "LA PUNTA", "TIPO_DE_DENUNCIA": "DENUNCIA", "SITUACION_DENUNCIA": "PENDIENTE", "TIPO": "PATRIMONIO (DELITO)", "SUBTIPO": "ROBO", "MODALIDAD": "ROBO", "FECHA_HECHO": 20240226, "HORA_HECHO": 1830, "UBICACION": "MOORE 305  LA PUNTA 07021  PERU", "DESCRIPCION": "LA PUNTA", "FECHA_NACIMIENTO": 19680526, "EDAD_PERSONA": 55, "SEXO": "MASCULINO", "ESTADO_CIVIL": "CASADO(A)", "GRADO_INSTRUCCION": "NO INDICA", "OCUPACION": "NO INDICA", "PAIS_NATAL": "PERU", "LONGITUD": -77.1610547, "LATITUD": -12.0704887, "Año": "2024", "Mes": "02" }, "geometry": { "type": "Point", "coordinates": [ 264759.606806321186014, 8664723.811683516949415 ] } },
{ "type": "Feature", "properties": { "id": "1294", "FECHA_CORTE": 20240425, "FECHA_REGISTRO": 20240220, "ID_DOC_DENUNCIA": "480456186efa9956c11338d9e8786ab29041428e3862f421f95f152618b68150", "UBIGEO": 70104, "DEPARTAMENTO": "CALLAO", "PROVINCIA": "CALLAO", "DISTRITO": "LA PERLA", "TIPO_DE_DENUNCIA": "DENUNCIA", "SITUACION_DENUNCIA": "RESUELTA", "TIPO": "PATRIMONIO (DELITO)", "SUBTIPO": "ROBO", "MODALIDAD": "ROBO AGRAVADO", "FECHA_HECHO": 20240220, "HORA_HECHO": 1115, "UBICACION": "CALLE MANTARO CON CALLE MEDITERRANEO", "DESCRIPCION": "LA PERLA", "FECHA_NACIMIENTO": 20060209, "EDAD_PERSONA": 18, "SEXO": "MASCULINO", "ESTADO_CIVIL": "SOLTERO(A)", "GRADO_INSTRUCCION": "NO INDICA", "OCUPACION": "NO INDICA", "PAIS_NATAL": "PERU", "LONGITUD": -77.1137428, "LATITUD": -12.0695978, "Año": "2024", "Mes": "02" }, "geometry": { "type": "Point", "coordinates": [ 269911.127580001135357, 8664862.599509082734585 ] } },
{ "type": "Feature", "properties": { "id": "1296", "FECHA_CORTE": 20240425, "FECHA_REGISTRO": 20240225, "ID_DOC_DENUNCIA": "1b18705161c9afd2e44daa92c5f3d2e0f2f718b44d9b2673cf40a005c28b0cab", "UBIGEO": 70104, "DEPARTAMENTO": "CALLAO", "PROVINCIA": "CALLAO", "DISTRITO": "LA PERLA", "TIPO_DE_DENUNCIA": "ACTA DE DENUNCIA VERBAL", "SITUACION_DENUNCIA": "PENDIENTE", "TIPO": "PATRIMONIO (DELITO)", "SUBTIPO": "ROBO", "MODALIDAD": "ROBO AGRAVADO", "FECHA_HECHO": 20240223, "HORA_HECHO": 1550, "UBICACION": "JR ESPAA CON AV LA MARINA LA PERLA", "DESCRIPCION": "LA PERLA", "FECHA_NACIMIENTO": 20090512, "EDAD_PERSONA": 14, "SEXO": "MASCULINO", "ESTADO_CIVIL": "SOLTERO(A)", "GRADO_INSTRUCCION": "NO INDICA", "OCUPACION": "NO INDICA", "PAIS_NATAL": "PERU", "LONGITUD": -77.1118957, "LATITUD": -12.0693129, "Año": "2024", "Mes": "02" }, "geometry": { "type": "Point", "coordinates": [ 270112.032030196278356, 8664895.67472262494266 ] } },
{ "type": "Feature", "properties": { "id": "1297", "FECHA_CORTE": 20240425, "FECHA_REGISTRO": 20240210, "ID_DOC_DENUNCIA": "1141cc4a359904a7bcaf5da6de8445b1908d2810a2e876aa1eb83a0324af6b6e", "UBIGEO": 70105, "DEPARTAMENTO": "CALLAO", "PROVINCIA": "CALLAO", "DISTRITO": "LA PUNTA", "TIPO_DE_DENUNCIA": "DENUNCIA", "SITUACION_DENUNCIA": "RESUELTA", "TIPO": "PATRIMONIO (DELITO)", "SUBTIPO": "HURTO", "MODALIDAD": "HURTO DE CELULAR", "FECHA_HECHO": 20240210, "HORA_HECHO": 1930, "UBICACION": "AV MALECON PARDO LA PUNTA", "DESCRIPCION": "LA PUNTA", "FECHA_NACIMIENTO": 19710112, "EDAD_PERSONA": 53, "SEXO": "FEMENINO", "ESTADO_CIVIL": "CASADO(A)", "GRADO_INSTRUCCION": "NO INDICA", "OCUPACION": "NO INDICA", "PAIS_NATAL": "PERU", "LONGITUD": -77.1660412, "LATITUD": -12.0739188, "Año": "2024", "Mes": "02" }, "geometry": { "type": "Point", "coordinates": [ 264219.569137419108301, 8664339.976723792031407 ] } },
{ "type": "Feature", "properties": { "id": "1300", "FECHA_CORTE": 20240425, "FECHA_REGISTRO": 20240216, "ID_DOC_DENUNCIA": "26dbcd9096f3be5967d573d327f0db601dae2cc1ecaf096499ca879728c41941", "UBIGEO": 70104, "DEPARTAMENTO": "CALLAO", "PROVINCIA": "CALLAO", "DISTRITO": "LA PERLA", "TIPO_DE_DENUNCIA": "ACTA DE INTERVENCION", "SITUACION_DENUNCIA": "RESUELTA", "TIPO": "PATRIMONIO (DELITO)", "SUBTIPO": "ROBO", "MODALIDAD": "ROBO", "FECHA_HECHO": 20240215, "HORA_HECHO": 230, "UBICACION": "AV LA MARINA N 778 URB BEJAMIN DOING LOSSIO", "DESCRIPCION": "LA PERLA", "FECHA_NACIMIENTO": 20020405, "EDAD_PERSONA": 21, "SEXO": "MASCULINO", "ESTADO_CIVIL": "SOLTERO(A)", "GRADO_INSTRUCCION": "NO INDICA", "OCUPACION": "NO INDICA", "PAIS_NATAL": "PERU", "LONGITUD": -77.113591, "LATITUD": -12.06864063, "Año": "2024", "Mes": "02" }, "geometry": { "type": "Point", "coordinates": [ 269926.841198180278298, 8664968.635784782469273 ] } },
{ "type": "Feature", "properties": { "id": "1302", "FECHA_CORTE": 20240425, "FECHA_REGISTRO": 20240224, "ID_DOC_DENUNCIA": "9194279685403b7ba218a07c865730abdc8d6efd453eefece67299b61c93d0b2", "UBIGEO": 70104, "DEPARTAMENTO": "CALLAO", "PROVINCIA": "CALLAO", "DISTRITO": "LA PERLA", "TIPO_DE_DENUNCIA": "DENUNCIA", "SITUACION_DENUNCIA": "PENDIENTE", "TIPO": "PATRIMONIO (DELITO)", "SUBTIPO": "ROBO", "MODALIDAD": "ROBO AGRAVADO", "FECHA_HECHO": 20240224, "HORA_HECHO": 1900, "UBICACION": "INTERSECCION DEL JR TUPAC AMARU CON EL JR TARATA LA PERLA CALLAO", "DESCRIPCION": "LA PERLA", "FECHA_NACIMIENTO": 20110925, "EDAD_PERSONA": 12, "SEXO": "MASCULINO", "ESTADO_CIVIL": "SOLTERO(A)", "GRADO_INSTRUCCION": "NO INDICA", "OCUPACION": "NO INDICA", "PAIS_NATAL": "PERU", "LONGITUD": -77.1236509, "LATITUD": -12.0695764, "Año": "2024", "Mes": "02" }, "geometry": { "type": "Point", "coordinates": [ 268832.122323948424309, 8664856.620633766055107 ] } },
{ "type": "Feature", "properties": { "id": "1305", "FECHA_CORTE": 20240425, "FECHA_REGISTRO": 20240218, "ID_DOC_DENUNCIA": "6a6e10d8fd29b383ccfadb245569bf1ea07f4a433ac4b7d6f572a6bebeb8d8c9", "UBIGEO": 70102, "DEPARTAMENTO": "CALLAO", "PROVINCIA": "CALLAO", "DISTRITO": "BELLAVISTA", "TIPO_DE_DENUNCIA": "ACTA DE INTERVENCION", "SITUACION_DENUNCIA": "RESUELTA", "TIPO": "PATRIMONIO (DELITO)", "SUBTIPO": "HURTO", "MODALIDAD": "HURTO AGRAVADO", "FECHA_HECHO": 20240218, "HORA_HECHO": 1700, "UBICACION": "AVENIDA SAENZ  PENA CON JIRON NAZCA  CALLAO", "DESCRIPCION": "BELLAVISTA", "FECHA_NACIMIENTO": 19841204, "EDAD_PERSONA": 39, "SEXO": "MASCULINO", "ESTADO_CIVIL": "SOLTERO(A)", "GRADO_INSTRUCCION": "NO INDICA", "OCUPACION": "NO INDICA", "PAIS_NATAL": "PERU", "LONGITUD": -77.13159443000001, "LATITUD": -12.0597221, "Año": "2024", "Mes": "02" }, "geometry": { "type": "Point", "coordinates": [ 267958.588658153719734, 8665940.26805429533124 ] } },
{ "type": "Feature", "properties": { "id": "1318", "FECHA_CORTE": 20240425, "FECHA_REGISTRO": 20240208, "ID_DOC_DENUNCIA": "834e79de8af31bd19135040ad50dc8d92e51db7e4fd119bcf706820c34f67f6d", "UBIGEO": 70104, "DEPARTAMENTO": "CALLAO", "PROVINCIA": "CALLAO", "DISTRITO": "LA PERLA", "TIPO_DE_DENUNCIA": "DENUNCIA", "SITUACION_DENUNCIA": "RESUELTA", "TIPO": "PATRIMONIO (DELITO)", "SUBTIPO": "HURTO", "MODALIDAD": "HURTO", "FECHA_HECHO": 20240208, "HORA_HECHO": 845, "UBICACION": "OVALO LA PERLA", "DESCRIPCION": "LA PERLA", "FECHA_NACIMIENTO": 19701210, "EDAD_PERSONA": 53, "SEXO": "FEMENINO", "ESTADO_CIVIL": "CASADO(A)", "GRADO_INSTRUCCION": "NO INDICA", "OCUPACION": "AMA DE CASA", "PAIS_NATAL": "PERU", "LONGITUD": -77.11675773, "LATITUD": -12.06954873, "Año": "2024", "Mes": "02" }, "geometry": { "type": "Point", "coordinates": [ 269582.761991929728538, 8664865.493316804990172 ] } },
{ "type": "Feature", "properties": { "id": "1333", "FECHA_CORTE": 20240425, "FECHA_REGISTRO": 20240203, "ID_DOC_DENUNCIA": "08e0a40e7d160a601427f0ea90326cb64f7b19a6a99fff15ce59b5b95e15d649", "UBIGEO": 70102, "DEPARTAMENTO": "CALLAO", "PROVINCIA": "CALLAO", "DISTRITO": "BELLAVISTA", "TIPO_DE_DENUNCIA": "ACTA DE INTERVENCION", "SITUACION_DENUNCIA": "RESUELTA", "TIPO": "PATRIMONIO (DELITO)", "SUBTIPO": "HURTO", "MODALIDAD": "HURTO AGRAVADO", "FECHA_HECHO": 20240202, "HORA_HECHO": 2011, "UBICACION": "AV. OSCAR R. BENAVIDES CON JR. LOS TOPACIOS", "DESCRIPCION": "BELLAVISTA", "FECHA_NACIMIENTO": 19930315, "EDAD_PERSONA": 30, "SEXO": "MASCULINO", "ESTADO_CIVIL": "SOLTERO(A)", "GRADO_INSTRUCCION": "NO INDICA", "OCUPACION": "DESEMPLEADO", "PAIS_NATAL": "PERU", "LONGITUD": -77.09005389, "LATITUD": -12.05871682, "Año": "2024", "Mes": "02" }, "geometry": { "type": "Point", "coordinates": [ 272481.62863045220729, 8666086.33572605997324 ] } },
{ "type": "Feature", "properties": { "id": "1338", "FECHA_CORTE": 20240425, "FECHA_REGISTRO": 20240215, "ID_DOC_DENUNCIA": "e4c3108cfab3a43e097e6cbadd32b22655fe2a405a57c154121cddef83e86724", "UBIGEO": 70102, "DEPARTAMENTO": "CALLAO", "PROVINCIA": "CALLAO", "DISTRITO": "BELLAVISTA", "TIPO_DE_DENUNCIA": "ACTA DE DENUNCIA VERBAL", "SITUACION_DENUNCIA": "PENDIENTE", "TIPO": "PATRIMONIO (DELITO)", "SUBTIPO": "ROBO", "MODALIDAD": "ROBO AGRAVADO", "FECHA_HECHO": 20240215, "HORA_HECHO": 325, "UBICACION": "AV COLONIAL CON AV HAYA LA TORRE", "DESCRIPCION": "DEPINCRI BELLAVISTA/LA PERLA/C.DE LA LEGUA", "FECHA_NACIMIENTO": 19561226, "EDAD_PERSONA": 67, "SEXO": "MASCULINO", "ESTADO_CIVIL": "SOLTERO(A)", "GRADO_INSTRUCCION": "NO INDICA", "OCUPACION": "NO INDICA", "PAIS_NATAL": "PERU", "LONGITUD": -77.12985283, "LATITUD": -12.06255514, "Año": "2024", "Mes": "02" }, "geometry": { "type": "Point", "coordinates": [ 268150.692337644170038, 8665628.270061034709215 ] } },
{ "type": "Feature", "properties": { "id": "1350", "FECHA_CORTE": 20240425, "FECHA_REGISTRO": 20240214, "ID_DOC_DENUNCIA": "c065dbb4895ef526f993f60a4fde784a6a9469c35239c044b6a1f8a83c56d09c", "UBIGEO": 70102, "DEPARTAMENTO": "CALLAO", "PROVINCIA": "CALLAO", "DISTRITO": "BELLAVISTA", "TIPO_DE_DENUNCIA": "ACTA DE INTERVENCION", "SITUACION_DENUNCIA": "RESUELTA", "TIPO": "PATRIMONIO (DELITO)", "SUBTIPO": "HURTO", "MODALIDAD": "HURTO DE ACCESORIOS Y AUTOPARTES DE VEHICULOS", "FECHA_HECHO": 20240214, "HORA_HECHO": 1359, "UBICACION": "AVENIDA SAENZ PENA  CUADRA 10 BELLAVISTA CALLAO", "DESCRIPCION": "BELLAVISTA", "FECHA_NACIMIENTO": 19580123, "EDAD_PERSONA": 66, "SEXO": "MASCULINO", "ESTADO_CIVIL": "SOLTERO(A)", "GRADO_INSTRUCCION": "NO INDICA", "OCUPACION": "NO INDICA", "PAIS_NATAL": "PERU", "LONGITUD": -77.13094131, "LATITUD": -12.05953969, "Año": "2024", "Mes": "02" }, "geometry": { "type": "Point", "coordinates": [ 268029.559316965052858, 8665961.004550730809569 ] } },
{ "type": "Feature", "properties": { "id": "1362", "FECHA_CORTE": 20240425, "FECHA_REGISTRO": 20240201, "ID_DOC_DENUNCIA": "ada28def23b362a21a2e47f39b000172d83e1fc7012e03716f356af3c25618dd", "UBIGEO": 70103, "DEPARTAMENTO": "CALLAO", "PROVINCIA": "CALLAO", "DISTRITO": "CARMEN DE LA LEGUA REYNOSO", "TIPO_DE_DENUNCIA": "DENUNCIA", "SITUACION_DENUNCIA": "PENDIENTE", "TIPO": "PATRIMONIO (DELITO)", "SUBTIPO": "HURTO", "MODALIDAD": "HURTO AGRAVADO", "FECHA_HECHO": 20240131, "HORA_HECHO": 2300, "UBICACION": "MANCO CAPAC 480  CARMEN DE LA LEGUA - REYNOSO 07006  PERU", "DESCRIPCION": "CARMEN DE LA LEGUA", "FECHA_NACIMIENTO": 19910109, "EDAD_PERSONA": 33, "SEXO": "FEMENINO", "ESTADO_CIVIL": "SOLTERO(A)", "GRADO_INSTRUCCION": "SUPERIOR", "OCUPACION": "INDEPENDIENTE", "PAIS_NATAL": "COLOMBIA", "LONGITUD": -77.09430492, "LATITUD": -12.04106642, "Año": "2024", "Mes": "02" }, "geometry": { "type": "Point", "coordinates": [ 272003.772805809450801, 8668035.75492692925036 ] } },
{ "type": "Feature", "properties": { "id": "1364", "FECHA_CORTE": 20240425, "FECHA_REGISTRO": 20240210, "ID_DOC_DENUNCIA": "1eaa7f30a0af3f1ad7c30b3bf14da58c1f65ff5f8667bb354b98348ac4369610", "UBIGEO": 70107, "DEPARTAMENTO": "CALLAO", "PROVINCIA": "CALLAO", "DISTRITO": "MI PERU", "TIPO_DE_DENUNCIA": "ACTA DE DENUNCIA VERBAL", "SITUACION_DENUNCIA": "RESUELTA", "TIPO": "PATRIMONIO (DELITO)", "SUBTIPO": "HURTO", "MODALIDAD": "HURTO DE VEHICULO", "FECHA_HECHO": 20240209, "HORA_HECHO": 1530, "UBICACION": "MZ D LOTE 9 AA HH CHAVEZ LEON", "DESCRIPCION": "MI PERU", "FECHA_NACIMIENTO": 19930101, "EDAD_PERSONA": 31, "SEXO": "FEMENINO", "ESTADO_CIVIL": "SOLTERO(A)", "GRADO_INSTRUCCION": "NO INDICA", "OCUPACION": "NO INDICA", "PAIS_NATAL": "VENEZUELA", "LONGITUD": -77.12102705, "LATITUD": -11.85545063, "Año": "2024", "Mes": "02" }, "geometry": { "type": "Point", "coordinates": [ 268935.982595796929672, 8688551.31729238666594 ] } },
{ "type": "Feature", "properties": { "id": "1375", "FECHA_CORTE": 20240425, "FECHA_REGISTRO": 20240214, "ID_DOC_DENUNCIA": "55bf864b8713c2038199c0dd29e7b49fa08feabd81f568b53f1ef1c5c1e444af", "UBIGEO": 70102, "DEPARTAMENTO": "CALLAO", "PROVINCIA": "CALLAO", "DISTRITO": "BELLAVISTA", "TIPO_DE_DENUNCIA": "DENUNCIA", "SITUACION_DENUNCIA": "RESUELTA", "TIPO": "PATRIMONIO (DELITO)", "SUBTIPO": "HURTO", "MODALIDAD": "HURTO AGRAVADO", "FECHA_HECHO": 20240211, "HORA_HECHO": 1900, "UBICACION": "CASA DE APUESTA  APUESTA TOTAL UBICADO EN  LA AVENIDA JUAN PABLO II C4  06 URB CIUDAD DEL PESCADOR B", "DESCRIPCION": "BELLAVISTA", "FECHA_NACIMIENTO": 19980221, "EDAD_PERSONA": 25, "SEXO": "FEMENINO", "ESTADO_CIVIL": "SOLTERO(A)", "GRADO_INSTRUCCION": "NO INDICA", "OCUPACION": "NO INDICA", "PAIS_NATAL": "PERU", "LONGITUD": -77.1162341, "LATITUD": -12.06158497, "Año": "2024", "Mes": "02" }, "geometry": { "type": "Point", "coordinates": [ 269632.978612993727438, 8665747.107233224436641 ] } },
{ "type": "Feature", "properties": { "id": "1377", "FECHA_CORTE": 20240425, "FECHA_REGISTRO": 20240221, "ID_DOC_DENUNCIA": "3e63126611bcae078bfcbe60bfd8edf3ee31a30eb4db04f4852f2fa0e69b4e73", "UBIGEO": 70102, "DEPARTAMENTO": "CALLAO", "PROVINCIA": "CALLAO", "DISTRITO": "BELLAVISTA", "TIPO_DE_DENUNCIA": "DENUNCIA", "SITUACION_DENUNCIA": "PENDIENTE", "TIPO": "PATRIMONIO (DELITO)", "SUBTIPO": "ROBO", "MODALIDAD": "ROBO AGRAVADO", "FECHA_HECHO": 20240221, "HORA_HECHO": 220, "UBICACION": "PASAJE C4A CON AV JUAN VELASCO ALVARADO", "DESCRIPCION": "DEPINCRI BELLAVISTA/LA PERLA/C.DE LA LEGUA", "FECHA_NACIMIENTO": 20060713, "EDAD_PERSONA": 17, "SEXO": "FEMENINO", "ESTADO_CIVIL": "SOLTERO(A)", "GRADO_INSTRUCCION": "NO INDICA", "OCUPACION": "NO INDICA", "PAIS_NATAL": "PERU", "LONGITUD": -77.13252555, "LATITUD": -12.06010932, "Año": "2024", "Mes": "02" }, "geometry": { "type": "Point", "coordinates": [ 267857.518993182224222, 8665896.63383487612009 ] } },
{ "type": "Feature", "properties": { "id": "1379", "FECHA_CORTE": 20240425, "FECHA_REGISTRO": 20240212, "ID_DOC_DENUNCIA": "bce4f3de43eda1e5b220628bfadc5d7b551d35f152070b328a0cd34fab4b2bba", "UBIGEO": 70104, "DEPARTAMENTO": "CALLAO", "PROVINCIA": "CALLAO", "DISTRITO": "LA PERLA", "TIPO_DE_DENUNCIA": "DENUNCIA", "SITUACION_DENUNCIA": "RESUELTA", "TIPO": "PATRIMONIO (DELITO)", "SUBTIPO": "ROBO", "MODALIDAD": "ROBO AGRAVADO", "FECHA_HECHO": 20240210, "HORA_HECHO": 2200, "UBICACION": "UNIDAD JOSE GALVEZ BLOCK \"A\" 106 AAHH  CALLAO REF A MEDIA CUADRA DE LA DIPROVE CALLAO", "DESCRIPCION": "LA PERLA", "FECHA_NACIMIENTO": 20011126, "EDAD_PERSONA": 22, "SEXO": "MASCULINO", "ESTADO_CIVIL": "SOLTERO(A)", "GRADO_INSTRUCCION": "NO INDICA", "OCUPACION": "NO INDICA", "PAIS_NATAL": "PERU", "LONGITUD": -77.13222054000001, "LATITUD": -12.06851423, "Año": "2024", "Mes": "02" }, "geometry": { "type": "Point", "coordinates": [ 267897.972888830176089, 8664966.897901270538568 ] } },
{ "type": "Feature", "properties": { "id": "1381", "FECHA_CORTE": 20240425, "FECHA_REGISTRO": 20240223, "ID_DOC_DENUNCIA": "f7c3afdb9e5e896f4a56d96be4dffdec227afdf134155f180dad08bdaa7e14ed", "UBIGEO": 70104, "DEPARTAMENTO": "CALLAO", "PROVINCIA": "CALLAO", "DISTRITO": "LA PERLA", "TIPO_DE_DENUNCIA": "OCURRENCIA", "SITUACION_DENUNCIA": "PENDIENTE", "TIPO": "PATRIMONIO (DELITO)", "SUBTIPO": "HURTO", "MODALIDAD": "HURTO FRUSTRADO", "FECHA_HECHO": 20240223, "HORA_HECHO": 630, "UBICACION": "JR ESPANA NRO 990 LA PERLA", "DESCRIPCION": "LA PERLA", "FECHA_NACIMIENTO": 19881014, "EDAD_PERSONA": 35, "SEXO": "MASCULINO", "ESTADO_CIVIL": "SOLTERO(A)", "GRADO_INSTRUCCION": "NO INDICA", "OCUPACION": "NO INDICA", "PAIS_NATAL": "PERU", "LONGITUD": -77.11572777000001, "LATITUD": -12.06942283, "Año": "2024", "Mes": "02" }, "geometry": { "type": "Point", "coordinates": [ 269694.816342188685667, 8664880.290530927479267 ] } },
{ "type": "Feature", "properties": { "id": "1384", "FECHA_CORTE": 20240425, "FECHA_REGISTRO": 20240222, "ID_DOC_DENUNCIA": "4ca5a02727b804182cc0173460c428a3dde909f4ba5be6469bf735fac3c98ce5", "UBIGEO": 70101, "DEPARTAMENTO": "CALLAO", "PROVINCIA": "CALLAO", "DISTRITO": "CALLAO", "TIPO_DE_DENUNCIA": "ACTA DE INTERVENCION", "SITUACION_DENUNCIA": "RESUELTA", "TIPO": "PATRIMONIO (DELITO)", "SUBTIPO": "HURTO", "MODALIDAD": "HURTO AGRAVADO", "FECHA_HECHO": 20240222, "HORA_HECHO": 1920, "UBICACION": "AV ARGENTINA CUADRA 3990 REF ALTURA DE LA CALLE PALLA EN EL CALLAO", "DESCRIPCION": "LA LEGUA", "FECHA_NACIMIENTO": 19620101, "EDAD_PERSONA": 62, "SEXO": "MASCULINO", "ESTADO_CIVIL": "CASADO(A)", "GRADO_INSTRUCCION": "NO INDICA", "OCUPACION": "NO INDICA", "PAIS_NATAL": "PERU", "LONGITUD": -77.1007271, "LATITUD": -12.0485687, "Año": "2024", "Mes": "02" }, "geometry": { "type": "Point", "coordinates": [ 271310.689475930645131, 8667200.30807663500309 ] } },
{ "type": "Feature", "properties": { "id": "1389", "FECHA_CORTE": 20240425, "FECHA_REGISTRO": 20240225, "ID_DOC_DENUNCIA": "e7a83c0878149b119927ebcab23f1c87302a71c124c1f7c7f83b6a817f7acdc1", "UBIGEO": 70102, "DEPARTAMENTO": "CALLAO", "PROVINCIA": "CALLAO", "DISTRITO": "BELLAVISTA", "TIPO_DE_DENUNCIA": "ACTA DE INTERVENCION", "SITUACION_DENUNCIA": "RESUELTA", "TIPO": "PATRIMONIO (DELITO)", "SUBTIPO": "HURTO", "MODALIDAD": "HURTO AGRAVADO", "FECHA_HECHO": 20240224, "HORA_HECHO": 2130, "UBICACION": "ENTER LOS JIRONES JOSE GALVEZ CON TUPAC AMARU BELLAVISTA CALLAO", "DESCRIPCION": "BELLAVISTA", "FECHA_NACIMIENTO": 20020328, "EDAD_PERSONA": 21, "SEXO": "MASCULINO", "ESTADO_CIVIL": "SOLTERO(A)", "GRADO_INSTRUCCION": "NO INDICA", "OCUPACION": "DESEMPLEADO", "PAIS_NATAL": "PERU", "LONGITUD": -77.09136075000001, "LATITUD": -12.05433316, "Año": "2024", "Mes": "02" }, "geometry": { "type": "Point", "coordinates": [ 272335.609158879262395, 8666570.285664603114128 ] } },
{ "type": "Feature", "properties": { "id": "1392", "FECHA_CORTE": 20240425, "FECHA_REGISTRO": 20240212, "ID_DOC_DENUNCIA": "2b254829441a219c36c2f9e40f4d4afc49c56769d585908d408412a536377638", "UBIGEO": 70102, "DEPARTAMENTO": "CALLAO", "PROVINCIA": "CALLAO", "DISTRITO": "BELLAVISTA", "TIPO_DE_DENUNCIA": "ACTA DE DENUNCIA VERBAL", "SITUACION_DENUNCIA": "PENDIENTE", "TIPO": "PATRIMONIO (DELITO)", "SUBTIPO": "ROBO", "MODALIDAD": "ROBO AGRAVADO", "FECHA_HECHO": 20240212, "HORA_HECHO": 1500, "UBICACION": "AV COLONIAL CON AV ELMER FOUCETT", "DESCRIPCION": "DEPINCRI BELLAVISTA/LA PERLA/C.DE LA LEGUA", "FECHA_NACIMIENTO": 19890220, "EDAD_PERSONA": 34, "SEXO": "FEMENINO", "ESTADO_CIVIL": "SOLTERO(A)", "GRADO_INSTRUCCION": "NO INDICA", "OCUPACION": "NO INDICA", "PAIS_NATAL": "PERU", "LONGITUD": -77.1012314, "LATITUD": -12.0463209, "Año": "2024", "Mes": "02" }, "geometry": { "type": "Point", "coordinates": [ 271253.863112683873624, 8667448.599347557872534 ] } },
{ "type": "Feature", "properties": { "id": "1395", "FECHA_CORTE": 20240425, "FECHA_REGISTRO": 20240216, "ID_DOC_DENUNCIA": "882a2ab8c0f5a4892956936e41455973e001eb5af7cfa373793dc39087437278", "UBIGEO": 70102, "DEPARTAMENTO": "CALLAO", "PROVINCIA": "CALLAO", "DISTRITO": "BELLAVISTA", "TIPO_DE_DENUNCIA": "DENUNCIA", "SITUACION_DENUNCIA": "RESUELTA", "TIPO": "PATRIMONIO (DELITO)", "SUBTIPO": "ROBO", "MODALIDAD": "ROBO AGRAVADO", "FECHA_HECHO": 20240216, "HORA_HECHO": 1220, "UBICACION": "FAUCETT CON AV OSCAR R BENAVIDES", "DESCRIPCION": "DEPINCRI BELLAVISTA/LA PERLA/C.DE LA LEGUA", "FECHA_NACIMIENTO": 20030107, "EDAD_PERSONA": 21, "SEXO": "MASCULINO", "ESTADO_CIVIL": "SOLTERO(A)", "GRADO_INSTRUCCION": "NO INDICA", "OCUPACION": "TELEVENTAS", "PAIS_NATAL": "PERU", "LONGITUD": -77.12106697, "LATITUD": -12.06360624, "Año": "2024", "Mes": "02" }, "geometry": { "type": "Point", "coordinates": [ 269108.396986859152094, 8665519.388706212863326 ] } },
{ "type": "Feature", "properties": { "id": "1404", "FECHA_CORTE": 20240425, "FECHA_REGISTRO": 20240212, "ID_DOC_DENUNCIA": "c979e6b255fbe83a83f709e6a23db1083c981def08eff13f8c7ccd3f5b1192d2", "UBIGEO": 70102, "DEPARTAMENTO": "CALLAO", "PROVINCIA": "CALLAO", "DISTRITO": "BELLAVISTA", "TIPO_DE_DENUNCIA": "DENUNCIA", "SITUACION_DENUNCIA": "RESUELTA", "TIPO": "PATRIMONIO (DELITO)", "SUBTIPO": "HURTO", "MODALIDAD": "HURTO AGRAVADO DURANTE LA NOCHE", "FECHA_HECHO": 20240206, "HORA_HECHO": 1800, "UBICACION": "SANTOS CHOCANO", "DESCRIPCION": "DEPINCRI BELLAVISTA/LA PERLA/C.DE LA LEGUA", "FECHA_NACIMIENTO": 20001222, "EDAD_PERSONA": 23, "SEXO": "FEMENINO", "ESTADO_CIVIL": "SOLTERO(A)", "GRADO_INSTRUCCION": "NO INDICA", "OCUPACION": "NO INDICA", "PAIS_NATAL": "PERU", "LONGITUD": -77.0901424, "LATITUD": -12.0131847, "Año": "2024", "Mes": "02" }, "geometry": { "type": "Point", "coordinates": [ 272433.648834564024583, 8671124.208711510524154 ] } },
{ "type": "Feature", "properties": { "id": "1408", "FECHA_CORTE": 20240425, "FECHA_REGISTRO": 20240227, "ID_DOC_DENUNCIA": "96b23676b17ddc9739d54fee6b4d281b16677a3bbeb88bb2ed86b3d7b500c536", "UBIGEO": 70102, "DEPARTAMENTO": "CALLAO", "PROVINCIA": "CALLAO", "DISTRITO": "BELLAVISTA", "TIPO_DE_DENUNCIA": "DENUNCIA", "SITUACION_DENUNCIA": "RESUELTA", "TIPO": "PATRIMONIO (DELITO)", "SUBTIPO": "HURTO", "MODALIDAD": "HURTO", "FECHA_HECHO": 20240227, "HORA_HECHO": 1730, "UBICACION": "AV. GUARDIA CHALACA 2385  BELLAVISTA", "DESCRIPCION": "BELLAVISTA", "FECHA_NACIMIENTO": 19931207, "EDAD_PERSONA": 30, "SEXO": "FEMENINO", "ESTADO_CIVIL": "SOLTERO(A)", "GRADO_INSTRUCCION": "NO INDICA", "OCUPACION": "ESTUDIANTE", "PAIS_NATAL": "PERU", "LONGITUD": -77.12029449000001, "LATITUD": -12.06400493, "Año": "2024", "Mes": "02" }, "geometry": { "type": "Point", "coordinates": [ 269192.862978812248912, 8665475.925453271716833 ] } },
{ "type": "Feature", "properties": { "id": "1413", "FECHA_CORTE": 20240425, "FECHA_REGISTRO": 20240212, "ID_DOC_DENUNCIA": "5c679e86b3104f2e733c75b8cb15c59fc1992434c48a15ae6a86210d9847435d", "UBIGEO": 70103, "DEPARTAMENTO": "CALLAO", "PROVINCIA": "CALLAO", "DISTRITO": "CARMEN DE LA LEGUA REYNOSO", "TIPO_DE_DENUNCIA": "ACTA DE DENUNCIA VERBAL", "SITUACION_DENUNCIA": "RESUELTA", "TIPO": "PATRIMONIO (DELITO)", "SUBTIPO": "HURTO", "MODALIDAD": "HURTO AGRAVADO", "FECHA_HECHO": 20240212, "HORA_HECHO": 530, "UBICACION": "JR REPUBLICA DE GUATEMALA NRO 315", "DESCRIPCION": "CARMEN DE LA LEGUA", "FECHA_NACIMIENTO": 19870202, "EDAD_PERSONA": 37, "SEXO": "FEMENINO", "ESTADO_CIVIL": "CASADO(A)", "GRADO_INSTRUCCION": "SECUNDARIA", "OCUPACION": "NO INDICA", "PAIS_NATAL": "PERU", "LONGITUD": -77.0868593, "LATITUD": -12.0413599, "Año": "2024", "Mes": "02" }, "geometry": { "type": "Point", "coordinates": [ 272814.916237026685849, 8668009.457739651203156 ] } },
{ "type": "Feature", "properties": { "id": "1414", "FECHA_CORTE": 20240425, "FECHA_REGISTRO": 20240227, "ID_DOC_DENUNCIA": "8937074e8974f03ef12578bc22ac970f26ce83c60ceb3c8f5cd92731db114321", "UBIGEO": 70102, "DEPARTAMENTO": "CALLAO", "PROVINCIA": "CALLAO", "DISTRITO": "BELLAVISTA", "TIPO_DE_DENUNCIA": "DENUNCIA", "SITUACION_DENUNCIA": "RESUELTA", "TIPO": "PATRIMONIO (DELITO)", "SUBTIPO": "ROBO", "MODALIDAD": "ROBO AGRAVADO A MANO ARMADA", "FECHA_HECHO": 20240227, "HORA_HECHO": 2030, "UBICACION": "ZARUMILLA MZ C LOTE 12 BELLAVISTA CALLAO", "DESCRIPCION": "DEPINCRI BELLAVISTA/LA PERLA/C.DE LA LEGUA", "FECHA_NACIMIENTO": 19941029, "EDAD_PERSONA": 29, "SEXO": "MASCULINO", "ESTADO_CIVIL": "SOLTERO(A)", "GRADO_INSTRUCCION": "NO INDICA", "OCUPACION": "NO INDICA", "PAIS_NATAL": "PERU", "LONGITUD": -77.10858819000001, "LATITUD": -12.0594969, "Año": "2024", "Mes": "02" }, "geometry": { "type": "Point", "coordinates": [ 270463.858491723891348, 8665984.564546283334494 ] } },
{ "type": "Feature", "properties": { "id": "1416", "FECHA_CORTE": 20240425, "FECHA_REGISTRO": 20240203, "ID_DOC_DENUNCIA": "54d4507d32e0cda29a6c930294d3962af338454a27d3cd3d46a9049eb88b98e8", "UBIGEO": 70102, "DEPARTAMENTO": "CALLAO", "PROVINCIA": "CALLAO", "DISTRITO": "BELLAVISTA", "TIPO_DE_DENUNCIA": "DENUNCIA", "SITUACION_DENUNCIA": "RESUELTA", "TIPO": "PATRIMONIO (DELITO)", "SUBTIPO": "ROBO", "MODALIDAD": "ROBO AGRAVADO", "FECHA_HECHO": 20240130, "HORA_HECHO": 1930, "UBICACION": "JUAN PABLO 2", "DESCRIPCION": "DEPINCRI BELLAVISTA/LA PERLA/C.DE LA LEGUA", "FECHA_NACIMIENTO": 19980828, "EDAD_PERSONA": 25, "SEXO": "MASCULINO", "ESTADO_CIVIL": "SOLTERO(A)", "GRADO_INSTRUCCION": "NO INDICA", "OCUPACION": "NO INDICA", "PAIS_NATAL": "PERU", "LONGITUD": -77.116792, "LATITUD": -12.061543, "Año": "2024", "Mes": "02" }, "geometry": { "type": "Point", "coordinates": [ 269572.185996801475994, 8665751.281919848173857 ] } },
{ "type": "Feature", "properties": { "id": "1418", "FECHA_CORTE": 20240425, "FECHA_REGISTRO": 20240220, "ID_DOC_DENUNCIA": "20bc98a309968e4117d919690d5854884f2904d0a7091894ad7d3180ff4883b6", "UBIGEO": 70101, "DEPARTAMENTO": "CALLAO", "PROVINCIA": "CALLAO", "DISTRITO": "CALLAO", "TIPO_DE_DENUNCIA": "OCURRENCIA", "SITUACION_DENUNCIA": "PENDIENTE", "TIPO": "PATRIMONIO (DELITO)", "SUBTIPO": "ROBO", "MODALIDAD": "ROBO", "FECHA_HECHO": 20240219, "HORA_HECHO": 2215, "UBICACION": "AV BERTELLOMERCADO SANTA ROSA CALLAO", "DESCRIPCION": "JUAN INGUNZA VALDIVIA", "FECHA_NACIMIENTO": 19920110, "EDAD_PERSONA": 32, "SEXO": "MASCULINO", "ESTADO_CIVIL": "CASADO(A)", "GRADO_INSTRUCCION": "NO INDICA", "OCUPACION": "EMPLEADO", "PAIS_NATAL": "PERU", "LONGITUD": -77.1086495, "LATITUD": -12.0452706, "Año": "2024", "Mes": "02" }, "geometry": { "type": "Point", "coordinates": [ 270445.079655188368633, 8667558.614955866709352 ] } },
{ "type": "Feature", "properties": { "id": "1422", "FECHA_CORTE": 20240425, "FECHA_REGISTRO": 20240214, "ID_DOC_DENUNCIA": "d05f52e5ede1baaf5b32b3fac0fc5005e586126c6b89bc83e87cb8e9b5ba7352", "UBIGEO": 70101, "DEPARTAMENTO": "CALLAO", "PROVINCIA": "CALLAO", "DISTRITO": "CALLAO", "TIPO_DE_DENUNCIA": "DENUNCIA", "SITUACION_DENUNCIA": "RESUELTA", "TIPO": "PATRIMONIO (DELITO)", "SUBTIPO": "HURTO", "MODALIDAD": "HURTO AGRAVADO", "FECHA_HECHO": 20240214, "HORA_HECHO": 1300, "UBICACION": "AV COLECTORA  MZ C1 LOTE 13 URB EL ALAMO CALLAO", "DESCRIPCION": "JUAN INGUNZA VALDIVIA", "FECHA_NACIMIENTO": 19430604, "EDAD_PERSONA": 80, "SEXO": "MASCULINO", "ESTADO_CIVIL": "CASADO(A)", "GRADO_INSTRUCCION": "NO INDICA", "OCUPACION": "NO INDICA", "PAIS_NATAL": "PERU", "LONGITUD": -77.1070739, "LATITUD": -12.0017168, "Año": "2024", "Mes": "02" }, "geometry": { "type": "Point", "coordinates": [ 270579.741064524278045, 8672379.030518230050802 ] } },
{ "type": "Feature", "properties": { "id": "1423", "FECHA_CORTE": 20240425, "FECHA_REGISTRO": 20240207, "ID_DOC_DENUNCIA": "a579c3c9ff1edd50bb821453ecf5ef19229a9f8a7d448aad673bf001b449daf8", "UBIGEO": 70101, "DEPARTAMENTO": "CALLAO", "PROVINCIA": "CALLAO", "DISTRITO": "CALLAO", "TIPO_DE_DENUNCIA": "ACTA DE INTERVENCION", "SITUACION_DENUNCIA": "RESUELTA", "TIPO": "PATRIMONIO (DELITO)", "SUBTIPO": "HURTO", "MODALIDAD": "HURTO DE ACCESORIOS Y AUTOPARTES DE VEHICULOS", "FECHA_HECHO": 20240206, "HORA_HECHO": 1300, "UBICACION": "AV NESTOR GAMBETTA FRONTIS DE LA EMPRESA IMUPESA  CALLAO", "DESCRIPCION": "SARITA COLONIA", "FECHA_NACIMIENTO": 19560121, "EDAD_PERSONA": 68, "SEXO": "MASCULINO", "ESTADO_CIVIL": "CASADO(A)", "GRADO_INSTRUCCION": "NO INDICA", "OCUPACION": "EMPRESARIO", "PAIS_NATAL": "PERU", "LONGITUD": -77.1244717, "LATITUD": -11.9921176, "Año": "2024", "Mes": "02" }, "geometry": { "type": "Point", "coordinates": [ 268676.466321292507928, 8673426.603981332853436 ] } },
{ "type": "Feature", "properties": { "id": "1425", "FECHA_CORTE": 20240425, "FECHA_REGISTRO": 20240212, "ID_DOC_DENUNCIA": "4b1f495a37cb0bcf9ce43be898019929c677d99fbc5c418d9bff7e4921bf53ad", "UBIGEO": 70101, "DEPARTAMENTO": "CALLAO", "PROVINCIA": "CALLAO", "DISTRITO": "CALLAO", "TIPO_DE_DENUNCIA": "ACTA DE INTERVENCION", "SITUACION_DENUNCIA": "RESUELTA", "TIPO": "PATRIMONIO (DELITO)", "SUBTIPO": "HURTO", "MODALIDAD": "HURTO AGRAVADO", "FECHA_HECHO": 20240210, "HORA_HECHO": 510, "UBICACION": "AV. BUENOS AIRES 1231 ? CALLAO", "DESCRIPCION": "CALLAO", "FECHA_NACIMIENTO": 19530608, "EDAD_PERSONA": 70, "SEXO": "MASCULINO", "ESTADO_CIVIL": "CASADO(A)", "GRADO_INSTRUCCION": "NO INDICA", "OCUPACION": "DELIVERY", "PAIS_NATAL": "PERU", "LONGITUD": -77.1349907, "LATITUD": -12.0613086, "Año": "2024", "Mes": "02" }, "geometry": { "type": "Point", "coordinates": [ 267590.08725385798607, 8665761.844655403867364 ] } },
{ "type": "Feature", "properties": { "id": "1426", "FECHA_CORTE": 20240425, "FECHA_REGISTRO": 20240211, "ID_DOC_DENUNCIA": "4a803c93de2d16fee8465e6fbb8689b5c5c76bc4e3cb743fef482fab7084696e", "UBIGEO": 70101, "DEPARTAMENTO": "CALLAO", "PROVINCIA": "CALLAO", "DISTRITO": "CALLAO", "TIPO_DE_DENUNCIA": "DENUNCIA", "SITUACION_DENUNCIA": "RESUELTA", "TIPO": "PATRIMONIO (DELITO)", "SUBTIPO": "ROBO", "MODALIDAD": "ROBO", "FECHA_HECHO": 20240211, "HORA_HECHO": 2130, "UBICACION": "PASAJE PIURA REFERENCIA ESPALDAS DE LA IGLESIA MARIA MADRE DE DIOS SAN JUAN MAS�AS", "DESCRIPCION": "JUAN INGUNZA VALDIVIA", "FECHA_NACIMIENTO": 19770822, "EDAD_PERSONA": 46, "SEXO": "MASCULINO", "ESTADO_CIVIL": "CASADO(A)", "GRADO_INSTRUCCION": "NO INDICA", "OCUPACION": "NO INDICA", "PAIS_NATAL": "PERU", "LONGITUD": -77.1179541, "LATITUD": -11.9990244, "Año": "2024", "Mes": "02" }, "geometry": { "type": "Point", "coordinates": [ 269392.308430508011952, 8672667.84750591404736 ] } },
{ "type": "Feature", "properties": { "id": "1428", "FECHA_CORTE": 20240425, "FECHA_REGISTRO": 20240214, "ID_DOC_DENUNCIA": "ea0de759ee3e11d5987ff94b1e52f98e382d22f0a3a13cbab73ec438a196fb16", "UBIGEO": 70101, "DEPARTAMENTO": "CALLAO", "PROVINCIA": "CALLAO", "DISTRITO": "CALLAO", "TIPO_DE_DENUNCIA": "DENUNCIA", "SITUACION_DENUNCIA": "PENDIENTE", "TIPO": "PATRIMONIO (DELITO)", "SUBTIPO": "ROBO", "MODALIDAD": "ROBO AGRAVADO", "FECHA_HECHO": 20240214, "HORA_HECHO": 1000, "UBICACION": "JR. COLON CON EL JR. SALOOM-CALLAO", "DESCRIPCION": "CALLAO", "FECHA_NACIMIENTO": 19910424, "EDAD_PERSONA": 32, "SEXO": "FEMENINO", "ESTADO_CIVIL": "CASADO(A)", "GRADO_INSTRUCCION": "NO INDICA", "OCUPACION": "AMA DE CASA", "PAIS_NATAL": "PERU", "LONGITUD": -77.1395686, "LATITUD": -12.0616226, "Año": "2024", "Mes": "02" }, "geometry": { "type": "Point", "coordinates": [ 267091.806705065770075, 8665723.212855130434036 ] } },
{ "type": "Feature", "properties": { "id": "1433", "FECHA_CORTE": 20240425, "FECHA_REGISTRO": 20240219, "ID_DOC_DENUNCIA": "3035c83c4dd40a309156901dfa03cc00f1c24d7e52a211f2df27fcfacdfb093a", "UBIGEO": 70101, "DEPARTAMENTO": "CALLAO", "PROVINCIA": "CALLAO", "DISTRITO": "CALLAO", "TIPO_DE_DENUNCIA": "ACTA DE INTERVENCION", "SITUACION_DENUNCIA": "RESUELTA", "TIPO": "PATRIMONIO (DELITO)", "SUBTIPO": "ROBO", "MODALIDAD": "ROBO AGRAVADO", "FECHA_HECHO": 20240213, "HORA_HECHO": 1515, "UBICACION": "CALLE 5 DEL AAHH ALFREDO VILLA CALDERON MARQUEZ CALLAO", "DESCRIPCION": "MARQUEZ", "FECHA_NACIMIENTO": 19830724, "EDAD_PERSONA": 40, "SEXO": "MASCULINO", "ESTADO_CIVIL": "CASADO(A)", "GRADO_INSTRUCCION": "NO INDICA", "OCUPACION": "NO INDICA", "PAIS_NATAL": "PERU", "LONGITUD": -77.13070185, "LATITUD": -11.95388034, "Año": "2024", "Mes": "02" }, "geometry": { "type": "Point", "coordinates": [ 267965.152807323960587, 8677652.249906389042735 ] } },
{ "type": "Feature", "properties": { "id": "1435", "FECHA_CORTE": 20240425, "FECHA_REGISTRO": 20240209, "ID_DOC_DENUNCIA": "46dd353e2f9130dea3edcbd658f94bb1ba7b18f2107ab3d7d5892b9baef074fd", "UBIGEO": 70104, "DEPARTAMENTO": "CALLAO", "PROVINCIA": "CALLAO", "DISTRITO": "LA PERLA", "TIPO_DE_DENUNCIA": "DENUNCIA", "SITUACION_DENUNCIA": "RESUELTA", "TIPO": "PATRIMONIO (DELITO)", "SUBTIPO": "HURTO", "MODALIDAD": "HURTO", "FECHA_HECHO": 20240208, "HORA_HECHO": 830, "UBICACION": "OVALO LA PERLA", "DESCRIPCION": "LA PERLA", "FECHA_NACIMIENTO": 20010924, "EDAD_PERSONA": 22, "SEXO": "MASCULINO", "ESTADO_CIVIL": "SOLTERO(A)", "GRADO_INSTRUCCION": "SECUNDARIA", "OCUPACION": "ESTUDIANTE", "PAIS_NATAL": "PERU", "LONGITUD": -77.11547027, "LATITUD": -12.07013627, "Año": "2024", "Mes": "02" }, "geometry": { "type": "Point", "coordinates": [ 269723.467665418458637, 8664801.566514991223812 ] } },
{ "type": "Feature", "properties": { "id": "1436", "FECHA_CORTE": 20240425, "FECHA_REGISTRO": 20240216, "ID_DOC_DENUNCIA": "6627190450f34a539ab7af46a9cd86c25e22f9d3cfdb99fc97462aec152a8ad0", "UBIGEO": 70102, "DEPARTAMENTO": "CALLAO", "PROVINCIA": "CALLAO", "DISTRITO": "BELLAVISTA", "TIPO_DE_DENUNCIA": "DENUNCIA", "SITUACION_DENUNCIA": "RESUELTA", "TIPO": "PATRIMONIO (DELITO)", "SUBTIPO": "HURTO", "MODALIDAD": "HURTO AGRAVADO", "FECHA_HECHO": 20240215, "HORA_HECHO": 500, "UBICACION": "JIRON VIGIL CUADRA 8  UNIDAD VIGIL BLOCK B NRO 201 BELLAVISTA", "DESCRIPCION": "BELLAVISTA", "FECHA_NACIMIENTO": 19570424, "EDAD_PERSONA": 66, "SEXO": "MASCULINO", "ESTADO_CIVIL": "SOLTERO(A)", "GRADO_INSTRUCCION": "NO INDICA", "OCUPACION": "NO INDICA", "PAIS_NATAL": "PERU", "LONGITUD": -77.13264008, "LATITUD": -12.06677604, "Año": "2024", "Mes": "02" }, "geometry": { "type": "Point", "coordinates": [ 267850.787278687232174, 8665158.871169844642282 ] } },
{ "type": "Feature", "properties": { "id": "1437", "FECHA_CORTE": 20240425, "FECHA_REGISTRO": 20240219, "ID_DOC_DENUNCIA": "5b2d31b4cf9dd38f55f7d06559dbdf0910472c14d57306691decfed991d52d7d", "UBIGEO": 70104, "DEPARTAMENTO": "CALLAO", "PROVINCIA": "CALLAO", "DISTRITO": "LA PERLA", "TIPO_DE_DENUNCIA": "ACTA DE DENUNCIA VERBAL", "SITUACION_DENUNCIA": "PENDIENTE", "TIPO": "PATRIMONIO (DELITO)", "SUBTIPO": "HURTO", "MODALIDAD": "HURTO AGRAVADO", "FECHA_HECHO": 20240219, "HORA_HECHO": 830, "UBICACION": "AV. JOSE GALVEZ CON CALLE PEDRO SEGUNDO LA PERLA", "DESCRIPCION": "LA PERLA", "FECHA_NACIMIENTO": 19381202, "EDAD_PERSONA": 85, "SEXO": "MASCULINO", "ESTADO_CIVIL": "CASADO(A)", "GRADO_INSTRUCCION": "NO INDICA", "OCUPACION": "NO INDICA", "PAIS_NATAL": "PERU", "LONGITUD": -77.1260782, "LATITUD": -12.0666218, "Año": "2024", "Mes": "02" }, "geometry": { "type": "Point", "coordinates": [ 268565.252146673388779, 8665181.492099244147539 ] } },
{ "type": "Feature", "properties": { "id": "1438", "FECHA_CORTE": 20240425, "FECHA_REGISTRO": 20240218, "ID_DOC_DENUNCIA": "172bf9acf3277f3e578d821e0c4648f9dde564c79763552aaabbbf89dfd57e10", "UBIGEO": 70101, "DEPARTAMENTO": "CALLAO", "PROVINCIA": "CALLAO", "DISTRITO": "CALLAO", "TIPO_DE_DENUNCIA": "ACTA DE DENUNCIA VERBAL", "SITUACION_DENUNCIA": "RESUELTA", "TIPO": "PATRIMONIO (DELITO)", "SUBTIPO": "HURTO", "MODALIDAD": "HURTO", "FECHA_HECHO": 20240218, "HORA_HECHO": 1600, "UBICACION": "AV. EL EMISOR CON AV. GRAU DEL AA. HH VILLA MERCEDES CALLAO", "DESCRIPCION": "SARITA COLONIA", "FECHA_NACIMIENTO": 20030312, "EDAD_PERSONA": 20, "SEXO": "MASCULINO", "ESTADO_CIVIL": "SOLTERO(A)", "GRADO_INSTRUCCION": "SECUNDARIA", "OCUPACION": "NO INDICA", "PAIS_NATAL": "PERU", "LONGITUD": -77.1292103, "LATITUD": -12.0275196, "Año": "2024", "Mes": "02" }, "geometry": { "type": "Point", "coordinates": [ 268190.588680068496615, 8669505.447474313899875 ] } },
{ "type": "Feature", "properties": { "id": "1439", "FECHA_CORTE": 20240425, "FECHA_REGISTRO": 20240229, "ID_DOC_DENUNCIA": "83177118fcd344201febbde16a53efdef056e91e27a33e77490c924e111af2ac", "UBIGEO": 70104, "DEPARTAMENTO": "CALLAO", "PROVINCIA": "CALLAO", "DISTRITO": "LA PERLA", "TIPO_DE_DENUNCIA": "DENUNCIA", "SITUACION_DENUNCIA": "PENDIENTE", "TIPO": "PATRIMONIO (DELITO)", "SUBTIPO": "ROBO", "MODALIDAD": "ROBO AGRAVADO", "FECHA_HECHO": 20240229, "HORA_HECHO": 1650, "UBICACION": "CALLE ALEJANDRO MAGNO CON CALLE ARES", "DESCRIPCION": "LA PERLA", "FECHA_NACIMIENTO": 19701212, "EDAD_PERSONA": 53, "SEXO": "MASCULINO", "ESTADO_CIVIL": "CASADO(A)", "GRADO_INSTRUCCION": "NO INDICA", "OCUPACION": "INDEPENDIENTE", "PAIS_NATAL": "PERU", "LONGITUD": -77.1259843, "LATITUD": -12.0508491, "Año": "2024", "Mes": "02" }, "geometry": { "type": "Point", "coordinates": [ 268561.942904468858615, 8666926.796845387667418 ] } },
{ "type": "Feature", "properties": { "id": "1442", "FECHA_CORTE": 20240425, "FECHA_REGISTRO": 20240224, "ID_DOC_DENUNCIA": "2f342fcd2881475947101baea271144fc1a7ff4796f7a68e3c6731b818ec7112", "UBIGEO": 70101, "DEPARTAMENTO": "CALLAO", "PROVINCIA": "CALLAO", "DISTRITO": "CALLAO", "TIPO_DE_DENUNCIA": "ACTA DE DENUNCIA VERBAL", "SITUACION_DENUNCIA": "PENDIENTE", "TIPO": "PATRIMONIO (DELITO)", "SUBTIPO": "ROBO", "MODALIDAD": "ASALTO Y ROBO DE VEHICULOS", "FECHA_HECHO": 20240223, "HORA_HECHO": 2330, "UBICACION": "AV. PERU 4491 BOCANEGRA", "DESCRIPCION": "PLAYA RIMAC", "FECHA_NACIMIENTO": 19860216, "EDAD_PERSONA": 38, "SEXO": "MASCULINO", "ESTADO_CIVIL": "CASADO(A)", "GRADO_INSTRUCCION": "NO INDICA", "OCUPACION": "NO INDICA", "PAIS_NATAL": "PERU", "LONGITUD": -77.0970461, "LATITUD": -12.028955, "Año": "2024", "Mes": "02" }, "geometry": { "type": "Point", "coordinates": [ 271695.000630147114862, 8669373.561332261189818 ] } },
{ "type": "Feature", "properties": { "id": "1444", "FECHA_CORTE": 20240425, "FECHA_REGISTRO": 20240209, "ID_DOC_DENUNCIA": "ff4a8e26947ad3d96b65170a80d5bdcd0a298582bd473bb21c4ad97e9bcadd36", "UBIGEO": 70101, "DEPARTAMENTO": "CALLAO", "PROVINCIA": "CALLAO", "DISTRITO": "CALLAO", "TIPO_DE_DENUNCIA": "ACTA DE DENUNCIA VERBAL", "SITUACION_DENUNCIA": "RESUELTA", "TIPO": "PATRIMONIO (DELITO)", "SUBTIPO": "ROBO", "MODALIDAD": "ROBO", "FECHA_HECHO": 20240209, "HORA_HECHO": 700, "UBICACION": "AV NENUFARES CON AV BOCANEGRA", "DESCRIPCION": "JUAN INGUNZA VALDIVIA", "FECHA_NACIMIENTO": 19680510, "EDAD_PERSONA": 55, "SEXO": "MASCULINO", "ESTADO_CIVIL": "CASADO(A)", "GRADO_INSTRUCCION": "NO INDICA", "OCUPACION": "NO INDICA", "PAIS_NATAL": "PERU", "LONGITUD": -77.10106453, "LATITUD": -12.00604468, "Año": "2024", "Mes": "02" }, "geometry": { "type": "Point", "coordinates": [ 271237.971145801478997, 8671905.166599657386541 ] } },
{ "type": "Feature", "properties": { "id": "1446", "FECHA_CORTE": 20240425, "FECHA_REGISTRO": 20240226, "ID_DOC_DENUNCIA": "649f49e98dd6f2eab6015a8cfb69dac9a0df89366b57db5a23ef6d548b97cef7", "UBIGEO": 70101, "DEPARTAMENTO": "CALLAO", "PROVINCIA": "CALLAO", "DISTRITO": "CALLAO", "TIPO_DE_DENUNCIA": "OCURRENCIA", "SITUACION_DENUNCIA": "PENDIENTE", "TIPO": "PATRIMONIO (DELITO)", "SUBTIPO": "HURTO", "MODALIDAD": "HURTO AGRAVADO", "FECHA_HECHO": 20240105, "HORA_HECHO": 800, "UBICACION": "AV ELMER FAUCETT NRO 3970 CALLAO  LOCAL DEL GOBIERNO REGIONAL", "DESCRIPCION": "JUAN INGUNZA VALDIVIA", "FECHA_NACIMIENTO": 19750821, "EDAD_PERSONA": 48, "SEXO": "MASCULINO", "ESTADO_CIVIL": "CASADO(A)", "GRADO_INSTRUCCION": "NO INDICA", "OCUPACION": "NO INDICA", "PAIS_NATAL": "PERU", "LONGITUD": -77.1110765, "LATITUD": -12.0106341, "Año": "2024", "Mes": "02" }, "geometry": { "type": "Point", "coordinates": [ 270151.318597262667026, 8671389.017942661419511 ] } },
{ "type": "Feature", "properties": { "id": "1447", "FECHA_CORTE": 20240425, "FECHA_REGISTRO": 20240217, "ID_DOC_DENUNCIA": "40dac71e32c5454bfa5eda33e1434adb7f28db84b808c6444a2224b2d0691cb3", "UBIGEO": 70101, "DEPARTAMENTO": "CALLAO", "PROVINCIA": "CALLAO", "DISTRITO": "CALLAO", "TIPO_DE_DENUNCIA": "DENUNCIA", "SITUACION_DENUNCIA": "RESUELTA", "TIPO": "PATRIMONIO (DELITO)", "SUBTIPO": "HURTO", "MODALIDAD": "HURTO AGRAVADO", "FECHA_HECHO": 20240216, "HORA_HECHO": 1000, "UBICACION": "CALLE IQUITOS MZ J LT 7 CALLAO", "DESCRIPCION": "DULANTO", "FECHA_NACIMIENTO": 19730218, "EDAD_PERSONA": 50, "SEXO": "MASCULINO", "ESTADO_CIVIL": "CASADO(A)", "GRADO_INSTRUCCION": "NO INDICA", "OCUPACION": "NO INDICA", "PAIS_NATAL": "PERU", "LONGITUD": -77.1259843, "LATITUD": -12.0508491, "Año": "2024", "Mes": "02" }, "geometry": { "type": "Point", "coordinates": [ 268561.942904468858615, 8666926.796845387667418 ] } },
{ "type": "Feature", "properties": { "id": "1451", "FECHA_CORTE": 20240425, "FECHA_REGISTRO": 20240203, "ID_DOC_DENUNCIA": "994fbaf9255404c1131ad31bd157e0646aa2db7f6c332b095098e94f4a133b5f", "UBIGEO": 70104, "DEPARTAMENTO": "CALLAO", "PROVINCIA": "CALLAO", "DISTRITO": "LA PERLA", "TIPO_DE_DENUNCIA": "DENUNCIA", "SITUACION_DENUNCIA": "RESUELTA", "TIPO": "PATRIMONIO (DELITO)", "SUBTIPO": "ROBO", "MODALIDAD": "ROBO AGRAVADO", "FECHA_HECHO": 20240203, "HORA_HECHO": 1330, "UBICACION": "CALLE LOS CORALES CON CALLE LOS OPALOS", "DESCRIPCION": "LA PERLA", "FECHA_NACIMIENTO": 19441212, "EDAD_PERSONA": 79, "SEXO": "MASCULINO", "ESTADO_CIVIL": "CASADO(A)", "GRADO_INSTRUCCION": "NO INDICA", "OCUPACION": "NO INDICA", "PAIS_NATAL": "PERU", "LONGITUD": -77.10721537000001, "LATITUD": -12.07110487, "Año": "2024", "Mes": "02" }, "geometry": { "type": "Point", "coordinates": [ 270623.240867038897704, 8664701.323672028258443 ] } },
{ "type": "Feature", "properties": { "id": "1453", "FECHA_CORTE": 20240425, "FECHA_REGISTRO": 20240203, "ID_DOC_DENUNCIA": "1f5c0e5932d1a98860bea6a3b107d803bfa2407506234aa291cf57b527750d19", "UBIGEO": 70104, "DEPARTAMENTO": "CALLAO", "PROVINCIA": "CALLAO", "DISTRITO": "LA PERLA", "TIPO_DE_DENUNCIA": "DENUNCIA", "SITUACION_DENUNCIA": "RESUELTA", "TIPO": "PATRIMONIO (DELITO)", "SUBTIPO": "ROBO", "MODALIDAD": "ROBO AGRAVADO A MANO ARMADA", "FECHA_HECHO": 20240203, "HORA_HECHO": 1330, "UBICACION": "CALLE LOS CORALES CON CALLE LOS OPALOS", "DESCRIPCION": "LA PERLA", "FECHA_NACIMIENTO": 19441212, "EDAD_PERSONA": 79, "SEXO": "MASCULINO", "ESTADO_CIVIL": "CASADO(A)", "GRADO_INSTRUCCION": "NO INDICA", "OCUPACION": "NO INDICA", "PAIS_NATAL": "PERU", "LONGITUD": -77.11159273, "LATITUD": -12.07492379, "Año": "2024", "Mes": "02" }, "geometry": { "type": "Point", "coordinates": [ 270149.81265629187692, 8664275.097403077408671 ] } },
{ "type": "Feature", "properties": { "id": "1459", "FECHA_CORTE": 20240425, "FECHA_REGISTRO": 20240217, "ID_DOC_DENUNCIA": "380a87010135622916e37d83f4946ff559d3e9abba069e681115861a41f5057f", "UBIGEO": 70101, "DEPARTAMENTO": "CALLAO", "PROVINCIA": "CALLAO", "DISTRITO": "CALLAO", "TIPO_DE_DENUNCIA": "DENUNCIA", "SITUACION_DENUNCIA": "RESUELTA", "TIPO": "PATRIMONIO (DELITO)", "SUBTIPO": "ROBO", "MODALIDAD": "ROBO DE CELULAR", "FECHA_HECHO": 20240217, "HORA_HECHO": 2130, "UBICACION": "AV. PERU CUADRA 44 CALLAO", "DESCRIPCION": "BOCANEGRA", "FECHA_NACIMIENTO": 20040912, "EDAD_PERSONA": 19, "SEXO": "MASCULINO", "ESTADO_CIVIL": "SOLTERO(A)", "GRADO_INSTRUCCION": "SECUNDARIA", "OCUPACION": "INDEPENDIENTE", "PAIS_NATAL": "PERU", "LONGITUD": -77.09482193, "LATITUD": -12.02804729, "Año": "2024", "Mes": "02" }, "geometry": { "type": "Point", "coordinates": [ 271936.47926495160209, 8669475.843666732311249 ] } },
{ "type": "Feature", "properties": { "id": "1477", "FECHA_CORTE": 20240425, "FECHA_REGISTRO": 20240226, "ID_DOC_DENUNCIA": "f3cf7ff014da1067a464841fa599be44716ca507b69b2976721af2040aaed145", "UBIGEO": 70107, "DEPARTAMENTO": "CALLAO", "PROVINCIA": "CALLAO", "DISTRITO": "MI PERU", "TIPO_DE_DENUNCIA": "ACTA DE INTERVENCION", "SITUACION_DENUNCIA": "RESUELTA", "TIPO": "PATRIMONIO (DELITO)", "SUBTIPO": "HURTO", "MODALIDAD": "HURTO", "FECHA_HECHO": 20240226, "HORA_HECHO": 820, "UBICACION": "EN LA PUERTA PRINCIPAL DEL CENTRO COMERCIAL PLAZA VEA DE VENTANILLA  VENTANILLA", "DESCRIPCION": "MI PERU", "FECHA_NACIMIENTO": 20080505, "EDAD_PERSONA": 15, "SEXO": "MASCULINO", "ESTADO_CIVIL": "NO INDICA", "GRADO_INSTRUCCION": "NO INDICA", "OCUPACION": "ESTUDIANTE", "PAIS_NATAL": "PERU", "LONGITUD": -77.1267362, "LATITUD": -11.8725209, "Año": "2024", "Mes": "02" }, "geometry": { "type": "Point", "coordinates": [ 268328.186886695795693, 8686657.798726957291365 ] } },
{ "type": "Feature", "properties": { "id": "1478", "FECHA_CORTE": 20240425, "FECHA_REGISTRO": 20240202, "ID_DOC_DENUNCIA": "2214d005c0676c30681bf87d71c167414b3899f8ca21ab5a4d706fffbcdccf27", "UBIGEO": 70101, "DEPARTAMENTO": "CALLAO", "PROVINCIA": "CALLAO", "DISTRITO": "CALLAO", "TIPO_DE_DENUNCIA": "DENUNCIA", "SITUACION_DENUNCIA": "RESUELTA", "TIPO": "PATRIMONIO (DELITO)", "SUBTIPO": "HURTO", "MODALIDAD": "HURTO", "FECHA_HECHO": 20240202, "HORA_HECHO": 740, "UBICACION": "AV EL OLIVAR CDRA 47 CALLAO", "DESCRIPCION": "PLAYA RIMAC", "FECHA_NACIMIENTO": 19960608, "EDAD_PERSONA": 27, "SEXO": "FEMENINO", "ESTADO_CIVIL": "SOLTERO(A)", "GRADO_INSTRUCCION": "SECUNDARIA", "OCUPACION": "NO INDICA", "PAIS_NATAL": "PERU", "LONGITUD": -77.092821, "LATITUD": -12.02005558, "Año": "2024", "Mes": "02" }, "geometry": { "type": "Point", "coordinates": [ 272147.678307567723095, 8670361.755454419180751 ] } },
{ "type": "Feature", "properties": { "id": "1480", "FECHA_CORTE": 20240425, "FECHA_REGISTRO": 20240201, "ID_DOC_DENUNCIA": "8f935b8f5861698095946bc845df40de1214d29567222238effa940e299c3f4e", "UBIGEO": 70101, "DEPARTAMENTO": "CALLAO", "PROVINCIA": "CALLAO", "DISTRITO": "CALLAO", "TIPO_DE_DENUNCIA": "ACTA DE INTERVENCION", "SITUACION_DENUNCIA": "RESUELTA", "TIPO": "PATRIMONIO (DELITO)", "SUBTIPO": "HURTO", "MODALIDAD": "HURTO DE ACCESORIOS Y AUTOPARTES DE VEHICULOS", "FECHA_HECHO": 20240201, "HORA_HECHO": 530, "UBICACION": "CALLE TAMARUGAL 173 URB TARAPACA", "DESCRIPCION": "LA LEGUA", "FECHA_NACIMIENTO": 20010107, "EDAD_PERSONA": 23, "SEXO": "MASCULINO", "ESTADO_CIVIL": "SOLTERO(A)", "GRADO_INSTRUCCION": "SECUNDARIA", "OCUPACION": "NO INDICA", "PAIS_NATAL": "PERU", "LONGITUD": -77.10162426, "LATITUD": -12.05328503, "Año": "2024", "Mes": "02" }, "geometry": { "type": "Point", "coordinates": [ 271216.980807366780937, 8666677.71278447471559 ] } },
{ "type": "Feature", "properties": { "id": "1482", "FECHA_CORTE": 20240425, "FECHA_REGISTRO": 20240205, "ID_DOC_DENUNCIA": "71a0dfb86a9cb2a035e3972611703dbeae7cab07a44541ce326f50ce3e8e4015", "UBIGEO": 70104, "DEPARTAMENTO": "CALLAO", "PROVINCIA": "CALLAO", "DISTRITO": "LA PERLA", "TIPO_DE_DENUNCIA": "OCURRENCIA", "SITUACION_DENUNCIA": "RESUELTA", "TIPO": "PATRIMONIO (DELITO)", "SUBTIPO": "HURTO", "MODALIDAD": "HURTO", "FECHA_HECHO": 20240201, "HORA_HECHO": 930, "UBICACION": "HOSPEDAJE PARAISO CALLE FELIPE PINGLO NRO 012 LA PERLA", "DESCRIPCION": "LA PERLA", "FECHA_NACIMIENTO": 19880804, "EDAD_PERSONA": 35, "SEXO": "MASCULINO", "ESTADO_CIVIL": "CASADO(A)", "GRADO_INSTRUCCION": "NO INDICA", "OCUPACION": "DESPACHADOR ADUANAS", "PAIS_NATAL": "PERU", "LONGITUD": -77.11044, "LATITUD": -12.0681178, "Año": "2024", "Mes": "02" }, "geometry": { "type": "Point", "coordinates": [ 270269.537588508625049, 8665029.131503662094474 ] } },
{ "type": "Feature", "properties": { "id": "1483", "FECHA_CORTE": 20240425, "FECHA_REGISTRO": 20240223, "ID_DOC_DENUNCIA": "8180676d8bf5c70edcc08bb5247053281dadc1d54e6f6ce1a3068867b4e015b8", "UBIGEO": 70101, "DEPARTAMENTO": "CALLAO", "PROVINCIA": "CALLAO", "DISTRITO": "CALLAO", "TIPO_DE_DENUNCIA": "ACTA DE DENUNCIA VERBAL", "SITUACION_DENUNCIA": "PENDIENTE", "TIPO": "PATRIMONIO (DELITO)", "SUBTIPO": "HURTO", "MODALIDAD": "HURTO", "FECHA_HECHO": 20240223, "HORA_HECHO": 2040, "UBICACION": "ATALAYA 671  CALLAO 07021  PERU", "DESCRIPCION": "CIUDADELA CHALACA", "FECHA_NACIMIENTO": 19730909, "EDAD_PERSONA": 50, "SEXO": "MASCULINO", "ESTADO_CIVIL": "CASADO(A)", "GRADO_INSTRUCCION": "NO INDICA", "OCUPACION": "NO INDICA", "PAIS_NATAL": "PERU", "LONGITUD": -77.1327502, "LATITUD": -12.0469431, "Año": "2024", "Mes": "02" }, "geometry": { "type": "Point", "coordinates": [ 267821.724095046054572, 8667353.271206920966506 ] } },
{ "type": "Feature", "properties": { "id": "1494", "FECHA_CORTE": 20240425, "FECHA_REGISTRO": 20240228, "ID_DOC_DENUNCIA": "8f0bc53a329069fdcbf471b8aa7d646cb93e04dfb76a97d00a5b19a6cc341df5", "UBIGEO": 70101, "DEPARTAMENTO": "CALLAO", "PROVINCIA": "CALLAO", "DISTRITO": "CALLAO", "TIPO_DE_DENUNCIA": "DENUNCIA", "SITUACION_DENUNCIA": "PENDIENTE", "TIPO": "PATRIMONIO (DELITO)", "SUBTIPO": "HURTO", "MODALIDAD": "HURTO", "FECHA_HECHO": 20240228, "HORA_HECHO": 530, "UBICACION": "JR SALAVERRY CDRA 01  CALLAO", "DESCRIPCION": "CALLAO", "FECHA_NACIMIENTO": 19720826, "EDAD_PERSONA": 51, "SEXO": "MASCULINO", "ESTADO_CIVIL": "CASADO(A)", "GRADO_INSTRUCCION": "NO INDICA", "OCUPACION": "NO INDICA", "PAIS_NATAL": "PERU", "LONGITUD": -77.0916066, "LATITUD": -12.0247605, "Año": "2024", "Mes": "02" }, "geometry": { "type": "Point", "coordinates": [ 272283.908292334934231, 8669842.181230837479234 ] } },
{ "type": "Feature", "properties": { "id": "1500", "FECHA_CORTE": 20240425, "FECHA_REGISTRO": 20240208, "ID_DOC_DENUNCIA": "45ea29b0b9631d4db05cbe4249ce948071ae6fe9d5c51503a1f2efb8d1b19e14", "UBIGEO": 70101, "DEPARTAMENTO": "CALLAO", "PROVINCIA": "CALLAO", "DISTRITO": "CALLAO", "TIPO_DE_DENUNCIA": "DENUNCIA", "SITUACION_DENUNCIA": "RESUELTA", "TIPO": "PATRIMONIO (DELITO)", "SUBTIPO": "ROBO", "MODALIDAD": "ROBO AGRAVADO A MANO ARMADA", "FECHA_HECHO": 20240208, "HORA_HECHO": 2000, "UBICACION": "INTERSECCION DE LA AV PACASMAYO CON EL JIRON LOS ALGARROBOS", "DESCRIPCION": "BOCANEGRA", "FECHA_NACIMIENTO": 19660529, "EDAD_PERSONA": 57, "SEXO": "MASCULINO", "ESTADO_CIVIL": "CASADO(A)", "GRADO_INSTRUCCION": "NO INDICA", "OCUPACION": "CONTADOR", "PAIS_NATAL": "PERU", "LONGITUD": -77.09338367, "LATITUD": -12.02151288, "Año": "2024", "Mes": "02" }, "geometry": { "type": "Point", "coordinates": [ 272087.621018739766441, 8670200.044442653656006 ] } },
{ "type": "Feature", "properties": { "id": "1505", "FECHA_CORTE": 20240425, "FECHA_REGISTRO": 20240210, "ID_DOC_DENUNCIA": "acc65d4ac69f9c30f093584ba47bf605b6ebe6dd9a94ec14f36e00d220180d08", "UBIGEO": 70104, "DEPARTAMENTO": "CALLAO", "PROVINCIA": "CALLAO", "DISTRITO": "LA PERLA", "TIPO_DE_DENUNCIA": "DENUNCIA", "SITUACION_DENUNCIA": "RESUELTA", "TIPO": "PATRIMONIO (DELITO)", "SUBTIPO": "HURTO", "MODALIDAD": "HURTO", "FECHA_HECHO": 20240210, "HORA_HECHO": 900, "UBICACION": "JR. HUASCAR 1160  LA PERLA CALLAO", "DESCRIPCION": "LA PERLA", "FECHA_NACIMIENTO": 19681216, "EDAD_PERSONA": 55, "SEXO": "FEMENINO", "ESTADO_CIVIL": "CASADO(A)", "GRADO_INSTRUCCION": "NO INDICA", "OCUPACION": "PSICOLOGA", "PAIS_NATAL": "PERU", "LONGITUD": -77.123983, "LATITUD": -12.0714528, "Año": "2024", "Mes": "02" }, "geometry": { "type": "Point", "coordinates": [ 268797.566924528917298, 8664648.719465561211109 ] } },
{ "type": "Feature", "properties": { "id": "1507", "FECHA_CORTE": 20240425, "FECHA_REGISTRO": 20240210, "ID_DOC_DENUNCIA": "af10e1983ddba3a842a006005d860d8c172fc3085611f75d9cfb925c2e022ea8", "UBIGEO": 70104, "DEPARTAMENTO": "CALLAO", "PROVINCIA": "CALLAO", "DISTRITO": "LA PERLA", "TIPO_DE_DENUNCIA": "DENUNCIA", "SITUACION_DENUNCIA": "RESUELTA", "TIPO": "PATRIMONIO (DELITO)", "SUBTIPO": "HURTO", "MODALIDAD": "HURTO DE VEHICULO", "FECHA_HECHO": 20240210, "HORA_HECHO": 500, "UBICACION": "UNIDAD LA PERLA BLOCK K 107  LA PERLA ? CALLAO", "DESCRIPCION": "LA PERLA", "FECHA_NACIMIENTO": 19731215, "EDAD_PERSONA": 50, "SEXO": "FEMENINO", "ESTADO_CIVIL": "CASADO(A)", "GRADO_INSTRUCCION": "NO INDICA", "OCUPACION": "NO INDICA", "PAIS_NATAL": "PERU", "LONGITUD": -77.1261819, "LATITUD": -12.0682766, "Año": "2024", "Mes": "02" }, "geometry": { "type": "Point", "coordinates": [ 268555.380277340067551, 8664998.303217809647322 ] } },
{ "type": "Feature", "properties": { "id": "1509", "FECHA_CORTE": 20240425, "FECHA_REGISTRO": 20240201, "ID_DOC_DENUNCIA": "c8d8044b08b85a53638ae839a572b28431af13e790764f18184e3391a9bc0521", "UBIGEO": 70104, "DEPARTAMENTO": "CALLAO", "PROVINCIA": "CALLAO", "DISTRITO": "LA PERLA", "TIPO_DE_DENUNCIA": "ACTA DE DENUNCIA VERBAL", "SITUACION_DENUNCIA": "RESUELTA", "TIPO": "PATRIMONIO (DELITO)", "SUBTIPO": "HURTO", "MODALIDAD": "HURTO DE VEHICULO", "FECHA_HECHO": 20240201, "HORA_HECHO": 825, "UBICACION": "AV. LA MARINA Nº 325 LA PERLA CALLAO", "DESCRIPCION": "LA PERLA", "FECHA_NACIMIENTO": 19940828, "EDAD_PERSONA": 29, "SEXO": "MASCULINO", "ESTADO_CIVIL": "SOLTERO(A)", "GRADO_INSTRUCCION": "SECUNDARIA", "OCUPACION": "INDEPENDIENTE", "PAIS_NATAL": "VENEZUELA", "LONGITUD": -77.1172065, "LATITUD": -12.0669163, "Año": "2024", "Mes": "02" }, "geometry": { "type": "Point", "coordinates": [ 269531.63984274386894, 8665156.38862169533968 ] } },
{ "type": "Feature", "properties": { "id": "1512", "FECHA_CORTE": 20240425, "FECHA_REGISTRO": 20240215, "ID_DOC_DENUNCIA": "4b226a2a96d2c835ddb08a85552d92d2e1f85d0cfa26967f2c0370973db9a7ce", "UBIGEO": 70101, "DEPARTAMENTO": "CALLAO", "PROVINCIA": "CALLAO", "DISTRITO": "CALLAO", "TIPO_DE_DENUNCIA": "DENUNCIA", "SITUACION_DENUNCIA": "RESUELTA", "TIPO": "PATRIMONIO (DELITO)", "SUBTIPO": "ROBO", "MODALIDAD": "ROBO AGRAVADO", "FECHA_HECHO": 20240215, "HORA_HECHO": 2130, "UBICACION": "AV MONTEAGUDO CON AV TUMBES", "DESCRIPCION": "RAMON CASTILLA", "FECHA_NACIMIENTO": 19750607, "EDAD_PERSONA": 48, "SEXO": "MASCULINO", "ESTADO_CIVIL": "CASADO(A)", "GRADO_INSTRUCCION": "NO INDICA", "OCUPACION": "NO INDICA", "PAIS_NATAL": "PERU", "LONGITUD": -77.10931744, "LATITUD": -12.02908598, "Año": "2024", "Mes": "02" }, "geometry": { "type": "Point", "coordinates": [ 270358.580048004747368, 8669348.8395458124578 ] } },
{ "type": "Feature", "properties": { "id": "1514", "FECHA_CORTE": 20240425, "FECHA_REGISTRO": 20240228, "ID_DOC_DENUNCIA": "1bdd0ded8eb595f546333e776dd3ef9d2f3d8904e2b7202de969201800c9b90f", "UBIGEO": 70101, "DEPARTAMENTO": "CALLAO", "PROVINCIA": "CALLAO", "DISTRITO": "CALLAO", "TIPO_DE_DENUNCIA": "ACTA DE DENUNCIA VERBAL", "SITUACION_DENUNCIA": "PENDIENTE", "TIPO": "PATRIMONIO (DELITO)", "SUBTIPO": "ROBO", "MODALIDAD": "ROBO AGRAVADO", "FECHA_HECHO": 20240228, "HORA_HECHO": 1715, "UBICACION": "PASAJE EL SOL CON LA CALLE LOS DIAMANTES", "DESCRIPCION": "LA LEGUA", "FECHA_NACIMIENTO": 19730403, "EDAD_PERSONA": 50, "SEXO": "MASCULINO", "ESTADO_CIVIL": "CASADO(A)", "GRADO_INSTRUCCION": "NO INDICA", "OCUPACION": "SO BRIG PNP", "PAIS_NATAL": "PERU", "LONGITUD": -77.1095824, "LATITUD": -12.045868, "Año": "2024", "Mes": "02" }, "geometry": { "type": "Point", "coordinates": [ 270343.986867981031537, 8667491.733400402590632 ] } },
{ "type": "Feature", "properties": { "id": "1515", "FECHA_CORTE": 20240425, "FECHA_REGISTRO": 20240218, "ID_DOC_DENUNCIA": "0cf83e82072e74f5663deae351ef6b11866b4829d744a98961771d2d6051fbb1", "UBIGEO": 70107, "DEPARTAMENTO": "CALLAO", "PROVINCIA": "CALLAO", "DISTRITO": "MI PERU", "TIPO_DE_DENUNCIA": "ACTA DE INTERVENCION", "SITUACION_DENUNCIA": "RESUELTA", "TIPO": "PATRIMONIO (DELITO)", "SUBTIPO": "HURTO", "MODALIDAD": "HURTO", "FECHA_HECHO": 20240217, "HORA_HECHO": 1635, "UBICACION": "JIRON CUSCO CON LA AVENIDA HUAURA MI PERU", "DESCRIPCION": "MI PERU", "FECHA_NACIMIENTO": 19941201, "EDAD_PERSONA": 29, "SEXO": "FEMENINO", "ESTADO_CIVIL": "CONVIVIENTE", "GRADO_INSTRUCCION": "NO INDICA", "OCUPACION": "AMA DE CASA", "PAIS_NATAL": "PERU", "LONGITUD": -77.12310659000001, "LATITUD": -11.85168018, "Año": "2024", "Mes": "02" }, "geometry": { "type": "Point", "coordinates": [ 268706.165665636188351, 8688966.780609672889113 ] } },
{ "type": "Feature", "properties": { "id": "1526", "FECHA_CORTE": 20240425, "FECHA_REGISTRO": 20240223, "ID_DOC_DENUNCIA": "0c47a7d58efd10993b2dd0d9691f59aa4c6f71c9a240575fea77bd43f51800c4", "UBIGEO": 70101, "DEPARTAMENTO": "CALLAO", "PROVINCIA": "CALLAO", "DISTRITO": "CALLAO", "TIPO_DE_DENUNCIA": "OCURRENCIA", "SITUACION_DENUNCIA": "PENDIENTE", "TIPO": "PATRIMONIO (DELITO)", "SUBTIPO": "HURTO", "MODALIDAD": "HURTO AGRAVADO", "FECHA_HECHO": 20240223, "HORA_HECHO": 100, "UBICACION": "MZ A LT 05 SANTA LUISA 2 OQUENDO CALLAO", "DESCRIPCION": "OQUENDO", "FECHA_NACIMIENTO": 19750625, "EDAD_PERSONA": 48, "SEXO": "MASCULINO", "ESTADO_CIVIL": "CASADO(A)", "GRADO_INSTRUCCION": "NO INDICA", "OCUPACION": "NO INDICA", "PAIS_NATAL": "PERU", "LONGITUD": -77.1327577, "LATITUD": -11.9907526, "Año": "2024", "Mes": "02" }, "geometry": { "type": "Point", "coordinates": [ 267772.692203109152615, 8673570.668493397533894 ] } },
{ "type": "Feature", "properties": { "id": "1527", "FECHA_CORTE": 20240425, "FECHA_REGISTRO": 20240221, "ID_DOC_DENUNCIA": "1af39bd33fae7b4f3c12407e70437ce1e42eab2b677f6dc954fc6957d7d636b1", "UBIGEO": 70101, "DEPARTAMENTO": "CALLAO", "PROVINCIA": "CALLAO", "DISTRITO": "CALLAO", "TIPO_DE_DENUNCIA": "ACTA DE DENUNCIA VERBAL", "SITUACION_DENUNCIA": "RESUELTA", "TIPO": "PATRIMONIO (DELITO)", "SUBTIPO": "HURTO", "MODALIDAD": "HURTO", "FECHA_HECHO": 20240221, "HORA_HECHO": 1000, "UBICACION": "MZ E1 LOTE 20 AA. HH SARITA COLONIA CALLAO  PERU", "DESCRIPCION": "SARITA COLONIA", "FECHA_NACIMIENTO": 19711110, "EDAD_PERSONA": 52, "SEXO": "FEMENINO", "ESTADO_CIVIL": "CASADO(A)", "GRADO_INSTRUCCION": "NO INDICA", "OCUPACION": "NO INDICA", "PAIS_NATAL": "PERU", "LONGITUD": -77.133416, "LATITUD": -12.0238679, "Año": "2024", "Mes": "02" }, "geometry": { "type": "Point", "coordinates": [ 267729.379063692991622, 8669905.951112300157547 ] } },
{ "type": "Feature", "properties": { "id": "1530", "FECHA_CORTE": 20240425, "FECHA_REGISTRO": 20240229, "ID_DOC_DENUNCIA": "7badb26581c8dd0ed50cd4b2d3fc083565ee1f2d82b943215c25e4e345c30721", "UBIGEO": 70101, "DEPARTAMENTO": "CALLAO", "PROVINCIA": "CALLAO", "DISTRITO": "CALLAO", "TIPO_DE_DENUNCIA": "ACTA DE INTERVENCION", "SITUACION_DENUNCIA": "PENDIENTE", "TIPO": "PATRIMONIO (DELITO)", "SUBTIPO": "HURTO", "MODALIDAD": "HURTO AGRAVADO", "FECHA_HECHO": 20240229, "HORA_HECHO": 1835, "UBICACION": "JR SUPE CALLAO POR LA ANTIGUA MUNICIPALIDAD DEL CALLAO", "DESCRIPCION": "CIUDADELA CHALACA", "FECHA_NACIMIENTO": 19640126, "EDAD_PERSONA": 60, "SEXO": "MASCULINO", "ESTADO_CIVIL": "CASADO(A)", "GRADO_INSTRUCCION": "NO INDICA", "OCUPACION": "NO INDICA", "PAIS_NATAL": "PERU", "LONGITUD": -77.1296988, "LATITUD": -12.0542864, "Año": "2024", "Mes": "02" }, "geometry": { "type": "Point", "coordinates": [ 268160.358760026632808, 8666543.326002396643162 ] } },
{ "type": "Feature", "properties": { "id": "1556", "FECHA_CORTE": 20240425, "FECHA_REGISTRO": 20240225, "ID_DOC_DENUNCIA": "311fb7d9f77f444b1fc3350f772a482d30b0d5bc15d5d7b0de5ecc1d9d749d00", "UBIGEO": 70101, "DEPARTAMENTO": "CALLAO", "PROVINCIA": "CALLAO", "DISTRITO": "CALLAO", "TIPO_DE_DENUNCIA": "DENUNCIA", "SITUACION_DENUNCIA": "PENDIENTE", "TIPO": "PATRIMONIO (DELITO)", "SUBTIPO": "ROBO", "MODALIDAD": "ROBO", "FECHA_HECHO": 20240225, "HORA_HECHO": 530, "UBICACION": "INMEDIACIONES DEL PARQUE SANTA CRUZ", "DESCRIPCION": "RAMON CASTILLA", "FECHA_NACIMIENTO": 19760205, "EDAD_PERSONA": 48, "SEXO": "MASCULINO", "ESTADO_CIVIL": "CASADO(A)", "GRADO_INSTRUCCION": "NO INDICA", "OCUPACION": "NO INDICA", "PAIS_NATAL": "PERU", "LONGITUD": -77.09500268, "LATITUD": -12.05285651, "Año": "2024", "Mes": "02" }, "geometry": { "type": "Point", "coordinates": [ 271937.740234779193997, 8666730.644317610189319 ] } },
{ "type": "Feature", "properties": { "id": "1558", "FECHA_CORTE": 20240425, "FECHA_REGISTRO": 20240209, "ID_DOC_DENUNCIA": "290b3b0d21d31a489c425febb35cfb481ea40e35f820c7fc04b8cea7e0c386ce", "UBIGEO": 70101, "DEPARTAMENTO": "CALLAO", "PROVINCIA": "CALLAO", "DISTRITO": "CALLAO", "TIPO_DE_DENUNCIA": "DENUNCIA", "SITUACION_DENUNCIA": "PENDIENTE", "TIPO": "PATRIMONIO (DELITO)", "SUBTIPO": "HURTO", "MODALIDAD": "HURTO AGRAVADO", "FECHA_HECHO": 20240209, "HORA_HECHO": 1800, "UBICACION": "ARGENTINA 3441", "DESCRIPCION": "DEPINCRI CALLAO/LA PUNTA", "FECHA_NACIMIENTO": 19570414, "EDAD_PERSONA": 66, "SEXO": "FEMENINO", "ESTADO_CIVIL": "CASADO(A)", "GRADO_INSTRUCCION": "NO INDICA", "OCUPACION": "INGENIERA QUIMICA", "PAIS_NATAL": "PERU", "LONGITUD": -77.10636356000001, "LATITUD": -12.03196551, "Año": "2024", "Mes": "02" }, "geometry": { "type": "Point", "coordinates": [ 270682.744849774462637, 8669032.695973206311464 ] } },
{ "type": "Feature", "properties": { "id": "1575", "FECHA_CORTE": 20240425, "FECHA_REGISTRO": 20240223, "ID_DOC_DENUNCIA": "960e0160178c81f4f773e7b7385649b95ff7967de9da9d6c9d67708319d88ab1", "UBIGEO": 70103, "DEPARTAMENTO": "CALLAO", "PROVINCIA": "CALLAO", "DISTRITO": "CARMEN DE LA LEGUA REYNOSO", "TIPO_DE_DENUNCIA": "ACTA DE INTERVENCION", "SITUACION_DENUNCIA": "RESUELTA", "TIPO": "PATRIMONIO (DELITO)", "SUBTIPO": "HURTO", "MODALIDAD": "HURTO", "FECHA_HECHO": 20240222, "HORA_HECHO": 1514, "UBICACION": "JR. ANGEL QUISPE CDRA  02 - VILLA SEÑOR DE LOS MILAGROS CARMEN DE LA LEGUA - REYNOSO 07006 ", "DESCRIPCION": "CARMEN DE LA LEGUA", "FECHA_NACIMIENTO": 19730601, "EDAD_PERSONA": 50, "SEXO": "MASCULINO", "ESTADO_CIVIL": "CASADO(A)", "GRADO_INSTRUCCION": "NO INDICA", "OCUPACION": "CONDUCTOR", "PAIS_NATAL": "PERU", "LONGITUD": -77.08624731, "LATITUD": -12.0410772, "Año": "2024", "Mes": "02" }, "geometry": { "type": "Point", "coordinates": [ 272881.329645284160506, 8668041.243895111605525 ] } },
{ "type": "Feature", "properties": { "id": "1577", "FECHA_CORTE": 20240425, "FECHA_REGISTRO": 20240226, "ID_DOC_DENUNCIA": "e31798831434f325b587e2a2ad8b6fe9b92bc9e9c2daa66d992259516adb57af", "UBIGEO": 70103, "DEPARTAMENTO": "CALLAO", "PROVINCIA": "CALLAO", "DISTRITO": "CARMEN DE LA LEGUA REYNOSO", "TIPO_DE_DENUNCIA": "DENUNCIA", "SITUACION_DENUNCIA": "RESUELTA", "TIPO": "PATRIMONIO (DELITO)", "SUBTIPO": "HURTO", "MODALIDAD": "HURTO AGRAVADO", "FECHA_HECHO": 20240226, "HORA_HECHO": 2100, "UBICACION": "JR. VICTORIA NAVARRO CDRA 06- VILLA SEÑOR DE LOS MILAGROS  CARMEN DE LA LEGUA - REYNOSO 07006  PERU", "DESCRIPCION": "CARMEN DE LA LEGUA", "FECHA_NACIMIENTO": 19730405, "EDAD_PERSONA": 50, "SEXO": "MASCULINO", "ESTADO_CIVIL": "CASADO(A)", "GRADO_INSTRUCCION": "NO INDICA", "OCUPACION": "MARINO EN RETIRO", "PAIS_NATAL": "PERU", "LONGITUD": -77.0881034, "LATITUD": -12.04083586, "Año": "2024", "Mes": "02" }, "geometry": { "type": "Point", "coordinates": [ 272678.981654596980661, 8668066.410308817401528 ] } },
{ "type": "Feature", "properties": { "id": "1586", "FECHA_CORTE": 20240425, "FECHA_REGISTRO": 20240226, "ID_DOC_DENUNCIA": "1ebebad176f960dff13db9be4ea53c2ab00eff68aee9837c9574d9ed4f460412", "UBIGEO": 70101, "DEPARTAMENTO": "CALLAO", "PROVINCIA": "CALLAO", "DISTRITO": "CALLAO", "TIPO_DE_DENUNCIA": "OCURRENCIA", "SITUACION_DENUNCIA": "PENDIENTE", "TIPO": "PATRIMONIO (DELITO)", "SUBTIPO": "HURTO", "MODALIDAD": "HURTO AGRAVADO", "FECHA_HECHO": 20240224, "HORA_HECHO": 1345, "UBICACION": "PASAJE EL SOL MZ. A LT. 23", "DESCRIPCION": "LA LEGUA", "FECHA_NACIMIENTO": 19861226, "EDAD_PERSONA": 37, "SEXO": "FEMENINO", "ESTADO_CIVIL": "CASADO(A)", "GRADO_INSTRUCCION": "NO INDICA", "OCUPACION": "NO INDICA", "PAIS_NATAL": "PERU", "LONGITUD": -77.1259843, "LATITUD": -12.0508491, "Año": "2024", "Mes": "02" }, "geometry": { "type": "Point", "coordinates": [ 268561.942904468858615, 8666926.796845387667418 ] } },
{ "type": "Feature", "properties": { "id": "1593", "FECHA_CORTE": 20240425, "FECHA_REGISTRO": 20240201, "ID_DOC_DENUNCIA": "8730134e56eac359bcc7458ecd697ae9bfae19851edabfe42098639b37176703", "UBIGEO": 70101, "DEPARTAMENTO": "CALLAO", "PROVINCIA": "CALLAO", "DISTRITO": "CALLAO", "TIPO_DE_DENUNCIA": "ACTA DE INTERVENCION", "SITUACION_DENUNCIA": "RESUELTA", "TIPO": "PATRIMONIO (DELITO)", "SUBTIPO": "HURTO", "MODALIDAD": "HURTO AGRAVADO", "FECHA_HECHO": 20240131, "HORA_HECHO": 1820, "UBICACION": "INTERIOR DE MZ 2N LOTE 17 ASENT H DULANTO", "DESCRIPCION": "DULANTO", "FECHA_NACIMIENTO": 19691012, "EDAD_PERSONA": 54, "SEXO": "FEMENINO", "ESTADO_CIVIL": "CASADO(A)", "GRADO_INSTRUCCION": "NO INDICA", "OCUPACION": "NO INDICA", "PAIS_NATAL": "PERU", "LONGITUD": -77.11151995, "LATITUD": -11.99803797, "Año": "2024", "Mes": "02" }, "geometry": { "type": "Point", "coordinates": [ 270092.329086201731116, 8672782.373473597690463 ] } },
{ "type": "Feature", "properties": { "id": "1594", "FECHA_CORTE": 20240425, "FECHA_REGISTRO": 20240220, "ID_DOC_DENUNCIA": "1aeb0191f2ec90ccf5a58281f8a8cda0202a7ae11ec549dfb7e035b21be1726b", "UBIGEO": 70103, "DEPARTAMENTO": "CALLAO", "PROVINCIA": "CALLAO", "DISTRITO": "CARMEN DE LA LEGUA REYNOSO", "TIPO_DE_DENUNCIA": "DENUNCIA", "SITUACION_DENUNCIA": "RESUELTA", "TIPO": "PATRIMONIO (DELITO)", "SUBTIPO": "ROBO", "MODALIDAD": "ROBO AGRAVADO DURANTE LA NOCHE O EN LUGAR DESOLADO", "FECHA_HECHO": 20240220, "HORA_HECHO": 2130, "UBICACION": "AV.MORALES DUAREZ CDRA 01  CARMEN DE LA LEGUA - REYNOSO 07006  PERU", "DESCRIPCION": "CARMEN DE LA LEGUA", "FECHA_NACIMIENTO": 19920313, "EDAD_PERSONA": 31, "SEXO": "MASCULINO", "ESTADO_CIVIL": "CASADO(A)", "GRADO_INSTRUCCION": "NO INDICA", "OCUPACION": "SEGURIDAD", "PAIS_NATAL": "PERU", "LONGITUD": -77.0881034, "LATITUD": -12.0406365, "Año": "2024", "Mes": "02" }, "geometry": { "type": "Point", "coordinates": [ 272678.813879446010105, 8668088.468673523515463 ] } },
{ "type": "Feature", "properties": { "id": "1595", "FECHA_CORTE": 20240425, "FECHA_REGISTRO": 20240204, "ID_DOC_DENUNCIA": "868f2f218515f697fc1329779681eff2b88f9463f3f84c717ce012fa171b54d0", "UBIGEO": 70101, "DEPARTAMENTO": "CALLAO", "PROVINCIA": "CALLAO", "DISTRITO": "CALLAO", "TIPO_DE_DENUNCIA": "ACTA DE INTERVENCION", "SITUACION_DENUNCIA": "RESUELTA", "TIPO": "PATRIMONIO (DELITO)", "SUBTIPO": "ROBO", "MODALIDAD": "ROBO", "FECHA_HECHO": 20240201, "HORA_HECHO": 1340, "UBICACION": "COLEGIO SARITA COLONIA 5082 CALLAO", "DESCRIPCION": "SARITA COLONIA", "FECHA_NACIMIENTO": 19670829, "EDAD_PERSONA": 56, "SEXO": "FEMENINO", "ESTADO_CIVIL": "CASADO(A)", "GRADO_INSTRUCCION": "NO INDICA", "OCUPACION": "NO INDICA", "PAIS_NATAL": "PERU", "LONGITUD": -77.13242199, "LATITUD": -12.02311922, "Año": "2024", "Mes": "02" }, "geometry": { "type": "Point", "coordinates": [ 267837.002959099947475, 8669989.631559383124113 ] } },
{ "type": "Feature", "properties": { "id": "1603", "FECHA_CORTE": 20240425, "FECHA_REGISTRO": 20240223, "ID_DOC_DENUNCIA": "01a3c76bcbcdbbb8039d6456cdeefea43f240215d7093c2d9b607fc75c506c0f", "UBIGEO": 70101, "DEPARTAMENTO": "CALLAO", "PROVINCIA": "CALLAO", "DISTRITO": "CALLAO", "TIPO_DE_DENUNCIA": "ACTA DE DENUNCIA VERBAL", "SITUACION_DENUNCIA": "RESUELTA", "TIPO": "PATRIMONIO (DELITO)", "SUBTIPO": "HURTO", "MODALIDAD": "HURTO", "FECHA_HECHO": 20240223, "HORA_HECHO": 1410, "UBICACION": "AV. ARGENTINA495", "DESCRIPCION": "CIUDADELA CHALACA", "FECHA_NACIMIENTO": 19870108, "EDAD_PERSONA": 37, "SEXO": "MASCULINO", "ESTADO_CIVIL": "CASADO(A)", "GRADO_INSTRUCCION": "NO INDICA", "OCUPACION": "NO INDICA", "PAIS_NATAL": "PERU", "LONGITUD": -77.1362635, "LATITUD": -12.0516324, "Año": "2024", "Mes": "02" }, "geometry": { "type": "Point", "coordinates": [ 267443.132183850626461, 8666831.427843412384391 ] } },
{ "type": "Feature", "properties": { "id": "1605", "FECHA_CORTE": 20240425, "FECHA_REGISTRO": 20240213, "ID_DOC_DENUNCIA": "71ba602dba5b87217155a842440cd2446ab17289f02c9a702f5bf28e20d6a294", "UBIGEO": 70101, "DEPARTAMENTO": "CALLAO", "PROVINCIA": "CALLAO", "DISTRITO": "CALLAO", "TIPO_DE_DENUNCIA": "DENUNCIA", "SITUACION_DENUNCIA": "RESUELTA", "TIPO": "PATRIMONIO (DELITO)", "SUBTIPO": "HURTO", "MODALIDAD": "HURTO", "FECHA_HECHO": 20240213, "HORA_HECHO": 1915, "UBICACION": "AV 2 CON HAYA DE LA TORRE", "DESCRIPCION": "CIUDAD DEL PESCADOR", "FECHA_NACIMIENTO": 19550809, "EDAD_PERSONA": 68, "SEXO": "FEMENINO", "ESTADO_CIVIL": "CASADO(A)", "GRADO_INSTRUCCION": "NO INDICA", "OCUPACION": "NO INDICA", "PAIS_NATAL": "PERU", "LONGITUD": -77.1338563, "LATITUD": -12.0242051, "Año": "2024", "Mes": "02" }, "geometry": { "type": "Point", "coordinates": [ 267681.711672801524401, 8669868.268141031265259 ] } },
{ "type": "Feature", "properties": { "id": "1608", "FECHA_CORTE": 20240425, "FECHA_REGISTRO": 20240214, "ID_DOC_DENUNCIA": "d94ab08c106b20fe7546430947ce46586d54931dbf312975589cd79bc4060b25", "UBIGEO": 70101, "DEPARTAMENTO": "CALLAO", "PROVINCIA": "CALLAO", "DISTRITO": "CALLAO", "TIPO_DE_DENUNCIA": "DENUNCIA", "SITUACION_DENUNCIA": "RESUELTA", "TIPO": "PATRIMONIO (DELITO)", "SUBTIPO": "HURTO", "MODALIDAD": "HURTO AGRAVADO", "FECHA_HECHO": 20240214, "HORA_HECHO": 1056, "UBICACION": "AVENIDA LA CHALACA MZ. E LT. 7 MANUEL C. DULANTO CALLAO", "DESCRIPCION": "DULANTO", "FECHA_NACIMIENTO": 19820219, "EDAD_PERSONA": 41, "SEXO": "FEMENINO", "ESTADO_CIVIL": "CASADO(A)", "GRADO_INSTRUCCION": "NO INDICA", "OCUPACION": "NO INDICA", "PAIS_NATAL": "PERU", "LONGITUD": -77.1027524, "LATITUD": -12.0453874, "Año": "2024", "Mes": "02" }, "geometry": { "type": "Point", "coordinates": [ 271087.422865665634163, 8667550.61932079307735 ] } },
{ "type": "Feature", "properties": { "id": "1610", "FECHA_CORTE": 20240425, "FECHA_REGISTRO": 20240211, "ID_DOC_DENUNCIA": "40d6a874a7ad69e5bc3179b643978914075a4cf869e17cf8130843f0bdf296b3", "UBIGEO": 70101, "DEPARTAMENTO": "CALLAO", "PROVINCIA": "CALLAO", "DISTRITO": "CALLAO", "TIPO_DE_DENUNCIA": "DENUNCIA", "SITUACION_DENUNCIA": "RESUELTA", "TIPO": "PATRIMONIO (DELITO)", "SUBTIPO": "HURTO", "MODALIDAD": "HURTO DE VEHICULO", "FECHA_HECHO": 20240211, "HORA_HECHO": 800, "UBICACION": "PASAJE UBICADO EN AVENIDA CONDE DE LEMOS 605 Y 607", "DESCRIPCION": "LA LEGUA", "FECHA_NACIMIENTO": 19610121, "EDAD_PERSONA": 63, "SEXO": "MASCULINO", "ESTADO_CIVIL": "CASADO(A)", "GRADO_INSTRUCCION": "NO INDICA", "OCUPACION": "VIGILANTE", "PAIS_NATAL": "PERU", "LONGITUD": -77.0922926, "LATITUD": -12.0488289, "Año": "2024", "Mes": "02" }, "geometry": { "type": "Point", "coordinates": [ 272229.481386232306249, 8667178.537208901718259 ] } },
{ "type": "Feature", "properties": { "id": "1613", "FECHA_CORTE": 20240425, "FECHA_REGISTRO": 20240211, "ID_DOC_DENUNCIA": "d0b34a5dfdf2731c4953b98fa634e74e0ed8c689a1358a71849f9d870e8a5e8d", "UBIGEO": 70107, "DEPARTAMENTO": "CALLAO", "PROVINCIA": "CALLAO", "DISTRITO": "MI PERU", "TIPO_DE_DENUNCIA": "OCURRENCIA", "SITUACION_DENUNCIA": "RESUELTA", "TIPO": "PATRIMONIO (DELITO)", "SUBTIPO": "HURTO", "MODALIDAD": "HURTO", "FECHA_HECHO": 20240210, "HORA_HECHO": 20, "UBICACION": "MZ M LT 01 AH VILLA DEL MAR  MI PERU", "DESCRIPCION": "MI PERU", "FECHA_NACIMIENTO": 19800301, "EDAD_PERSONA": 43, "SEXO": "FEMENINO", "ESTADO_CIVIL": "SOLTERO(A)", "GRADO_INSTRUCCION": "NO INDICA", "OCUPACION": "AMA DE CASA", "PAIS_NATAL": "PERU", "LONGITUD": -77.1186733, "LATITUD": -11.8495466, "Año": "2024", "Mes": "02" }, "geometry": { "type": "Point", "coordinates": [ 269187.54339694097871, 8689206.528946381062269 ] } },
{ "type": "Feature", "properties": { "id": "1614", "FECHA_CORTE": 20240425, "FECHA_REGISTRO": 20240208, "ID_DOC_DENUNCIA": "4488e255c0b44624cae20056ddda0d1804c6c271e16ff9e6725dd8759811b15b", "UBIGEO": 70102, "DEPARTAMENTO": "CALLAO", "PROVINCIA": "CALLAO", "DISTRITO": "BELLAVISTA", "TIPO_DE_DENUNCIA": "OCURRENCIA", "SITUACION_DENUNCIA": "RESUELTA", "TIPO": "PATRIMONIO (DELITO)", "SUBTIPO": "HURTO", "MODALIDAD": "HURTO", "FECHA_HECHO": 20240208, "HORA_HECHO": 150, "UBICACION": "CALLE LOS ZORZALES 264 BELLAVISTA", "DESCRIPCION": "CIUDAD DEL PESCADOR", "FECHA_NACIMIENTO": 19640226, "EDAD_PERSONA": 59, "SEXO": "FEMENINO", "ESTADO_CIVIL": "CASADO(A)", "GRADO_INSTRUCCION": "NO INDICA", "OCUPACION": "NO INDICA", "PAIS_NATAL": "PERU", "LONGITUD": -77.0939222, "LATITUD": -12.0595454, "Año": "2024", "Mes": "02" }, "geometry": { "type": "Point", "coordinates": [ 272061.061605901166331, 8665991.441503569483757 ] } },
{ "type": "Feature", "properties": { "id": "1615", "FECHA_CORTE": 20240425, "FECHA_REGISTRO": 20240218, "ID_DOC_DENUNCIA": "e87a9159dd51a497fc0e8c17db331f8f3724a7cbe47d6a00bdb1bf944a1c3128", "UBIGEO": 70107, "DEPARTAMENTO": "CALLAO", "PROVINCIA": "CALLAO", "DISTRITO": "MI PERU", "TIPO_DE_DENUNCIA": "ACTA DE DENUNCIA VERBAL", "SITUACION_DENUNCIA": "RESUELTA", "TIPO": "PATRIMONIO (DELITO)", "SUBTIPO": "ROBO", "MODALIDAD": "ROBO", "FECHA_HECHO": 20240218, "HORA_HECHO": 400, "UBICACION": "AV HUAURA MI PERU", "DESCRIPCION": "MI PERU", "FECHA_NACIMIENTO": 19830919, "EDAD_PERSONA": 40, "SEXO": "MASCULINO", "ESTADO_CIVIL": "SOLTERO(A)", "GRADO_INSTRUCCION": "NO INDICA", "OCUPACION": "NO INDICA", "PAIS_NATAL": "PERU", "LONGITUD": -77.12559568, "LATITUD": -11.8549562, "Año": "2024", "Mes": "02" }, "geometry": { "type": "Point", "coordinates": [ 268437.650016746018082, 8688602.231892613694072 ] } },
{ "type": "Feature", "properties": { "id": "1616", "FECHA_CORTE": 20240425, "FECHA_REGISTRO": 20240214, "ID_DOC_DENUNCIA": "c60945d459e959422d57e3c8942f8e4571d822929634cffa9fe03b34b80eacd0", "UBIGEO": 70101, "DEPARTAMENTO": "CALLAO", "PROVINCIA": "CALLAO", "DISTRITO": "CALLAO", "TIPO_DE_DENUNCIA": "ACTA DE INTERVENCION", "SITUACION_DENUNCIA": "RESUELTA", "TIPO": "PATRIMONIO (DELITO)", "SUBTIPO": "HURTO", "MODALIDAD": "HURTO", "FECHA_HECHO": 20240214, "HORA_HECHO": 930, "UBICACION": "AV. CONTRALMIRANTE MORA INTERSECCION CON LA AV. ATALAYA CALLAO", "DESCRIPCION": "CIUDADELA CHALACA", "FECHA_NACIMIENTO": 19890204, "EDAD_PERSONA": 35, "SEXO": "MASCULINO", "ESTADO_CIVIL": "CASADO(A)", "GRADO_INSTRUCCION": "NO INDICA", "OCUPACION": "NO INDICA", "PAIS_NATAL": "PERU", "LONGITUD": -77.1360737, "LATITUD": -12.0422711, "Año": "2024", "Mes": "02" }, "geometry": { "type": "Point", "coordinates": [ 267455.739235001965426, 8667867.407992769032717 ] } },
{ "type": "Feature", "properties": { "id": "1620", "FECHA_CORTE": 20240425, "FECHA_REGISTRO": 20240220, "ID_DOC_DENUNCIA": "a7e610144e942465c04b0a05955780ab9f8fa279a98f9b99285ece48bf589737", "UBIGEO": 70101, "DEPARTAMENTO": "CALLAO", "PROVINCIA": "CALLAO", "DISTRITO": "CALLAO", "TIPO_DE_DENUNCIA": "ACTA DE DENUNCIA VERBAL", "SITUACION_DENUNCIA": "PENDIENTE", "TIPO": "PATRIMONIO (DELITO)", "SUBTIPO": "HURTO", "MODALIDAD": "HURTO DE VEHICULO", "FECHA_HECHO": 20240220, "HORA_HECHO": 900, "UBICACION": "CALLE A CDRA 1 URB RENOVACION PALOMINO", "DESCRIPCION": "LA LEGUA", "FECHA_NACIMIENTO": 19711014, "EDAD_PERSONA": 52, "SEXO": "MASCULINO", "ESTADO_CIVIL": "CASADO(A)", "GRADO_INSTRUCCION": "NO INDICA", "OCUPACION": "NO INDICA", "PAIS_NATAL": "PERU", "LONGITUD": -77.10808514, "LATITUD": -12.01422327, "Año": "2024", "Mes": "02" }, "geometry": { "type": "Point", "coordinates": [ 270480.188045373768546, 8670994.384638527408242 ] } },
{ "type": "Feature", "properties": { "id": "1622", "FECHA_CORTE": 20240425, "FECHA_REGISTRO": 20240221, "ID_DOC_DENUNCIA": "c10a025d95c1bed619d3ea665e2163f43e59e0dbb3497496b8c2509e5b82ed7c", "UBIGEO": 70101, "DEPARTAMENTO": "CALLAO", "PROVINCIA": "CALLAO", "DISTRITO": "CALLAO", "TIPO_DE_DENUNCIA": "DENUNCIA", "SITUACION_DENUNCIA": "RESUELTA", "TIPO": "PATRIMONIO (DELITO)", "SUBTIPO": "ROBO", "MODALIDAD": "ROBO AGRAVADO", "FECHA_HECHO": 20240221, "HORA_HECHO": 500, "UBICACION": "CALLE RAMON CASTILLA 415 URB. JORGE CHAVEZ CALLAO", "DESCRIPCION": "BOCANEGRA", "FECHA_NACIMIENTO": 19810810, "EDAD_PERSONA": 42, "SEXO": "FEMENINO", "ESTADO_CIVIL": "CASADO(A)", "GRADO_INSTRUCCION": "NO INDICA", "OCUPACION": "PNP", "PAIS_NATAL": "PERU", "LONGITUD": -77.0989925, "LATITUD": -12.022475, "Año": "2024", "Mes": "02" }, "geometry": { "type": "Point", "coordinates": [ 271477.534182242525276, 8670088.932112762704492 ] } },
{ "type": "Feature", "properties": { "id": "1624", "FECHA_CORTE": 20240425, "FECHA_REGISTRO": 20240216, "ID_DOC_DENUNCIA": "64cd81f8c5ef836789d75a49d70d1ef42bf39417ada07b9158dd59fd30b95a16", "UBIGEO": 70101, "DEPARTAMENTO": "CALLAO", "PROVINCIA": "CALLAO", "DISTRITO": "CALLAO", "TIPO_DE_DENUNCIA": "DENUNCIA", "SITUACION_DENUNCIA": "RESUELTA", "TIPO": "PATRIMONIO (DELITO)", "SUBTIPO": "HURTO", "MODALIDAD": "HURTO DE ACCESORIOS Y AUTOPARTES DE VEHICULOS", "FECHA_HECHO": 20240216, "HORA_HECHO": 1800, "UBICACION": "AV QUILCA CRUCE AV PERU FRONTIS MERCADO 03 DE ENERO", "DESCRIPCION": "BOCANEGRA", "FECHA_NACIMIENTO": 19850924, "EDAD_PERSONA": 38, "SEXO": "FEMENINO", "ESTADO_CIVIL": "CASADO(A)", "GRADO_INSTRUCCION": "NO INDICA", "OCUPACION": "NO INDICA", "PAIS_NATAL": "PERU", "LONGITUD": -77.0957242, "LATITUD": -12.02917617, "Año": "2024", "Mes": "02" }, "geometry": { "type": "Point", "coordinates": [ 271839.161298782215454, 8669350.188037874177098 ] } },
{ "type": "Feature", "properties": { "id": "1625", "FECHA_CORTE": 20240425, "FECHA_REGISTRO": 20240227, "ID_DOC_DENUNCIA": "689d4a61d39c11876a035888b7919654e7a67f328e7cf9fb18607e6c0cdf5293", "UBIGEO": 70104, "DEPARTAMENTO": "CALLAO", "PROVINCIA": "CALLAO", "DISTRITO": "LA PERLA", "TIPO_DE_DENUNCIA": "ACTA DE DENUNCIA VERBAL", "SITUACION_DENUNCIA": "PENDIENTE", "TIPO": "PATRIMONIO (DELITO)", "SUBTIPO": "HURTO", "MODALIDAD": "HURTO", "FECHA_HECHO": 20240227, "HORA_HECHO": 620, "UBICACION": "AV LA MARINA CUADRA 06 LA PERLA", "DESCRIPCION": "LA PERLA", "FECHA_NACIMIENTO": 19950303, "EDAD_PERSONA": 28, "SEXO": "MASCULINO", "ESTADO_CIVIL": "SOLTERO(A)", "GRADO_INSTRUCCION": "SECUNDARIA", "OCUPACION": "ESTUDIANTE", "PAIS_NATAL": "PERU", "LONGITUD": -77.11470244, "LATITUD": -12.07610717, "Año": "2024", "Mes": "02" }, "geometry": { "type": "Point", "coordinates": [ 269812.186169564491138, 8664141.54505779966712 ] } },
{ "type": "Feature", "properties": { "id": "1628", "FECHA_CORTE": 20240425, "FECHA_REGISTRO": 20240227, "ID_DOC_DENUNCIA": "83ca8dd8a23ead402ed43538ade566d2bf546c7ca006ae5dc69cc98163830d97", "UBIGEO": 70101, "DEPARTAMENTO": "CALLAO", "PROVINCIA": "CALLAO", "DISTRITO": "CALLAO", "TIPO_DE_DENUNCIA": "ACTA DE INTERVENCION", "SITUACION_DENUNCIA": "PENDIENTE", "TIPO": "PATRIMONIO (DELITO)", "SUBTIPO": "HURTO", "MODALIDAD": "HURTO DE ACCESORIOS Y AUTOPARTES DE VEHICULOS", "FECHA_HECHO": 20240227, "HORA_HECHO": 1055, "UBICACION": "CDRA. 02 DEL JR. MARCO POLO (REF. FRONTIS DE LA IGLESIA SANTA ROSA) CALLAO", "DESCRIPCION": "CALLAO", "FECHA_NACIMIENTO": 19771109, "EDAD_PERSONA": 46, "SEXO": "FEMENINO", "ESTADO_CIVIL": "CASADO(A)", "GRADO_INSTRUCCION": "NO INDICA", "OCUPACION": "NO INDICA", "PAIS_NATAL": "PERU", "LONGITUD": -77.1086495, "LATITUD": -12.0452706, "Año": "2024", "Mes": "02" }, "geometry": { "type": "Point", "coordinates": [ 270445.079655188368633, 8667558.614955866709352 ] } },
{ "type": "Feature", "properties": { "id": "1630", "FECHA_CORTE": 20240425, "FECHA_REGISTRO": 20240216, "ID_DOC_DENUNCIA": "9dc06a869487d23ebd7aba0e9f48c8461c571f23c54c03763a3cffe0a0196b9b", "UBIGEO": 70104, "DEPARTAMENTO": "CALLAO", "PROVINCIA": "CALLAO", "DISTRITO": "LA PERLA", "TIPO_DE_DENUNCIA": "OCURRENCIA", "SITUACION_DENUNCIA": "RESUELTA", "TIPO": "PATRIMONIO (DELITO)", "SUBTIPO": "ROBO", "MODALIDAD": "ROBO AGRAVADO", "FECHA_HECHO": 20240216, "HORA_HECHO": 1558, "UBICACION": "CALLE CARLOS A. SACCO 392  LA PERLA CALLAO", "DESCRIPCION": "LA PERLA", "FECHA_NACIMIENTO": 19971015, "EDAD_PERSONA": 26, "SEXO": "FEMENINO", "ESTADO_CIVIL": "SOLTERO(A)", "GRADO_INSTRUCCION": "SECUNDARIA", "OCUPACION": "NO INDICA", "PAIS_NATAL": "PERU", "LONGITUD": -77.1124568, "LATITUD": -12.0653478, "Año": "2024", "Mes": "02" }, "geometry": { "type": "Point", "coordinates": [ 270047.545447712240275, 8665333.932537397369742 ] } },
{ "type": "Feature", "properties": { "id": "1631", "FECHA_CORTE": 20240425, "FECHA_REGISTRO": 20240224, "ID_DOC_DENUNCIA": "bb990fde60d17f0ecd61084f75c3524819bc2526f27b5afa54f1d68e2ff33863", "UBIGEO": 70101, "DEPARTAMENTO": "CALLAO", "PROVINCIA": "CALLAO", "DISTRITO": "CALLAO", "TIPO_DE_DENUNCIA": "DENUNCIA", "SITUACION_DENUNCIA": "PENDIENTE", "TIPO": "PATRIMONIO (DELITO)", "SUBTIPO": "HURTO", "MODALIDAD": "HURTO", "FECHA_HECHO": 20240224, "HORA_HECHO": 1300, "UBICACION": "AV NESTOR GAMBETA REF 2DA ENTRADA DE RAMON CASTILLA", "DESCRIPCION": "RAMON CASTILLA", "FECHA_NACIMIENTO": 19781230, "EDAD_PERSONA": 45, "SEXO": "FEMENINO", "ESTADO_CIVIL": "CASADO(A)", "GRADO_INSTRUCCION": "NO INDICA", "OCUPACION": "AMA DE CASA", "PAIS_NATAL": "PERU", "LONGITUD": -77.123348, "LATITUD": -12.0415832, "Año": "2024", "Mes": "02" }, "geometry": { "type": "Point", "coordinates": [ 268841.122251254273579, 8667954.276139613240957 ] } },
{ "type": "Feature", "properties": { "id": "1632", "FECHA_CORTE": 20240425, "FECHA_REGISTRO": 20240212, "ID_DOC_DENUNCIA": "5370eb051ec881391f2f302382ee48720a3f88ea955216c431c1c2fc29ec50fd", "UBIGEO": 70104, "DEPARTAMENTO": "CALLAO", "PROVINCIA": "CALLAO", "DISTRITO": "LA PERLA", "TIPO_DE_DENUNCIA": "ACTA DE INTERVENCION", "SITUACION_DENUNCIA": "RESUELTA", "TIPO": "PATRIMONIO (DELITO)", "SUBTIPO": "HURTO", "MODALIDAD": "HURTO DE VEHICULO", "FECHA_HECHO": 20240211, "HORA_HECHO": 400, "UBICACION": "AV. SANTA ROSA 251 LA PERLA CALLAO", "DESCRIPCION": "LA PERLA", "FECHA_NACIMIENTO": 19950816, "EDAD_PERSONA": 28, "SEXO": "MASCULINO", "ESTADO_CIVIL": "SOLTERO(A)", "GRADO_INSTRUCCION": "SECUNDARIA", "OCUPACION": "NO INDICA", "PAIS_NATAL": "PERU", "LONGITUD": -77.1204542, "LATITUD": -12.0678138, "Año": "2024", "Mes": "02" }, "geometry": { "type": "Point", "coordinates": [ 269178.732169843337033, 8665054.346359703689814 ] } },
{ "type": "Feature", "properties": { "id": "1633", "FECHA_CORTE": 20240425, "FECHA_REGISTRO": 20240225, "ID_DOC_DENUNCIA": "39db1568b639e46e192d806de6063bd80c9d73f3b06054d6bd6a6f978112a1a3", "UBIGEO": 70101, "DEPARTAMENTO": "CALLAO", "PROVINCIA": "CALLAO", "DISTRITO": "CALLAO", "TIPO_DE_DENUNCIA": "DENUNCIA", "SITUACION_DENUNCIA": "PENDIENTE", "TIPO": "PATRIMONIO (DELITO)", "SUBTIPO": "HURTO", "MODALIDAD": "HURTO AGRAVADO EN CASA HABITADA", "FECHA_HECHO": 20240225, "HORA_HECHO": 300, "UBICACION": "MZ C 10 LOTE 07 ? SECTOR 2 A.H.BOCANEGRA", "DESCRIPCION": "BOCANEGRA", "FECHA_NACIMIENTO": 19910807, "EDAD_PERSONA": 32, "SEXO": "FEMENINO", "ESTADO_CIVIL": "CASADO(A)", "GRADO_INSTRUCCION": "NO INDICA", "OCUPACION": "NO INDICA", "PAIS_NATAL": "PERU", "LONGITUD": -77.1259843, "LATITUD": -12.0508491, "Año": "2024", "Mes": "02" }, "geometry": { "type": "Point", "coordinates": [ 268561.942904468858615, 8666926.796845387667418 ] } },
{ "type": "Feature", "properties": { "id": "1637", "FECHA_CORTE": 20240425, "FECHA_REGISTRO": 20240220, "ID_DOC_DENUNCIA": "a3800a8e15687944a2a5039f1e828d14e93f4e103e03e0ada6e01a6888c39a46", "UBIGEO": 70101, "DEPARTAMENTO": "CALLAO", "PROVINCIA": "CALLAO", "DISTRITO": "CALLAO", "TIPO_DE_DENUNCIA": "ACTA DE DENUNCIA VERBAL", "SITUACION_DENUNCIA": "PENDIENTE", "TIPO": "PATRIMONIO (DELITO)", "SUBTIPO": "HURTO", "MODALIDAD": "HURTO DE VEHICULO", "FECHA_HECHO": 20240220, "HORA_HECHO": 915, "UBICACION": "CALLE A CDRA 1 URB RENOVACION PALOMINO", "DESCRIPCION": "LA LEGUA", "FECHA_NACIMIENTO": 19711014, "EDAD_PERSONA": 52, "SEXO": "MASCULINO", "ESTADO_CIVIL": "CASADO(A)", "GRADO_INSTRUCCION": "NO INDICA", "OCUPACION": "NO INDICA", "PAIS_NATAL": "PERU", "LONGITUD": -77.1068406, "LATITUD": -12.0143492, "Año": "2024", "Mes": "02" }, "geometry": { "type": "Point", "coordinates": [ 270615.851436771685258, 8670981.48922061547637 ] } },
{ "type": "Feature", "properties": { "id": "1640", "FECHA_CORTE": 20240425, "FECHA_REGISTRO": 20240211, "ID_DOC_DENUNCIA": "5f68f473eec73935f1f735b6008b7961d1f7474685806b4e94c11891405ca338", "UBIGEO": 70107, "DEPARTAMENTO": "CALLAO", "PROVINCIA": "CALLAO", "DISTRITO": "MI PERU", "TIPO_DE_DENUNCIA": "DENUNCIA", "SITUACION_DENUNCIA": "RESUELTA", "TIPO": "PATRIMONIO (DELITO)", "SUBTIPO": "ROBO", "MODALIDAD": "ROBO", "FECHA_HECHO": 20240210, "HORA_HECHO": 2250, "UBICACION": "AV AREQUIPA ALTURA DEL COMEDOR DEL SECTOR C  MI PERU", "DESCRIPCION": "MI PERU", "FECHA_NACIMIENTO": 19920408, "EDAD_PERSONA": 31, "SEXO": "FEMENINO", "ESTADO_CIVIL": "SOLTERO(A)", "GRADO_INSTRUCCION": "NO INDICA", "OCUPACION": "NO INDICA", "PAIS_NATAL": "PERU", "LONGITUD": -77.1257529, "LATITUD": -11.8575982, "Año": "2024", "Mes": "02" }, "geometry": { "type": "Point", "coordinates": [ 268422.744626043713652, 8688309.771600103005767 ] } },
{ "type": "Feature", "properties": { "id": "1642", "FECHA_CORTE": 20240425, "FECHA_REGISTRO": 20240210, "ID_DOC_DENUNCIA": "71a6eb06118005add959ba2cf49c20ebed2f389a872cfdde84975bbd2a1670f2", "UBIGEO": 70103, "DEPARTAMENTO": "CALLAO", "PROVINCIA": "CALLAO", "DISTRITO": "CARMEN DE LA LEGUA REYNOSO", "TIPO_DE_DENUNCIA": "DENUNCIA", "SITUACION_DENUNCIA": "RESUELTA", "TIPO": "PATRIMONIO (DELITO)", "SUBTIPO": "ROBO", "MODALIDAD": "ROBO AGRAVADO", "FECHA_HECHO": 20240210, "HORA_HECHO": 1410, "UBICACION": "AV  PRIMERO MAYO CON AV. JORGE CHAVEZ  CALLAO 07001  PERU", "DESCRIPCION": "CARMEN DE LA LEGUA", "FECHA_NACIMIENTO": 19580921, "EDAD_PERSONA": 65, "SEXO": "MASCULINO", "ESTADO_CIVIL": "CASADO(A)", "GRADO_INSTRUCCION": "NO INDICA", "OCUPACION": "INDEPENDIENTE", "PAIS_NATAL": "PERU", "LONGITUD": -77.1259843, "LATITUD": -12.0508491, "Año": "2024", "Mes": "02" }, "geometry": { "type": "Point", "coordinates": [ 268561.942904468858615, 8666926.796845387667418 ] } },
{ "type": "Feature", "properties": { "id": "1649", "FECHA_CORTE": 20240425, "FECHA_REGISTRO": 20240215, "ID_DOC_DENUNCIA": "2f7c64c1c952f8641af8fb81289f95160fd493a9b2562827327be326938bf8f2", "UBIGEO": 70101, "DEPARTAMENTO": "CALLAO", "PROVINCIA": "CALLAO", "DISTRITO": "CALLAO", "TIPO_DE_DENUNCIA": "ACTA DE DENUNCIA VERBAL", "SITUACION_DENUNCIA": "RESUELTA", "TIPO": "PATRIMONIO (DELITO)", "SUBTIPO": "HURTO", "MODALIDAD": "HURTO", "FECHA_HECHO": 20240214, "HORA_HECHO": 1715, "UBICACION": "INMEDIACIONES DEL MERCADO TIWINZAQ CALLAO (PARADERO)", "DESCRIPCION": "SARITA COLONIA", "FECHA_NACIMIENTO": 19760113, "EDAD_PERSONA": 48, "SEXO": "FEMENINO", "ESTADO_CIVIL": "CASADO(A)", "GRADO_INSTRUCCION": "NO INDICA", "OCUPACION": "NO INDICA", "PAIS_NATAL": "PERU", "LONGITUD": -77.133416, "LATITUD": -12.0238679, "Año": "2024", "Mes": "02" }, "geometry": { "type": "Point", "coordinates": [ 267729.379063692991622, 8669905.951112300157547 ] } },
{ "type": "Feature", "properties": { "id": "1656", "FECHA_CORTE": 20240425, "FECHA_REGISTRO": 20240216, "ID_DOC_DENUNCIA": "2aaa844dacb6d34e1b2247d61e1b544b5f3e3b7593146837018b2941e9471f64", "UBIGEO": 70107, "DEPARTAMENTO": "CALLAO", "PROVINCIA": "CALLAO", "DISTRITO": "MI PERU", "TIPO_DE_DENUNCIA": "DENUNCIA", "SITUACION_DENUNCIA": "RESUELTA", "TIPO": "PATRIMONIO (DELITO)", "SUBTIPO": "HURTO", "MODALIDAD": "HURTO DE VEHICULO", "FECHA_HECHO": 20240215, "HORA_HECHO": 2123, "UBICACION": "FRONTIS DE LA MZ H16B LT 08  MI PERU", "DESCRIPCION": "MI PERU", "FECHA_NACIMIENTO": 19990302, "EDAD_PERSONA": 24, "SEXO": "MASCULINO", "ESTADO_CIVIL": "SOLTERO(A)", "GRADO_INSTRUCCION": "NO INDICA", "OCUPACION": "INDEPENDIENTE", "PAIS_NATAL": "PERU", "LONGITUD": -77.119842, "LATITUD": -11.853353, "Año": "2024", "Mes": "02" }, "geometry": { "type": "Point", "coordinates": [ 269063.371066913066898, 8688784.395553162321448 ] } },
{ "type": "Feature", "properties": { "id": "1667", "FECHA_CORTE": 20240425, "FECHA_REGISTRO": 20240208, "ID_DOC_DENUNCIA": "e9bbf9c3967262f9c400f5eba518730529828a8c3056a61d5b27997187fcee7c", "UBIGEO": 70104, "DEPARTAMENTO": "CALLAO", "PROVINCIA": "CALLAO", "DISTRITO": "LA PERLA", "TIPO_DE_DENUNCIA": "ACTA DE INTERVENCION", "SITUACION_DENUNCIA": "RESUELTA", "TIPO": "PATRIMONIO (DELITO)", "SUBTIPO": "ROBO", "MODALIDAD": "ROBO AGRAVADO", "FECHA_HECHO": 20240208, "HORA_HECHO": 650, "UBICACION": "JR. FRANCISCO BOLOGNESI 2433  LA PERLA 07016  PERU", "DESCRIPCION": "LA PERLA", "FECHA_NACIMIENTO": 19830730, "EDAD_PERSONA": 40, "SEXO": "MASCULINO", "ESTADO_CIVIL": "SOLTERO(A)", "GRADO_INSTRUCCION": "SECUNDARIA", "OCUPACION": "NO INDICA", "PAIS_NATAL": "PERU", "LONGITUD": -77.13204096, "LATITUD": -12.07044053, "Año": "2024", "Mes": "02" }, "geometry": { "type": "Point", "coordinates": [ 267919.188487270905171, 8664753.907040098682046 ] } },
{ "type": "Feature", "properties": { "id": "1674", "FECHA_CORTE": 20240425, "FECHA_REGISTRO": 20240219, "ID_DOC_DENUNCIA": "c9aa65348b3b7a65d4f3e17735c0839b841ee4f165077fcde73b91da0935c9f9", "UBIGEO": 70104, "DEPARTAMENTO": "CALLAO", "PROVINCIA": "CALLAO", "DISTRITO": "LA PERLA", "TIPO_DE_DENUNCIA": "ACTA DE DENUNCIA VERBAL", "SITUACION_DENUNCIA": "PENDIENTE", "TIPO": "PATRIMONIO (DELITO)", "SUBTIPO": "HURTO", "MODALIDAD": "HURTO AGRAVADO", "FECHA_HECHO": 20240218, "HORA_HECHO": 2100, "UBICACION": "PASAJE MAR DEL CORAL NRO 178 LA PERLA CALLAO", "DESCRIPCION": "LA PERLA", "FECHA_NACIMIENTO": 19490723, "EDAD_PERSONA": 74, "SEXO": "FEMENINO", "ESTADO_CIVIL": "SOLTERO(A)", "GRADO_INSTRUCCION": "SECUNDARIA", "OCUPACION": "NO INDICA", "PAIS_NATAL": "PERU", "LONGITUD": -77.116114, "LATITUD": -12.06919202, "Año": "2024", "Mes": "02" }, "geometry": { "type": "Point", "coordinates": [ 269652.558825241809245, 8664905.504240125417709 ] } },
{ "type": "Feature", "properties": { "id": "1676", "FECHA_CORTE": 20240425, "FECHA_REGISTRO": 20240223, "ID_DOC_DENUNCIA": "a47a8b6beafad2595752c6510dc68a9fd73024349a1dd392c8a6b0422a1f3f74", "UBIGEO": 70101, "DEPARTAMENTO": "CALLAO", "PROVINCIA": "CALLAO", "DISTRITO": "CALLAO", "TIPO_DE_DENUNCIA": "ACTA DE INTERVENCION", "SITUACION_DENUNCIA": "RESUELTA", "TIPO": "PATRIMONIO (DELITO)", "SUBTIPO": "HURTO", "MODALIDAD": "HURTO DE VEHICULO", "FECHA_HECHO": 20240223, "HORA_HECHO": 1500, "UBICACION": "AV NESTOR GAMBETTA KM 6 ALTURA EMPRESA PRODAC OQUENDO CALLAO", "DESCRIPCION": "OQUENDO", "FECHA_NACIMIENTO": 19761021, "EDAD_PERSONA": 47, "SEXO": "MASCULINO", "ESTADO_CIVIL": "CASADO(A)", "GRADO_INSTRUCCION": "NO INDICA", "OCUPACION": "INDEPENDIENTE", "PAIS_NATAL": "PERU", "LONGITUD": -77.12902432, "LATITUD": -11.94684058, "Año": "2024", "Mes": "02" }, "geometry": { "type": "Point", "coordinates": [ 268141.918298016302288, 8678432.592745801433921 ] } },
{ "type": "Feature", "properties": { "id": "1678", "FECHA_CORTE": 20240425, "FECHA_REGISTRO": 20240206, "ID_DOC_DENUNCIA": "39dd9db6b03e72776bde8087d5fe8cb40470cf7aa040c71220542f4fbae89ff9", "UBIGEO": 70102, "DEPARTAMENTO": "CALLAO", "PROVINCIA": "CALLAO", "DISTRITO": "BELLAVISTA", "TIPO_DE_DENUNCIA": "DENUNCIA", "SITUACION_DENUNCIA": "RESUELTA", "TIPO": "PATRIMONIO (DELITO)", "SUBTIPO": "HURTO", "MODALIDAD": "HURTO", "FECHA_HECHO": 20240206, "HORA_HECHO": 1340, "UBICACION": "JR COSME BUENO 268 URB SAN JOSE", "DESCRIPCION": "CIUDAD DEL PESCADOR", "FECHA_NACIMIENTO": 19541018, "EDAD_PERSONA": 69, "SEXO": "FEMENINO", "ESTADO_CIVIL": "CASADO(A)", "GRADO_INSTRUCCION": "NO INDICA", "OCUPACION": "NO INDICA", "PAIS_NATAL": "PERU", "LONGITUD": -77.0948963, "LATITUD": -12.0567228, "Año": "2024", "Mes": "02" }, "geometry": { "type": "Point", "coordinates": [ 271952.59363221435342, 8666302.941637363284826 ] } },
{ "type": "Feature", "properties": { "id": "1679", "FECHA_CORTE": 20240425, "FECHA_REGISTRO": 20240223, "ID_DOC_DENUNCIA": "ba85546e3a21742b1ee2a623e75773f47412f92458daabfd3e0ad30f22d7f311", "UBIGEO": 70101, "DEPARTAMENTO": "CALLAO", "PROVINCIA": "CALLAO", "DISTRITO": "CALLAO", "TIPO_DE_DENUNCIA": "ACTA DE INTERVENCION", "SITUACION_DENUNCIA": "RESUELTA", "TIPO": "PATRIMONIO (DELITO)", "SUBTIPO": "HURTO", "MODALIDAD": "HURTO DE ACCESORIOS Y AUTOPARTES DE VEHICULOS", "FECHA_HECHO": 20240223, "HORA_HECHO": 830, "UBICACION": "AV. SAENZ PEÑA CDRA 04 CALLAO", "DESCRIPCION": "CALLAO", "FECHA_NACIMIENTO": 19850902, "EDAD_PERSONA": 38, "SEXO": "MASCULINO", "ESTADO_CIVIL": "CASADO(A)", "GRADO_INSTRUCCION": "NO INDICA", "OCUPACION": "NO INDICA", "PAIS_NATAL": "PERU", "LONGITUD": -77.1370233, "LATITUD": -12.0600776, "Año": "2024", "Mes": "02" }, "geometry": { "type": "Point", "coordinates": [ 267367.667050143703818, 8665896.328653916716576 ] } },
{ "type": "Feature", "properties": { "id": "1681", "FECHA_CORTE": 20240425, "FECHA_REGISTRO": 20240209, "ID_DOC_DENUNCIA": "dd179ffed10619778b122a26a583389faf07b14dce359ac420dbfc213c79cc63", "UBIGEO": 70101, "DEPARTAMENTO": "CALLAO", "PROVINCIA": "CALLAO", "DISTRITO": "CALLAO", "TIPO_DE_DENUNCIA": "DENUNCIA", "SITUACION_DENUNCIA": "RESUELTA", "TIPO": "PATRIMONIO (DELITO)", "SUBTIPO": "HURTO", "MODALIDAD": "HURTO DE ACCESORIOS Y AUTOPARTES DE VEHICULOS", "FECHA_HECHO": 20240209, "HORA_HECHO": 1800, "UBICACION": "TOTTUS QUILCA", "DESCRIPCION": "BOCANEGRA", "FECHA_NACIMIENTO": 19640901, "EDAD_PERSONA": 59, "SEXO": "MASCULINO", "ESTADO_CIVIL": "CASADO(A)", "GRADO_INSTRUCCION": "NO INDICA", "OCUPACION": "NO INDICA", "PAIS_NATAL": "PERU", "LONGITUD": -77.0934762, "LATITUD": -12.0278845, "Año": "2024", "Mes": "02" }, "geometry": { "type": "Point", "coordinates": [ 272082.911825304385275, 8669494.972627950832248 ] } },
{ "type": "Feature", "properties": { "id": "1689", "FECHA_CORTE": 20240425, "FECHA_REGISTRO": 20240209, "ID_DOC_DENUNCIA": "0762a9b1b58c48d2727cb2f11c9ff775953833ca78efa1664406e000d51a2bb4", "UBIGEO": 70101, "DEPARTAMENTO": "CALLAO", "PROVINCIA": "CALLAO", "DISTRITO": "CALLAO", "TIPO_DE_DENUNCIA": "DENUNCIA", "SITUACION_DENUNCIA": "RESUELTA", "TIPO": "PATRIMONIO (DELITO)", "SUBTIPO": "HURTO", "MODALIDAD": "HURTO", "FECHA_HECHO": 20231226, "HORA_HECHO": 700, "UBICACION": "EMPRESA MOTA ENGIL CALLAO", "DESCRIPCION": "DEPINCRI CALLAO/LA PUNTA", "FECHA_NACIMIENTO": 19790910, "EDAD_PERSONA": 44, "SEXO": "MASCULINO", "ESTADO_CIVIL": "CASADO(A)", "GRADO_INSTRUCCION": "NO INDICA", "OCUPACION": "NO INDICA", "PAIS_NATAL": "PERU", "LONGITUD": -77.09513286000001, "LATITUD": -12.05254814, "Año": "2024", "Mes": "02" }, "geometry": { "type": "Point", "coordinates": [ 271923.3023716872558, 8666764.656057938933372 ] } },
{ "type": "Feature", "properties": { "id": "1698", "FECHA_CORTE": 20240425, "FECHA_REGISTRO": 20240223, "ID_DOC_DENUNCIA": "f896016723f74f216f8dcbd67ad98964ef7851f4d89ce6a6567e25a7b65f2127", "UBIGEO": 70101, "DEPARTAMENTO": "CALLAO", "PROVINCIA": "CALLAO", "DISTRITO": "CALLAO", "TIPO_DE_DENUNCIA": "ACTA DE INTERVENCION", "SITUACION_DENUNCIA": "PENDIENTE", "TIPO": "PATRIMONIO (DELITO)", "SUBTIPO": "ROBO", "MODALIDAD": "ROBO", "FECHA_HECHO": 20240223, "HORA_HECHO": 0, "UBICACION": "AV. ELMER FAUCETT CUADRA 5  SAN MIGUEL ", "DESCRIPCION": "CIUDAD DEL PESCADOR", "FECHA_NACIMIENTO": 19800406, "EDAD_PERSONA": 43, "SEXO": "MASCULINO", "ESTADO_CIVIL": "CASADO(A)", "GRADO_INSTRUCCION": "NO INDICA", "OCUPACION": "NO INDICA", "PAIS_NATAL": "PERU", "LONGITUD": -77.1018908, "LATITUD": -12.0302136, "Año": "2024", "Mes": "02" }, "geometry": { "type": "Point", "coordinates": [ 271168.406979137042072, 8669230.270055461674929 ] } },
{ "type": "Feature", "properties": { "id": "1701", "FECHA_CORTE": 20240425, "FECHA_REGISTRO": 20240211, "ID_DOC_DENUNCIA": "be1b67d87ef7b39f49f7c44ced987100f15f45e663069054745e5d50bcd6f75a", "UBIGEO": 70101, "DEPARTAMENTO": "CALLAO", "PROVINCIA": "CALLAO", "DISTRITO": "CALLAO", "TIPO_DE_DENUNCIA": "DENUNCIA", "SITUACION_DENUNCIA": "RESUELTA", "TIPO": "PATRIMONIO (DELITO)", "SUBTIPO": "HURTO", "MODALIDAD": "HURTO", "FECHA_HECHO": 20240211, "HORA_HECHO": 1600, "UBICACION": "ATURA DE LA AV. SAENZ PEÑA CDRA. 05 CALLAO (REFERENCIA PLAZA CASANAVE)", "DESCRIPCION": "CALLAO", "FECHA_NACIMIENTO": 19950724, "EDAD_PERSONA": 28, "SEXO": "FEMENINO", "ESTADO_CIVIL": "CASADO(A)", "GRADO_INSTRUCCION": "NO INDICA", "OCUPACION": "NO INDICA", "PAIS_NATAL": "PERU", "LONGITUD": -77.1408154, "LATITUD": -12.060409, "Año": "2024", "Mes": "02" }, "geometry": { "type": "Point", "coordinates": [ 266954.976168129709549, 8665856.436721343547106 ] } },
{ "type": "Feature", "properties": { "id": "1703", "FECHA_CORTE": 20240425, "FECHA_REGISTRO": 20240229, "ID_DOC_DENUNCIA": "4c373f33f886f77a4fa838bad59ad39758ad4f4faa634cac9ec6fd635738d37d", "UBIGEO": 70101, "DEPARTAMENTO": "CALLAO", "PROVINCIA": "CALLAO", "DISTRITO": "CALLAO", "TIPO_DE_DENUNCIA": "DENUNCIA", "SITUACION_DENUNCIA": "RESUELTA", "TIPO": "PATRIMONIO (DELITO)", "SUBTIPO": "HURTO", "MODALIDAD": "HURTO DE CELULAR", "FECHA_HECHO": 20240229, "HORA_HECHO": 2000, "UBICACION": "AV OSCAR R BENAVIDES CON AV GARCILAZO DE LA VEGA", "DESCRIPCION": "LA LEGUA", "FECHA_NACIMIENTO": 19740628, "EDAD_PERSONA": 49, "SEXO": "MASCULINO", "ESTADO_CIVIL": "CASADO(A)", "GRADO_INSTRUCCION": "NO INDICA", "OCUPACION": "NO INDICA", "PAIS_NATAL": "PERU", "LONGITUD": -77.09554056, "LATITUD": -12.05292586, "Año": "2024", "Mes": "02" }, "geometry": { "type": "Point", "coordinates": [ 271879.221180468681268, 8666722.523471837863326 ] } },
{ "type": "Feature", "properties": { "id": "1706", "FECHA_CORTE": 20240425, "FECHA_REGISTRO": 20240208, "ID_DOC_DENUNCIA": "7e6a27646950d88cfac41504329e92a39163e0c89b8fc4d8d3de9733cbf8b84c", "UBIGEO": 70101, "DEPARTAMENTO": "CALLAO", "PROVINCIA": "CALLAO", "DISTRITO": "CALLAO", "TIPO_DE_DENUNCIA": "ACTA DE DENUNCIA VERBAL", "SITUACION_DENUNCIA": "PENDIENTE", "TIPO": "PATRIMONIO (DELITO)", "SUBTIPO": "ROBO", "MODALIDAD": "ROBO AGRAVADO", "FECHA_HECHO": 20240208, "HORA_HECHO": 930, "UBICACION": "AV VENEZUELA CON LA AV ELMER FAUCETT EN EL CALLAO", "DESCRIPCION": "LA LEGUA", "FECHA_NACIMIENTO": 19760608, "EDAD_PERSONA": 47, "SEXO": "MASCULINO", "ESTADO_CIVIL": "CASADO(A)", "GRADO_INSTRUCCION": "NO INDICA", "OCUPACION": "NO INDICA", "PAIS_NATAL": "PERU", "LONGITUD": -77.1018908, "LATITUD": -12.0302136, "Año": "2024", "Mes": "02" }, "geometry": { "type": "Point", "coordinates": [ 271168.406979137042072, 8669230.270055461674929 ] } },
{ "type": "Feature", "properties": { "id": "1707", "FECHA_CORTE": 20240425, "FECHA_REGISTRO": 20240228, "ID_DOC_DENUNCIA": "b2015ac1f7d0fb625bc12e3e376c45b3aa5f968bd8b3c4e0077eac4cebb629de", "UBIGEO": 70101, "DEPARTAMENTO": "CALLAO", "PROVINCIA": "CALLAO", "DISTRITO": "CALLAO", "TIPO_DE_DENUNCIA": "ACTA DE DENUNCIA VERBAL", "SITUACION_DENUNCIA": "PENDIENTE", "TIPO": "PATRIMONIO (DELITO)", "SUBTIPO": "ROBO", "MODALIDAD": "ROBO", "FECHA_HECHO": 20240227, "HORA_HECHO": 1130, "UBICACION": "AV OSCAR R BENAVIDES 5483", "DESCRIPCION": "LA LEGUA", "FECHA_NACIMIENTO": 19800430, "EDAD_PERSONA": 43, "SEXO": "FEMENINO", "ESTADO_CIVIL": "CASADO(A)", "GRADO_INSTRUCCION": "NO INDICA", "OCUPACION": "INGENIERO QUIMICO", "PAIS_NATAL": "PERU", "LONGITUD": -77.1259843, "LATITUD": -12.0508491, "Año": "2024", "Mes": "02" }, "geometry": { "type": "Point", "coordinates": [ 268561.942904468858615, 8666926.796845387667418 ] } },
{ "type": "Feature", "properties": { "id": "1708", "FECHA_CORTE": 20240425, "FECHA_REGISTRO": 20240202, "ID_DOC_DENUNCIA": "c64489393e26542b7d3c33cf96503657ef2874d92f09dbfcc02703f26d45830a", "UBIGEO": 70101, "DEPARTAMENTO": "CALLAO", "PROVINCIA": "CALLAO", "DISTRITO": "CALLAO", "TIPO_DE_DENUNCIA": "ACTA DE INTERVENCION", "SITUACION_DENUNCIA": "RESUELTA", "TIPO": "PATRIMONIO (DELITO)", "SUBTIPO": "HURTO", "MODALIDAD": "HURTO DE ACCESORIOS Y AUTOPARTES DE VEHICULOS", "FECHA_HECHO": 20240201, "HORA_HECHO": 1200, "UBICACION": "CALLE ALBERTO PAEZ CRUCE CALLE 17 DE MAYO AH SANTA ROSA CALLAO", "DESCRIPCION": "DULANTO", "FECHA_NACIMIENTO": 19731105, "EDAD_PERSONA": 50, "SEXO": "MASCULINO", "ESTADO_CIVIL": "CASADO(A)", "GRADO_INSTRUCCION": "NO INDICA", "OCUPACION": "EMPLEADO", "PAIS_NATAL": "PERU", "LONGITUD": -77.1424107, "LATITUD": -12.0642034, "Año": "2024", "Mes": "02" }, "geometry": { "type": "Point", "coordinates": [ 266784.522795946919359, 8665435.230386197566986 ] } },
{ "type": "Feature", "properties": { "id": "1709", "FECHA_CORTE": 20240425, "FECHA_REGISTRO": 20240228, "ID_DOC_DENUNCIA": "6039d5f7d3862c2e77fdbe6da5cb515e74c5775bccd85052471b7bf232bbe310", "UBIGEO": 70101, "DEPARTAMENTO": "CALLAO", "PROVINCIA": "CALLAO", "DISTRITO": "CALLAO", "TIPO_DE_DENUNCIA": "DENUNCIA", "SITUACION_DENUNCIA": "PENDIENTE", "TIPO": "PATRIMONIO (DELITO)", "SUBTIPO": "ROBO", "MODALIDAD": "ROBO AGRAVADO", "FECHA_HECHO": 20240228, "HORA_HECHO": 1430, "UBICACION": "JR CHOTA CON CALLE AREQUIPA RAMON CASTILLA", "DESCRIPCION": "RAMON CASTILLA", "FECHA_NACIMIENTO": 19850701, "EDAD_PERSONA": 38, "SEXO": "FEMENINO", "ESTADO_CIVIL": "CASADO(A)", "GRADO_INSTRUCCION": "NO INDICA", "OCUPACION": "OPERARIO DE ALMACEN", "PAIS_NATAL": "PERU", "LONGITUD": -77.1228512, "LATITUD": -12.0402328, "Año": "2024", "Mes": "02" }, "geometry": { "type": "Point", "coordinates": [ 268894.07385731319664, 8668104.113882053643465 ] } },
{ "type": "Feature", "properties": { "id": "1710", "FECHA_CORTE": 20240425, "FECHA_REGISTRO": 20240207, "ID_DOC_DENUNCIA": "f19e4998cc1d0cd9329c0d0050bdc3c6dfa64680ad8eaa11d525258ce975befb", "UBIGEO": 70101, "DEPARTAMENTO": "CALLAO", "PROVINCIA": "CALLAO", "DISTRITO": "CALLAO", "TIPO_DE_DENUNCIA": "ACTA DE INTERVENCION", "SITUACION_DENUNCIA": "RESUELTA", "TIPO": "PATRIMONIO (DELITO)", "SUBTIPO": "HURTO", "MODALIDAD": "HURTO AGRAVADO", "FECHA_HECHO": 20240207, "HORA_HECHO": 1630, "UBICACION": "AV. MIGUEL GRAU CON JR. MARCO POLO  CALLAO", "DESCRIPCION": "CALLAO", "FECHA_NACIMIENTO": 19670223, "EDAD_PERSONA": 56, "SEXO": "FEMENINO", "ESTADO_CIVIL": "CASADO(A)", "GRADO_INSTRUCCION": "NO INDICA", "OCUPACION": "NO INDICA", "PAIS_NATAL": "PERU", "LONGITUD": -77.1424107, "LATITUD": -12.0642034, "Año": "2024", "Mes": "02" }, "geometry": { "type": "Point", "coordinates": [ 266784.522795946919359, 8665435.230386197566986 ] } },
{ "type": "Feature", "properties": { "id": "1715", "FECHA_CORTE": 20240425, "FECHA_REGISTRO": 20240206, "ID_DOC_DENUNCIA": "09499e7d93e960d009aee3112d23c22343ea1ee29efef6acef8afafe44eee865", "UBIGEO": 70101, "DEPARTAMENTO": "CALLAO", "PROVINCIA": "CALLAO", "DISTRITO": "CALLAO", "TIPO_DE_DENUNCIA": "DENUNCIA", "SITUACION_DENUNCIA": "RESUELTA", "TIPO": "PATRIMONIO (DELITO)", "SUBTIPO": "HURTO", "MODALIDAD": "HURTO AGRAVADO EN CASA HABITADA", "FECHA_HECHO": 20240206, "HORA_HECHO": 1700, "UBICACION": "JR. QUILCA G12 RESIDENCIAL AEROPUERTO - CALLAO", "DESCRIPCION": "PLAYA RIMAC", "FECHA_NACIMIENTO": 19750227, "EDAD_PERSONA": 48, "SEXO": "MASCULINO", "ESTADO_CIVIL": "CASADO(A)", "GRADO_INSTRUCCION": "NO INDICA", "OCUPACION": "NO INDICA", "PAIS_NATAL": "PERU", "LONGITUD": -77.0960951, "LATITUD": -12.0354403, "Año": "2024", "Mes": "02" }, "geometry": { "type": "Point", "coordinates": [ 271804.053229794488288, 8668656.776801560074091 ] } },
{ "type": "Feature", "properties": { "id": "1727", "FECHA_CORTE": 20240425, "FECHA_REGISTRO": 20240208, "ID_DOC_DENUNCIA": "7f3ddb9c6afb78c0ef2784cb84eabc4308bc08e216995d8c38319aed5988fda8", "UBIGEO": 70102, "DEPARTAMENTO": "CALLAO", "PROVINCIA": "CALLAO", "DISTRITO": "BELLAVISTA", "TIPO_DE_DENUNCIA": "DENUNCIA", "SITUACION_DENUNCIA": "RESUELTA", "TIPO": "PATRIMONIO (DELITO)", "SUBTIPO": "ROBO", "MODALIDAD": "ROBO", "FECHA_HECHO": 20240208, "HORA_HECHO": 1015, "UBICACION": "AV SANTA ROSA  CALLAO", "DESCRIPCION": "DEPINCRI BELLAVISTA/LA PERLA/C.DE LA LEGUA", "FECHA_NACIMIENTO": 19851003, "EDAD_PERSONA": 38, "SEXO": "MASCULINO", "ESTADO_CIVIL": "SOLTERO(A)", "GRADO_INSTRUCCION": "NO INDICA", "OCUPACION": "NO INDICA", "PAIS_NATAL": "PERU", "LONGITUD": -77.1530439, "LATITUD": -12.0662522, "Año": "2024", "Mes": "02" }, "geometry": { "type": "Point", "coordinates": [ 265628.311107854126021, 8665199.453218687325716 ] } },
{ "type": "Feature", "properties": { "id": "1729", "FECHA_CORTE": 20240425, "FECHA_REGISTRO": 20240205, "ID_DOC_DENUNCIA": "d9eec094b25df526976f331eae230147973c92d3d62ffaa8ccdcc1578b042f4c", "UBIGEO": 70102, "DEPARTAMENTO": "CALLAO", "PROVINCIA": "CALLAO", "DISTRITO": "BELLAVISTA", "TIPO_DE_DENUNCIA": "DENUNCIA", "SITUACION_DENUNCIA": "RESUELTA", "TIPO": "PATRIMONIO (DELITO)", "SUBTIPO": "ROBO", "MODALIDAD": "ROBO AGRAVADO", "FECHA_HECHO": 20240205, "HORA_HECHO": 0, "UBICACION": "AV COLONIAL PARADERO FARMACIA", "DESCRIPCION": "DEPINCRI BELLAVISTA/LA PERLA/C.DE LA LEGUA", "FECHA_NACIMIENTO": 19660823, "EDAD_PERSONA": 57, "SEXO": "MASCULINO", "ESTADO_CIVIL": "SOLTERO(A)", "GRADO_INSTRUCCION": "NO INDICA", "OCUPACION": "NO INDICA", "PAIS_NATAL": "PERU", "LONGITUD": -77.12392911000001, "LATITUD": -12.06366309, "Año": "2024", "Mes": "02" }, "geometry": { "type": "Point", "coordinates": [ 268796.752553779282607, 8665510.68402255885303 ] } },
{ "type": "Feature", "properties": { "id": "1730", "FECHA_CORTE": 20240425, "FECHA_REGISTRO": 20240216, "ID_DOC_DENUNCIA": "4d93338b8d3a5e4db389ed654375267ebf1f0a6d8a21053a430078ba01f7a150", "UBIGEO": 70102, "DEPARTAMENTO": "CALLAO", "PROVINCIA": "CALLAO", "DISTRITO": "BELLAVISTA", "TIPO_DE_DENUNCIA": "DENUNCIA", "SITUACION_DENUNCIA": "RESUELTA", "TIPO": "PATRIMONIO (DELITO)", "SUBTIPO": "ROBO", "MODALIDAD": "ROBO AGRAVADO", "FECHA_HECHO": 20240215, "HORA_HECHO": 1630, "UBICACION": "INMEDIACIONES DEL MERCADO SARITA COLONIA", "DESCRIPCION": "DEPINCRI BELLAVISTA/LA PERLA/C.DE LA LEGUA", "FECHA_NACIMIENTO": 19911229, "EDAD_PERSONA": 32, "SEXO": "MASCULINO", "ESTADO_CIVIL": "SOLTERO(A)", "GRADO_INSTRUCCION": "NO INDICA", "OCUPACION": "NO INDICA", "PAIS_NATAL": "PERU", "LONGITUD": -77.12435826, "LATITUD": -12.06294964, "Año": "2024", "Mes": "02" }, "geometry": { "type": "Point", "coordinates": [ 268749.40516797354212, 8665589.263844246044755 ] } },
{ "type": "Feature", "properties": { "id": "1733", "FECHA_CORTE": 20240425, "FECHA_REGISTRO": 20240215, "ID_DOC_DENUNCIA": "ef517e14d370588e3b63d55abb3dc8bd3c7a5ed8e62e655a858f41514cbd8980", "UBIGEO": 70102, "DEPARTAMENTO": "CALLAO", "PROVINCIA": "CALLAO", "DISTRITO": "BELLAVISTA", "TIPO_DE_DENUNCIA": "DENUNCIA", "SITUACION_DENUNCIA": "RESUELTA", "TIPO": "PATRIMONIO (DELITO)", "SUBTIPO": "HURTO", "MODALIDAD": "HURTO", "FECHA_HECHO": 20240214, "HORA_HECHO": 2030, "UBICACION": "MZ J1 LT.2 CIUDAD DEL PESCADOR BELLAVISTA CALLAO", "DESCRIPCION": "CIUDAD DEL PESCADOR", "FECHA_NACIMIENTO": 19900525, "EDAD_PERSONA": 33, "SEXO": "FEMENINO", "ESTADO_CIVIL": "CASADO(A)", "GRADO_INSTRUCCION": "NO INDICA", "OCUPACION": "AMA DE CASA", "PAIS_NATAL": "PERU", "LONGITUD": -77.1068059, "LATITUD": -12.0596968, "Año": "2024", "Mes": "02" }, "geometry": { "type": "Point", "coordinates": [ 270658.12496260390617, 8665963.938607793301344 ] } },
{ "type": "Feature", "properties": { "id": "1734", "FECHA_CORTE": 20240425, "FECHA_REGISTRO": 20240209, "ID_DOC_DENUNCIA": "f4496784a8ebef8e5af1acfaad8c75c929ad33d9b3da42fd20802e53d8391c42", "UBIGEO": 70104, "DEPARTAMENTO": "CALLAO", "PROVINCIA": "CALLAO", "DISTRITO": "LA PERLA", "TIPO_DE_DENUNCIA": "ACTA DE DENUNCIA VERBAL", "SITUACION_DENUNCIA": "RESUELTA", "TIPO": "PATRIMONIO (DELITO)", "SUBTIPO": "HURTO", "MODALIDAD": "HURTO", "FECHA_HECHO": 20240209, "HORA_HECHO": 1730, "UBICACION": "AV GALVEZ CON JR LIMA", "DESCRIPCION": "LA PERLA", "FECHA_NACIMIENTO": 19701213, "EDAD_PERSONA": 53, "SEXO": "MASCULINO", "ESTADO_CIVIL": "CONVIVIENTE", "GRADO_INSTRUCCION": "NO INDICA", "OCUPACION": "EMPLEADO", "PAIS_NATAL": "PERU", "LONGITUD": -77.12654345, "LATITUD": -12.06679075, "Año": "2024", "Mes": "02" }, "geometry": { "type": "Point", "coordinates": [ 268514.73099001776427, 8665162.404767110943794 ] } },
{ "type": "Feature", "properties": { "id": "1735", "FECHA_CORTE": 20240425, "FECHA_REGISTRO": 20240207, "ID_DOC_DENUNCIA": "a46b74473482229a7954dd24b2f9f2334d5106195ad418089b2238a62761f59b", "UBIGEO": 70101, "DEPARTAMENTO": "CALLAO", "PROVINCIA": "CALLAO", "DISTRITO": "CALLAO", "TIPO_DE_DENUNCIA": "DENUNCIA", "SITUACION_DENUNCIA": "RESUELTA", "TIPO": "PATRIMONIO (DELITO)", "SUBTIPO": "HURTO", "MODALIDAD": "HURTO", "FECHA_HECHO": 20240207, "HORA_HECHO": 1800, "UBICACION": "MERCADO SAN PEDRO TIENDA 364", "DESCRIPCION": "CIUDAD DEL PESCADOR", "FECHA_NACIMIENTO": 19630302, "EDAD_PERSONA": 60, "SEXO": "FEMENINO", "ESTADO_CIVIL": "CASADO(A)", "GRADO_INSTRUCCION": "NO INDICA", "OCUPACION": "NO INDICA", "PAIS_NATAL": "PERU", "LONGITUD": -77.10753924, "LATITUD": -12.00420333, "Año": "2024", "Mes": "02" }, "geometry": { "type": "Point", "coordinates": [ 270531.158942223293707, 8672103.515856988728046 ] } },
{ "type": "Feature", "properties": { "id": "1736", "FECHA_CORTE": 20240425, "FECHA_REGISTRO": 20240227, "ID_DOC_DENUNCIA": "0750225ef29702f3aa805b9f48c116fc94a0099bef5359d6a37012f621f03a15", "UBIGEO": 70102, "DEPARTAMENTO": "CALLAO", "PROVINCIA": "CALLAO", "DISTRITO": "BELLAVISTA", "TIPO_DE_DENUNCIA": "DENUNCIA", "SITUACION_DENUNCIA": "RESUELTA", "TIPO": "PATRIMONIO (DELITO)", "SUBTIPO": "HURTO", "MODALIDAD": "HURTO", "FECHA_HECHO": 20240226, "HORA_HECHO": 1100, "UBICACION": "INTERIOR DEL HOSPITAL DANIEL ALCIDES CARRION BELLAVISTA CALLAO", "DESCRIPCION": "BELLAVISTA", "FECHA_NACIMIENTO": 19700626, "EDAD_PERSONA": 53, "SEXO": "FEMENINO", "ESTADO_CIVIL": "SOLTERO(A)", "GRADO_INSTRUCCION": "NO INDICA", "OCUPACION": "COMERCIANTE", "PAIS_NATAL": "PERU", "LONGITUD": -77.12360724, "LATITUD": -12.0619634, "Año": "2024", "Mes": "02" }, "geometry": { "type": "Point", "coordinates": [ 268830.347496842266992, 8665699.023603934794664 ] } },
{ "type": "Feature", "properties": { "id": "1738", "FECHA_CORTE": 20240425, "FECHA_REGISTRO": 20240206, "ID_DOC_DENUNCIA": "db9630f4fb46adecdaeaa70e329fab6c008de064e799717b916b5847260cb7f1", "UBIGEO": 70102, "DEPARTAMENTO": "CALLAO", "PROVINCIA": "CALLAO", "DISTRITO": "BELLAVISTA", "TIPO_DE_DENUNCIA": "DENUNCIA", "SITUACION_DENUNCIA": "RESUELTA", "TIPO": "PATRIMONIO (DELITO)", "SUBTIPO": "ROBO", "MODALIDAD": "ROBO AGRAVADO", "FECHA_HECHO": 20240131, "HORA_HECHO": 1730, "UBICACION": "28B CON AV HAYA DE LA TORRE", "DESCRIPCION": "DEPINCRI BELLAVISTA/LA PERLA/C.DE LA LEGUA", "FECHA_NACIMIENTO": 19810205, "EDAD_PERSONA": 43, "SEXO": "MASCULINO", "ESTADO_CIVIL": "SOLTERO(A)", "GRADO_INSTRUCCION": "NO INDICA", "OCUPACION": "NO INDICA", "PAIS_NATAL": "PERU", "LONGITUD": -77.1236287, "LATITUD": -12.0627398, "Año": "2024", "Mes": "02" }, "geometry": { "type": "Point", "coordinates": [ 268828.676151670340914, 8665613.098110448569059 ] } },
{ "type": "Feature", "properties": { "id": "1743", "FECHA_CORTE": 20240425, "FECHA_REGISTRO": 20240220, "ID_DOC_DENUNCIA": "6157ae1f4b94a3ccfc2606c3ec9f93151b35d07b0bb17bc0033e752846deac84", "UBIGEO": 70101, "DEPARTAMENTO": "CALLAO", "PROVINCIA": "CALLAO", "DISTRITO": "CALLAO", "TIPO_DE_DENUNCIA": "DENUNCIA", "SITUACION_DENUNCIA": "RESUELTA", "TIPO": "PATRIMONIO (DELITO)", "SUBTIPO": "HURTO", "MODALIDAD": "HURTO", "FECHA_HECHO": 20240219, "HORA_HECHO": 1020, "UBICACION": "CALLE NENUFARES PARQUE LAS MUSAS  VIPOL CALLAO", "DESCRIPCION": "JUAN INGUNZA VALDIVIA", "FECHA_NACIMIENTO": 19630729, "EDAD_PERSONA": 60, "SEXO": "FEMENINO", "ESTADO_CIVIL": "CASADO(A)", "GRADO_INSTRUCCION": "NO INDICA", "OCUPACION": "NO INDICA", "PAIS_NATAL": "PERU", "LONGITUD": -77.0997029, "LATITUD": -12.0080504, "Año": "2024", "Mes": "02" }, "geometry": { "type": "Point", "coordinates": [ 271387.977944117039442, 8671684.372368110343814 ] } },
{ "type": "Feature", "properties": { "id": "1747", "FECHA_CORTE": 20240425, "FECHA_REGISTRO": 20240209, "ID_DOC_DENUNCIA": "f333909281626a0811f5ecc8201e93262bacd054c36b30ced240f0b5dd056f27", "UBIGEO": 70101, "DEPARTAMENTO": "CALLAO", "PROVINCIA": "CALLAO", "DISTRITO": "CALLAO", "TIPO_DE_DENUNCIA": "DENUNCIA", "SITUACION_DENUNCIA": "RESUELTA", "TIPO": "PATRIMONIO (DELITO)", "SUBTIPO": "HURTO", "MODALIDAD": "HURTO", "FECHA_HECHO": 20240209, "HORA_HECHO": 1300, "UBICACION": "AV. ARGENTINA 3525  CALLAO 07001", "DESCRIPCION": "LA LEGUA", "FECHA_NACIMIENTO": 19740320, "EDAD_PERSONA": 49, "SEXO": "FEMENINO", "ESTADO_CIVIL": "CASADO(A)", "GRADO_INSTRUCCION": "NO INDICA", "OCUPACION": "NO INDICA", "PAIS_NATAL": "PERU", "LONGITUD": -77.1080108, "LATITUD": -12.0491444, "Año": "2024", "Mes": "02" }, "geometry": { "type": "Point", "coordinates": [ 270517.93256884085713, 8667130.524118592962623 ] } },
{ "type": "Feature", "properties": { "id": "1753", "FECHA_CORTE": 20240425, "FECHA_REGISTRO": 20240216, "ID_DOC_DENUNCIA": "327f0a7facd99c4d582a7d2af56ec4f340d7fe05f1d3726bcbc853e32a862bbe", "UBIGEO": 70101, "DEPARTAMENTO": "CALLAO", "PROVINCIA": "CALLAO", "DISTRITO": "CALLAO", "TIPO_DE_DENUNCIA": "DENUNCIA", "SITUACION_DENUNCIA": "RESUELTA", "TIPO": "PATRIMONIO (DELITO)", "SUBTIPO": "HURTO", "MODALIDAD": "HURTO", "FECHA_HECHO": 20240215, "HORA_HECHO": 1745, "UBICACION": "AV SAENZ PENA CON JR GUISSE  CALLAO CALLAO", "DESCRIPCION": "LA PERLA", "FECHA_NACIMIENTO": 19760730, "EDAD_PERSONA": 47, "SEXO": "FEMENINO", "ESTADO_CIVIL": "CASADO(A)", "GRADO_INSTRUCCION": "NO INDICA", "OCUPACION": "AMA DE CASA", "PAIS_NATAL": "PERU", "LONGITUD": -77.1370233, "LATITUD": -12.0600776, "Año": "2024", "Mes": "02" }, "geometry": { "type": "Point", "coordinates": [ 267367.667050143703818, 8665896.328653916716576 ] } },
{ "type": "Feature", "properties": { "id": "1773", "FECHA_CORTE": 20240425, "FECHA_REGISTRO": 20240219, "ID_DOC_DENUNCIA": "ac304303380d1f27972fed6983873abd65f32f907028a6b4f50f2894f0bc970b", "UBIGEO": 70101, "DEPARTAMENTO": "CALLAO", "PROVINCIA": "CALLAO", "DISTRITO": "CALLAO", "TIPO_DE_DENUNCIA": "DENUNCIA", "SITUACION_DENUNCIA": "RESUELTA", "TIPO": "PATRIMONIO (DELITO)", "SUBTIPO": "HURTO", "MODALIDAD": "HURTO DE VEHICULO", "FECHA_HECHO": 20240219, "HORA_HECHO": 1430, "UBICACION": "VIA AUXILIAR DE LA AV. NESTOR GAMBETA KM. 13 AL FRONTIS DE LA EMPRESA TASA- CALLAO", "DESCRIPCION": "MARQUEZ", "FECHA_NACIMIENTO": 19670117, "EDAD_PERSONA": 57, "SEXO": "MASCULINO", "ESTADO_CIVIL": "CASADO(A)", "GRADO_INSTRUCCION": "NO INDICA", "OCUPACION": "NO INDICA", "PAIS_NATAL": "PERU", "LONGITUD": -77.11066837, "LATITUD": -12.02584655, "Año": "2024", "Mes": "02" }, "geometry": { "type": "Point", "coordinates": [ 270208.690383355482481, 8669706.143841620534658 ] } },
{ "type": "Feature", "properties": { "id": "1774", "FECHA_CORTE": 20240425, "FECHA_REGISTRO": 20240216, "ID_DOC_DENUNCIA": "ce06609ff5e3703131db6c1dae7eeed515ebe1df2ae35f1c48cdb86502b239ff", "UBIGEO": 70102, "DEPARTAMENTO": "CALLAO", "PROVINCIA": "CALLAO", "DISTRITO": "BELLAVISTA", "TIPO_DE_DENUNCIA": "DENUNCIA", "SITUACION_DENUNCIA": "RESUELTA", "TIPO": "PATRIMONIO (DELITO)", "SUBTIPO": "ROBO", "MODALIDAD": "ROBO AGRAVADO EN BANDA", "FECHA_HECHO": 20240215, "HORA_HECHO": 2200, "UBICACION": "JIRON COLINA CUADRA 8 BELLAVISTA", "DESCRIPCION": "BELLAVISTA", "FECHA_NACIMIENTO": 19861227, "EDAD_PERSONA": 37, "SEXO": "MASCULINO", "ESTADO_CIVIL": "SOLTERO(A)", "GRADO_INSTRUCCION": "NO INDICA", "OCUPACION": "AUXILIAR DE TRANSPORTE", "PAIS_NATAL": "PERU", "LONGITUD": -77.0935886, "LATITUD": -12.0544443, "Año": "2024", "Mes": "02" }, "geometry": { "type": "Point", "coordinates": [ 272093.081335904076695, 8666556.137134226039052 ] } },
{ "type": "Feature", "properties": { "id": "1775", "FECHA_CORTE": 20240425, "FECHA_REGISTRO": 20240217, "ID_DOC_DENUNCIA": "0fec8b6ffa0365df921e8ef321ed3f817a668a5a302b112d19f60f41d33fa48c", "UBIGEO": 70101, "DEPARTAMENTO": "CALLAO", "PROVINCIA": "CALLAO", "DISTRITO": "CALLAO", "TIPO_DE_DENUNCIA": "ACTA DE INTERVENCION", "SITUACION_DENUNCIA": "RESUELTA", "TIPO": "PATRIMONIO (DELITO)", "SUBTIPO": "HURTO", "MODALIDAD": "HURTO", "FECHA_HECHO": 20240217, "HORA_HECHO": 1430, "UBICACION": "INTERSECCION DEL JR. ZEPITA CON EL JR. SUCRE CALLAO", "DESCRIPCION": "CALLAO", "FECHA_NACIMIENTO": 19960121, "EDAD_PERSONA": 28, "SEXO": "FEMENINO", "ESTADO_CIVIL": "CASADO(A)", "GRADO_INSTRUCCION": "NO INDICA", "OCUPACION": "NO INDICA", "PAIS_NATAL": "PERU", "LONGITUD": -77.1394656, "LATITUD": -12.055746, "Año": "2024", "Mes": "02" }, "geometry": { "type": "Point", "coordinates": [ 267097.948895576177165, 8666373.542554207146168 ] } },
{ "type": "Feature", "properties": { "id": "1777", "FECHA_CORTE": 20240425, "FECHA_REGISTRO": 20240223, "ID_DOC_DENUNCIA": "34938f2b92ae418f1663cae0f78d9da829eaf39b24698815c7147f2a507cd13e", "UBIGEO": 70101, "DEPARTAMENTO": "CALLAO", "PROVINCIA": "CALLAO", "DISTRITO": "CALLAO", "TIPO_DE_DENUNCIA": "DENUNCIA", "SITUACION_DENUNCIA": "RESUELTA", "TIPO": "PATRIMONIO (DELITO)", "SUBTIPO": "HURTO", "MODALIDAD": "HURTO AGRAVADO DURANTE LA NOCHE", "FECHA_HECHO": 20240223, "HORA_HECHO": 2100, "UBICACION": "AV. TOMAS VALLE CUADRA 38 CALLAO", "DESCRIPCION": "BOCANEGRA", "FECHA_NACIMIENTO": 19900625, "EDAD_PERSONA": 33, "SEXO": "MASCULINO", "ESTADO_CIVIL": "CASADO(A)", "GRADO_INSTRUCCION": "NO INDICA", "OCUPACION": "INGENIERO MECANICO", "PAIS_NATAL": "PERU", "LONGITUD": -77.0923087, "LATITUD": -12.0122639, "Año": "2024", "Mes": "02" }, "geometry": { "type": "Point", "coordinates": [ 272196.919659003207926, 8671224.298226369544864 ] } },
{ "type": "Feature", "properties": { "id": "1778", "FECHA_CORTE": 20240425, "FECHA_REGISTRO": 20240206, "ID_DOC_DENUNCIA": "c6147e32f6a984fc1687511aa96f85b398897bb0d841668e94f0bedd039d7da3", "UBIGEO": 70102, "DEPARTAMENTO": "CALLAO", "PROVINCIA": "CALLAO", "DISTRITO": "BELLAVISTA", "TIPO_DE_DENUNCIA": "OCURRENCIA", "SITUACION_DENUNCIA": "PENDIENTE", "TIPO": "PATRIMONIO (DELITO)", "SUBTIPO": "HURTO", "MODALIDAD": "HURTO DE ACCESORIOS Y AUTOPARTES DE VEHICULOS", "FECHA_HECHO": 20240205, "HORA_HECHO": 2000, "UBICACION": "CALLE LAS AGUILAS 137 URB SANTA CECILIA", "DESCRIPCION": "CIUDAD DEL PESCADOR", "FECHA_NACIMIENTO": 19851002, "EDAD_PERSONA": 38, "SEXO": "MASCULINO", "ESTADO_CIVIL": "SOLTERO(A)", "GRADO_INSTRUCCION": "NO INDICA", "OCUPACION": "NO INDICA", "PAIS_NATAL": "PERU", "LONGITUD": -77.0948249, "LATITUD": -12.0615626, "Año": "2024", "Mes": "02" }, "geometry": { "type": "Point", "coordinates": [ 271964.461639520362951, 8665767.494348442181945 ] } },
{ "type": "Feature", "properties": { "id": "1780", "FECHA_CORTE": 20240425, "FECHA_REGISTRO": 20240222, "ID_DOC_DENUNCIA": "d4825bfd391bc8918ecff7c31ebe09e1f31647b5f2dbb0d60135e17e06592d5c", "UBIGEO": 70102, "DEPARTAMENTO": "CALLAO", "PROVINCIA": "CALLAO", "DISTRITO": "BELLAVISTA", "TIPO_DE_DENUNCIA": "ACTA DE INTERVENCION", "SITUACION_DENUNCIA": "RESUELTA", "TIPO": "PATRIMONIO (DELITO)", "SUBTIPO": "ROBO", "MODALIDAD": "ROBO AGRAVADO", "FECHA_HECHO": 20240222, "HORA_HECHO": 1745, "UBICACION": "JIRON ALFONSO UGARTE NRO 576 BELLAVISTA", "DESCRIPCION": "BELLAVISTA", "FECHA_NACIMIENTO": 19880807, "EDAD_PERSONA": 35, "SEXO": "FEMENINO", "ESTADO_CIVIL": "SOLTERO(A)", "GRADO_INSTRUCCION": "NO INDICA", "OCUPACION": "EMPLEADA", "PAIS_NATAL": "PERU", "LONGITUD": -77.1283933, "LATITUD": -12.0655482, "Año": "2024", "Mes": "02" }, "geometry": { "type": "Point", "coordinates": [ 268312.212010751944035, 8665298.326836124062538 ] } },
{ "type": "Feature", "properties": { "id": "1782", "FECHA_CORTE": 20240425, "FECHA_REGISTRO": 20240220, "ID_DOC_DENUNCIA": "0960a218493c5d45dd472a6133de61df200eb787e46cb5f70db7ce9f1e009b0f", "UBIGEO": 70101, "DEPARTAMENTO": "CALLAO", "PROVINCIA": "CALLAO", "DISTRITO": "CALLAO", "TIPO_DE_DENUNCIA": "OCURRENCIA", "SITUACION_DENUNCIA": "PENDIENTE", "TIPO": "PATRIMONIO (DELITO)", "SUBTIPO": "HURTO", "MODALIDAD": "HURTO", "FECHA_HECHO": 20240216, "HORA_HECHO": 700, "UBICACION": "RESIDENCIAL CHUCUITO LETRA E11 CALLAO", "DESCRIPCION": "CALLAO", "FECHA_NACIMIENTO": 19751008, "EDAD_PERSONA": 48, "SEXO": "FEMENINO", "ESTADO_CIVIL": "CASADO(A)", "GRADO_INSTRUCCION": "NO INDICA", "OCUPACION": "INDEPENDIENTE", "PAIS_NATAL": "PERU", "LONGITUD": -77.0992983, "LATITUD": -12.0263426, "Año": "2024", "Mes": "02" }, "geometry": { "type": "Point", "coordinates": [ 271447.495247871382162, 8669660.741398725658655 ] } },
{ "type": "Feature", "properties": { "id": "1784", "FECHA_CORTE": 20240425, "FECHA_REGISTRO": 20240224, "ID_DOC_DENUNCIA": "bf2297f8a56016975b8d0e0da8fbf8d757652a6342822c8372b6c3990b0009f0", "UBIGEO": 70102, "DEPARTAMENTO": "CALLAO", "PROVINCIA": "CALLAO", "DISTRITO": "BELLAVISTA", "TIPO_DE_DENUNCIA": "ACTA DE INTERVENCION", "SITUACION_DENUNCIA": "PENDIENTE", "TIPO": "PATRIMONIO (DELITO)", "SUBTIPO": "HURTO", "MODALIDAD": "HURTO DE ACCESORIOS Y AUTOPARTES DE VEHICULOS", "FECHA_HECHO": 20240224, "HORA_HECHO": 600, "UBICACION": "CALLE 5 MZ H LT 08 URB IMPERIO BELLAVISTA", "DESCRIPCION": "CIUDAD DEL PESCADOR", "FECHA_NACIMIENTO": 19840922, "EDAD_PERSONA": 39, "SEXO": "MASCULINO", "ESTADO_CIVIL": "CASADO(A)", "GRADO_INSTRUCCION": "NO INDICA", "OCUPACION": "NO INDICA", "PAIS_NATAL": "PERU", "LONGITUD": -77.09276907, "LATITUD": -12.05965608, "Año": "2024", "Mes": "02" }, "geometry": { "type": "Point", "coordinates": [ 272186.733169899671338, 8665980.154184777289629 ] } },
{ "type": "Feature", "properties": { "id": "1785", "FECHA_CORTE": 20240425, "FECHA_REGISTRO": 20240219, "ID_DOC_DENUNCIA": "535bb7070b93a1094a96c95c167519706750cc2cee7a2457ead2197b50c03162", "UBIGEO": 70102, "DEPARTAMENTO": "CALLAO", "PROVINCIA": "CALLAO", "DISTRITO": "BELLAVISTA", "TIPO_DE_DENUNCIA": "DENUNCIA", "SITUACION_DENUNCIA": "RESUELTA", "TIPO": "PATRIMONIO (DELITO)", "SUBTIPO": "HURTO", "MODALIDAD": "HURTO AGRAVADO", "FECHA_HECHO": 20240213, "HORA_HECHO": 730, "UBICACION": "AV OSCAR BENAVIDES", "DESCRIPCION": "DEPINCRI BELLAVISTA/LA PERLA/C.DE LA LEGUA", "FECHA_NACIMIENTO": 19850715, "EDAD_PERSONA": 38, "SEXO": "MASCULINO", "ESTADO_CIVIL": "SOLTERO(A)", "GRADO_INSTRUCCION": "NO INDICA", "OCUPACION": "NO INDICA", "PAIS_NATAL": "PERU", "LONGITUD": -77.0902094, "LATITUD": -12.05658246, "Año": "2024", "Mes": "02" }, "geometry": { "type": "Point", "coordinates": [ 272462.892756883054972, 8666322.365302754566073 ] } },
{ "type": "Feature", "properties": { "id": "1789", "FECHA_CORTE": 20240425, "FECHA_REGISTRO": 20240218, "ID_DOC_DENUNCIA": "e9a6441f6f984f8c537ee04e9d43d29a300412f8565655eb75a3d5eb1a89a729", "UBIGEO": 70102, "DEPARTAMENTO": "CALLAO", "PROVINCIA": "CALLAO", "DISTRITO": "BELLAVISTA", "TIPO_DE_DENUNCIA": "ACTA DE DENUNCIA VERBAL", "SITUACION_DENUNCIA": "RESUELTA", "TIPO": "PATRIMONIO (DELITO)", "SUBTIPO": "ROBO", "MODALIDAD": "ROBO AGRAVADO EN BANDA", "FECHA_HECHO": 20240218, "HORA_HECHO": 1700, "UBICACION": "LOZA DEPORTIVA DEL AGUILA", "DESCRIPCION": "DEPINCRI BELLAVISTA/LA PERLA/C.DE LA LEGUA", "FECHA_NACIMIENTO": 19860212, "EDAD_PERSONA": 38, "SEXO": "FEMENINO", "ESTADO_CIVIL": "SOLTERO(A)", "GRADO_INSTRUCCION": "NO INDICA", "OCUPACION": "NO INDICA", "PAIS_NATAL": "PERU", "LONGITUD": -77.11121599000001, "LATITUD": -12.06315044, "Año": "2024", "Mes": "02" }, "geometry": { "type": "Point", "coordinates": [ 270180.797249661583919, 8665578.106591558083892 ] } },
{ "type": "Feature", "properties": { "id": "1791", "FECHA_CORTE": 20240425, "FECHA_REGISTRO": 20240212, "ID_DOC_DENUNCIA": "003153f550e1118283406d268d3b88a508be84c65a6d054473fd6040bb20e1c4", "UBIGEO": 70102, "DEPARTAMENTO": "CALLAO", "PROVINCIA": "CALLAO", "DISTRITO": "BELLAVISTA", "TIPO_DE_DENUNCIA": "ACTA DE DENUNCIA VERBAL", "SITUACION_DENUNCIA": "RESUELTA", "TIPO": "PATRIMONIO (DELITO)", "SUBTIPO": "ROBO", "MODALIDAD": "ROBO AGRAVADO", "FECHA_HECHO": 20240212, "HORA_HECHO": 130, "UBICACION": "RESTOBAR EL MIRADOR", "DESCRIPCION": "DEPINCRI BELLAVISTA/LA PERLA/C.DE LA LEGUA", "FECHA_NACIMIENTO": 20000425, "EDAD_PERSONA": 23, "SEXO": "MASCULINO", "ESTADO_CIVIL": "SOLTERO(A)", "GRADO_INSTRUCCION": "NO INDICA", "OCUPACION": "NO INDICA", "PAIS_NATAL": "PERU", "LONGITUD": -77.08885292, "LATITUD": -12.05468365, "Año": "2024", "Mes": "02" }, "geometry": { "type": "Point", "coordinates": [ 272609.016819547628984, 8666533.586926802992821 ] } },
{ "type": "Feature", "properties": { "id": "1794", "FECHA_CORTE": 20240425, "FECHA_REGISTRO": 20240228, "ID_DOC_DENUNCIA": "c625c2c4a3d38a4efe12dabb136cfd9c066ec2d887d3f0acc65026ebcdb9944e", "UBIGEO": 70102, "DEPARTAMENTO": "CALLAO", "PROVINCIA": "CALLAO", "DISTRITO": "BELLAVISTA", "TIPO_DE_DENUNCIA": "OCURRENCIA", "SITUACION_DENUNCIA": "PENDIENTE", "TIPO": "PATRIMONIO (DELITO)", "SUBTIPO": "HURTO", "MODALIDAD": "HURTO DE ACCESORIOS Y AUTOPARTES DE VEHICULOS", "FECHA_HECHO": 20240228, "HORA_HECHO": 300, "UBICACION": "PARQUE ISABELA CATOLICA BELLAVISTA FRONTIS DE LA GERENCIA DE SERVICIOS SOCIALES DE EDUCACION CULTURA", "DESCRIPCION": "BELLAVISTA", "FECHA_NACIMIENTO": 19970911, "EDAD_PERSONA": 26, "SEXO": "MASCULINO", "ESTADO_CIVIL": "SOLTERO(A)", "GRADO_INSTRUCCION": "NO INDICA", "OCUPACION": "NO INDICA", "PAIS_NATAL": "PERU", "LONGITUD": -77.1052089, "LATITUD": -12.0587251, "Año": "2024", "Mes": "02" }, "geometry": { "type": "Point", "coordinates": [ 270831.216806296259165, 8666072.790655585005879 ] } },
{ "type": "Feature", "properties": { "id": "1805", "FECHA_CORTE": 20240425, "FECHA_REGISTRO": 20240211, "ID_DOC_DENUNCIA": "5f757e814065a69b985aa0c1b540a58a4740b87bfeed22bd9c6a28a102a83154", "UBIGEO": 70101, "DEPARTAMENTO": "CALLAO", "PROVINCIA": "CALLAO", "DISTRITO": "CALLAO", "TIPO_DE_DENUNCIA": "DENUNCIA", "SITUACION_DENUNCIA": "RESUELTA", "TIPO": "PATRIMONIO (DELITO)", "SUBTIPO": "HURTO", "MODALIDAD": "HURTO DE CELULAR", "FECHA_HECHO": 20240211, "HORA_HECHO": 1300, "UBICACION": "AV INSURGENTES CON AV ARGENTINA", "DESCRIPCION": "LA LEGUA", "FECHA_NACIMIENTO": 20050318, "EDAD_PERSONA": 18, "SEXO": "MASCULINO", "ESTADO_CIVIL": "SOLTERO(A)", "GRADO_INSTRUCCION": "SECUNDARIA", "OCUPACION": "NO INDICA", "PAIS_NATAL": "PERU", "LONGITUD": -77.10626, "LATITUD": -12.04983, "Año": "2024", "Mes": "02" }, "geometry": { "type": "Point", "coordinates": [ 270709.189377322909422, 8667056.128946144133806 ] } },
{ "type": "Feature", "properties": { "id": "1807", "FECHA_CORTE": 20240425, "FECHA_REGISTRO": 20240214, "ID_DOC_DENUNCIA": "cf38dbc910e88ef7cdd467cb378e41edc2cc2e9830d44472506479f54e7ec2e7", "UBIGEO": 70101, "DEPARTAMENTO": "CALLAO", "PROVINCIA": "CALLAO", "DISTRITO": "CALLAO", "TIPO_DE_DENUNCIA": "ACTA DE INTERVENCION", "SITUACION_DENUNCIA": "PENDIENTE", "TIPO": "PATRIMONIO (DELITO)", "SUBTIPO": "HURTO", "MODALIDAD": "HURTO AGRAVADO", "FECHA_HECHO": 20240214, "HORA_HECHO": 300, "UBICACION": "AV. GUARDIA CHALACA 584-586 CALLAO", "DESCRIPCION": "CALLAO", "FECHA_NACIMIENTO": 19470524, "EDAD_PERSONA": 76, "SEXO": "MASCULINO", "ESTADO_CIVIL": "SOLTERO(A)", "GRADO_INSTRUCCION": "SECUNDARIA", "OCUPACION": "NO INDICA", "PAIS_NATAL": "PERU", "LONGITUD": -77.1369573, "LATITUD": -12.0537892, "Año": "2024", "Mes": "02" }, "geometry": { "type": "Point", "coordinates": [ 267369.431355266075116, 8666592.191116508096457 ] } },
{ "type": "Feature", "properties": { "id": "1812", "FECHA_CORTE": 20240425, "FECHA_REGISTRO": 20240208, "ID_DOC_DENUNCIA": "a818749c9b3efdc97feb4ea5171ded416622ba21de17d6349571aaab59df4c51", "UBIGEO": 70101, "DEPARTAMENTO": "CALLAO", "PROVINCIA": "CALLAO", "DISTRITO": "CALLAO", "TIPO_DE_DENUNCIA": "DENUNCIA", "SITUACION_DENUNCIA": "RESUELTA", "TIPO": "PATRIMONIO (DELITO)", "SUBTIPO": "ROBO", "MODALIDAD": "ROBO", "FECHA_HECHO": 20240208, "HORA_HECHO": 1430, "UBICACION": "INTERSECCION DE LA AV. CONTRALMIRANTE MORA CON LA AV. BOULEVARD", "DESCRIPCION": "CIUDADELA CHALACA", "FECHA_NACIMIENTO": 19751103, "EDAD_PERSONA": 48, "SEXO": "MASCULINO", "ESTADO_CIVIL": "CASADO(A)", "GRADO_INSTRUCCION": "NO INDICA", "OCUPACION": "NO INDICA", "PAIS_NATAL": "PERU", "LONGITUD": -77.1360737, "LATITUD": -12.0422711, "Año": "2024", "Mes": "02" }, "geometry": { "type": "Point", "coordinates": [ 267455.739235001965426, 8667867.407992769032717 ] } },
{ "type": "Feature", "properties": { "id": "1813", "FECHA_CORTE": 20240425, "FECHA_REGISTRO": 20240203, "ID_DOC_DENUNCIA": "0382355d352b6e4a8333c73c6a63c38e3c8f8fdfc783f978d6baccf3742c7172", "UBIGEO": 70104, "DEPARTAMENTO": "CALLAO", "PROVINCIA": "CALLAO", "DISTRITO": "LA PERLA", "TIPO_DE_DENUNCIA": "OCURRENCIA", "SITUACION_DENUNCIA": "RESUELTA", "TIPO": "PATRIMONIO (DELITO)", "SUBTIPO": "HURTO", "MODALIDAD": "HURTO", "FECHA_HECHO": 20240202, "HORA_HECHO": 2200, "UBICACION": "AV COSTANERA", "DESCRIPCION": "LA PERLA", "FECHA_NACIMIENTO": 19941104, "EDAD_PERSONA": 29, "SEXO": "FEMENINO", "ESTADO_CIVIL": "SOLTERO(A)", "GRADO_INSTRUCCION": "SUPERIOR", "OCUPACION": "ENFERMERA", "PAIS_NATAL": "PERU", "LONGITUD": -77.13128934, "LATITUD": -12.06853935, "Año": "2024", "Mes": "02" }, "geometry": { "type": "Point", "coordinates": [ 267999.402904418937396, 8664964.907638320699334 ] } },
{ "type": "Feature", "properties": { "id": "1816", "FECHA_CORTE": 20240425, "FECHA_REGISTRO": 20240206, "ID_DOC_DENUNCIA": "6bfcc7e3bb24fc666a67c8fc9be18857a7ed0565be64c3a73146f0b3a71a4b01", "UBIGEO": 70102, "DEPARTAMENTO": "CALLAO", "PROVINCIA": "CALLAO", "DISTRITO": "BELLAVISTA", "TIPO_DE_DENUNCIA": "DENUNCIA", "SITUACION_DENUNCIA": "RESUELTA", "TIPO": "PATRIMONIO (DELITO)", "SUBTIPO": "HURTO", "MODALIDAD": "HURTO", "FECHA_HECHO": 20240206, "HORA_HECHO": 2000, "UBICACION": "MALL PLAZA DE BELLAVISTA  CALLAO", "DESCRIPCION": "LA PERLA", "FECHA_NACIMIENTO": 20030226, "EDAD_PERSONA": 20, "SEXO": "MASCULINO", "ESTADO_CIVIL": "SOLTERO(A)", "GRADO_INSTRUCCION": "SECUNDARIA", "OCUPACION": "NO INDICA", "PAIS_NATAL": "PERU", "LONGITUD": -77.1026218, "LATITUD": -12.0551303, "Año": "2024", "Mes": "02" }, "geometry": { "type": "Point", "coordinates": [ 271109.909171517065261, 8666472.70663551427424 ] } },
{ "type": "Feature", "properties": { "id": "1817", "FECHA_CORTE": 20240425, "FECHA_REGISTRO": 20240203, "ID_DOC_DENUNCIA": "5b5791e77dd5dc39a20c663c832c70069ec9e9cc67516c3abb355488733310e0", "UBIGEO": 70104, "DEPARTAMENTO": "CALLAO", "PROVINCIA": "CALLAO", "DISTRITO": "LA PERLA", "TIPO_DE_DENUNCIA": "DENUNCIA", "SITUACION_DENUNCIA": "RESUELTA", "TIPO": "PATRIMONIO (DELITO)", "SUBTIPO": "HURTO", "MODALIDAD": "HURTO", "FECHA_HECHO": 20240202, "HORA_HECHO": 35, "UBICACION": "AV LA MARINA 736", "DESCRIPCION": "LA PERLA", "FECHA_NACIMIENTO": 19690912, "EDAD_PERSONA": 54, "SEXO": "MASCULINO", "ESTADO_CIVIL": "CASADO(A)", "GRADO_INSTRUCCION": "NO INDICA", "OCUPACION": "NO INDICA", "PAIS_NATAL": "PERU", "LONGITUD": -77.1138434, "LATITUD": -12.0688829, "Año": "2024", "Mes": "02" }, "geometry": { "type": "Point", "coordinates": [ 269899.561833078740165, 8664941.617043064907193 ] } },
{ "type": "Feature", "properties": { "id": "1819", "FECHA_CORTE": 20240425, "FECHA_REGISTRO": 20240225, "ID_DOC_DENUNCIA": "244e9f13c1929982ac392fde1ca42e8ce87549e2b3613b0d9c9f0b6cfe65e451", "UBIGEO": 70104, "DEPARTAMENTO": "CALLAO", "PROVINCIA": "CALLAO", "DISTRITO": "LA PERLA", "TIPO_DE_DENUNCIA": "OCURRENCIA", "SITUACION_DENUNCIA": "PENDIENTE", "TIPO": "PATRIMONIO (DELITO)", "SUBTIPO": "HURTO", "MODALIDAD": "HURTO AGRAVADO", "FECHA_HECHO": 20240223, "HORA_HECHO": 300, "UBICACION": "CALLE JOSE MARIATEGUI NRO 110 LA PERLA CALLAO", "DESCRIPCION": "LA PERLA", "FECHA_NACIMIENTO": 19761201, "EDAD_PERSONA": 47, "SEXO": "MASCULINO", "ESTADO_CIVIL": "CASADO(A)", "GRADO_INSTRUCCION": "NO INDICA", "OCUPACION": "INGENIERO", "PAIS_NATAL": "PERU", "LONGITUD": -77.1107393, "LATITUD": -12.0668108, "Año": "2024", "Mes": "02" }, "geometry": { "type": "Point", "coordinates": [ 270235.829639286617748, 8665173.496706780046225 ] } },
{ "type": "Feature", "properties": { "id": "1820", "FECHA_CORTE": 20240425, "FECHA_REGISTRO": 20240205, "ID_DOC_DENUNCIA": "d4947a34824324899f51b1d1b64827b18ae9143a2fbe5401f8305ce078bcd923", "UBIGEO": 70101, "DEPARTAMENTO": "CALLAO", "PROVINCIA": "CALLAO", "DISTRITO": "CALLAO", "TIPO_DE_DENUNCIA": "DENUNCIA", "SITUACION_DENUNCIA": "RESUELTA", "TIPO": "PATRIMONIO (DELITO)", "SUBTIPO": "ROBO", "MODALIDAD": "ROBO AGRAVADO", "FECHA_HECHO": 20240203, "HORA_HECHO": 1910, "UBICACION": "A LA ALTURA DE LA INTERSECCION DE LA AV. MIGUEL GRAU CON EL JR. SALOOM ? CALLAO", "DESCRIPCION": "CALLAO", "FECHA_NACIMIENTO": 19690924, "EDAD_PERSONA": 54, "SEXO": "FEMENINO", "ESTADO_CIVIL": "CASADO(A)", "GRADO_INSTRUCCION": "NO INDICA", "OCUPACION": "COMERCIANTE", "PAIS_NATAL": "PERU", "LONGITUD": -77.1392985, "LATITUD": -12.0642483, "Año": "2024", "Mes": "02" }, "geometry": { "type": "Point", "coordinates": [ 267123.489807282981928, 8665432.910364396870136 ] } },
{ "type": "Feature", "properties": { "id": "1831", "FECHA_CORTE": 20240425, "FECHA_REGISTRO": 20240226, "ID_DOC_DENUNCIA": "37b89b0a1e7095829652602841228c8026f968566acb9a21e12bc7a25f821ee0", "UBIGEO": 70101, "DEPARTAMENTO": "CALLAO", "PROVINCIA": "CALLAO", "DISTRITO": "CALLAO", "TIPO_DE_DENUNCIA": "OCURRENCIA", "SITUACION_DENUNCIA": "PENDIENTE", "TIPO": "PATRIMONIO (DELITO)", "SUBTIPO": "HURTO", "MODALIDAD": "HURTO DE ACCESORIOS Y AUTOPARTES DE VEHICULOS", "FECHA_HECHO": 20240222, "HORA_HECHO": 100, "UBICACION": "CALLE LAMBDA 208 URB LA COLONIAL", "DESCRIPCION": "LA LEGUA", "FECHA_NACIMIENTO": 19920627, "EDAD_PERSONA": 31, "SEXO": "MASCULINO", "ESTADO_CIVIL": "SOLTERO(A)", "GRADO_INSTRUCCION": "SECUNDARIA", "OCUPACION": "NO INDICA", "PAIS_NATAL": "PERU", "LONGITUD": -77.09046388, "LATITUD": -12.05066581, "Año": "2024", "Mes": "02" }, "geometry": { "type": "Point", "coordinates": [ 272430.188971799332649, 8666976.808449512347579 ] } },
{ "type": "Feature", "properties": { "id": "1832", "FECHA_CORTE": 20240425, "FECHA_REGISTRO": 20240223, "ID_DOC_DENUNCIA": "c197762151976ac3d546a541cfa156bd2fec7cb923966cc08c14ef343aa1cc06", "UBIGEO": 70101, "DEPARTAMENTO": "CALLAO", "PROVINCIA": "CALLAO", "DISTRITO": "CALLAO", "TIPO_DE_DENUNCIA": "ACTA DE DENUNCIA VERBAL", "SITUACION_DENUNCIA": "PENDIENTE", "TIPO": "PATRIMONIO (DELITO)", "SUBTIPO": "ROBO", "MODALIDAD": "ROBO AGRAVADO A MANO ARMADA", "FECHA_HECHO": 20240223, "HORA_HECHO": 130, "UBICACION": "TUMBES CON MONTEAGUDO", "DESCRIPCION": "DEPINCRI CALLAO/LA PUNTA", "FECHA_NACIMIENTO": 19770110, "EDAD_PERSONA": 47, "SEXO": "MASCULINO", "ESTADO_CIVIL": "CASADO(A)", "GRADO_INSTRUCCION": "NO INDICA", "OCUPACION": "NO INDICA", "PAIS_NATAL": "PERU", "LONGITUD": -77.09511545, "LATITUD": -12.00779281, "Año": "2024", "Mes": "02" }, "geometry": { "type": "Point", "coordinates": [ 271887.439663922297768, 8671716.680982727557421 ] } },
{ "type": "Feature", "properties": { "id": "1833", "FECHA_CORTE": 20240425, "FECHA_REGISTRO": 20240226, "ID_DOC_DENUNCIA": "df62b05344a6e004039423c1005aa3a95fd4b974e84c17ccaa0fb6de049c109f", "UBIGEO": 70101, "DEPARTAMENTO": "CALLAO", "PROVINCIA": "CALLAO", "DISTRITO": "CALLAO", "TIPO_DE_DENUNCIA": "OCURRENCIA", "SITUACION_DENUNCIA": "PENDIENTE", "TIPO": "PATRIMONIO (DELITO)", "SUBTIPO": "HURTO", "MODALIDAD": "HURTO DE ACCESORIOS Y AUTOPARTES DE VEHICULOS", "FECHA_HECHO": 20240222, "HORA_HECHO": 100, "UBICACION": "CALLE LAMBDA 208 URB LA COLONIAL", "DESCRIPCION": "LA LEGUA", "FECHA_NACIMIENTO": 19920627, "EDAD_PERSONA": 31, "SEXO": "MASCULINO", "ESTADO_CIVIL": "SOLTERO(A)", "GRADO_INSTRUCCION": "SECUNDARIA", "OCUPACION": "NO INDICA", "PAIS_NATAL": "PERU", "LONGITUD": -77.1259843, "LATITUD": -12.0508491, "Año": "2024", "Mes": "02" }, "geometry": { "type": "Point", "coordinates": [ 268561.942904468858615, 8666926.796845387667418 ] } },
{ "type": "Feature", "properties": { "id": "1835", "FECHA_CORTE": 20240425, "FECHA_REGISTRO": 20240207, "ID_DOC_DENUNCIA": "6d052aafc570c8f1a8ada2bba3311ceba82b87299f5d8fa0f8a408c0183f36d4", "UBIGEO": 70101, "DEPARTAMENTO": "CALLAO", "PROVINCIA": "CALLAO", "DISTRITO": "CALLAO", "TIPO_DE_DENUNCIA": "OCURRENCIA", "SITUACION_DENUNCIA": "RESUELTA", "TIPO": "PATRIMONIO (DELITO)", "SUBTIPO": "HURTO", "MODALIDAD": "HURTO DE VEHICULO", "FECHA_HECHO": 20240201, "HORA_HECHO": 10, "UBICACION": "AV LA MARINA CON PASAJE PITAGORAS LA PERLA CALLAO", "DESCRIPCION": "LA PERLA", "FECHA_NACIMIENTO": 19940828, "EDAD_PERSONA": 29, "SEXO": "MASCULINO", "ESTADO_CIVIL": "SOLTERO(A)", "GRADO_INSTRUCCION": "SECUNDARIA", "OCUPACION": "INDEPENDIENTE", "PAIS_NATAL": "VENEZUELA", "LONGITUD": -77.1118957, "LATITUD": -12.0693129, "Año": "2024", "Mes": "02" }, "geometry": { "type": "Point", "coordinates": [ 270112.032030196278356, 8664895.67472262494266 ] } },
{ "type": "Feature", "properties": { "id": "1839", "FECHA_CORTE": 20240425, "FECHA_REGISTRO": 20240224, "ID_DOC_DENUNCIA": "ab0cb64ffed6612aa77c42ec28b63e9bb6c1916cd413d078351cfce0b081fb53", "UBIGEO": 70101, "DEPARTAMENTO": "CALLAO", "PROVINCIA": "CALLAO", "DISTRITO": "CALLAO", "TIPO_DE_DENUNCIA": "DENUNCIA", "SITUACION_DENUNCIA": "RESUELTA", "TIPO": "PATRIMONIO (DELITO)", "SUBTIPO": "HURTO", "MODALIDAD": "HURTO AGRAVADO", "FECHA_HECHO": 20240223, "HORA_HECHO": 2030, "UBICACION": "CUARTO NIVEL DE DOMICILIO EN JR. LORETO MZ. 2M LOTE 3 ASENT. H. DULANTO", "DESCRIPCION": "DULANTO", "FECHA_NACIMIENTO": 19880601, "EDAD_PERSONA": 35, "SEXO": "MASCULINO", "ESTADO_CIVIL": "SOLTERO(A)", "GRADO_INSTRUCCION": "SECUNDARIA", "OCUPACION": "NO INDICA", "PAIS_NATAL": "PERU", "LONGITUD": -77.1422518, "LATITUD": -12.0652928, "Año": "2024", "Mes": "02" }, "geometry": { "type": "Point", "coordinates": [ 266802.769994951668195, 8665314.824008041992784 ] } },
{ "type": "Feature", "properties": { "id": "1848", "FECHA_CORTE": 20240425, "FECHA_REGISTRO": 20240217, "ID_DOC_DENUNCIA": "d30a41089362c78cacb122075969833b92dae6f136e483e4f145411dd23077ef", "UBIGEO": 70101, "DEPARTAMENTO": "CALLAO", "PROVINCIA": "CALLAO", "DISTRITO": "CALLAO", "TIPO_DE_DENUNCIA": "ACTA DE INTERVENCION", "SITUACION_DENUNCIA": "RESUELTA", "TIPO": "PATRIMONIO (DELITO)", "SUBTIPO": "ROBO", "MODALIDAD": "ROBO AGRAVADO", "FECHA_HECHO": 20240217, "HORA_HECHO": 1902, "UBICACION": "JR. COLON NRO. 236 CALLAO", "DESCRIPCION": "CALLAO", "FECHA_NACIMIENTO": 19580420, "EDAD_PERSONA": 65, "SEXO": "MASCULINO", "ESTADO_CIVIL": "CASADO(A)", "GRADO_INSTRUCCION": "NO INDICA", "OCUPACION": "NO INDICA", "PAIS_NATAL": "PERU", "LONGITUD": -77.144978, "LATITUD": -12.062476, "Año": "2024", "Mes": "02" }, "geometry": { "type": "Point", "coordinates": [ 266503.439222636632621, 8665624.179415959864855 ] } },
{ "type": "Feature", "properties": { "id": "1855", "FECHA_CORTE": 20240425, "FECHA_REGISTRO": 20240205, "ID_DOC_DENUNCIA": "e063bb4040e5a005f89ef682fe280bfd704293a4aa96c6c46e79a04bb15b7639", "UBIGEO": 70101, "DEPARTAMENTO": "CALLAO", "PROVINCIA": "CALLAO", "DISTRITO": "CALLAO", "TIPO_DE_DENUNCIA": "DENUNCIA", "SITUACION_DENUNCIA": "RESUELTA", "TIPO": "PATRIMONIO (DELITO)", "SUBTIPO": "HURTO", "MODALIDAD": "HURTO DE CELULAR", "FECHA_HECHO": 20240205, "HORA_HECHO": 2115, "UBICACION": "AV OSCAR R BENAVIDES CON JR IQUIQUE", "DESCRIPCION": "LA LEGUA", "FECHA_NACIMIENTO": 19720902, "EDAD_PERSONA": 51, "SEXO": "MASCULINO", "ESTADO_CIVIL": "CASADO(A)", "GRADO_INSTRUCCION": "NO INDICA", "OCUPACION": "VENDEDOR", "PAIS_NATAL": "PERU", "LONGITUD": -77.09938465, "LATITUD": -12.05360126, "Año": "2024", "Mes": "02" }, "geometry": { "type": "Point", "coordinates": [ 271461.153171470330562, 8666644.591048391535878 ] } },
{ "type": "Feature", "properties": { "id": "1856", "FECHA_CORTE": 20240425, "FECHA_REGISTRO": 20240206, "ID_DOC_DENUNCIA": "dad3c2a51e3e79be9615a8650866953ee1a1ce0f40915ae95b3a21b51a6acb3d", "UBIGEO": 70102, "DEPARTAMENTO": "CALLAO", "PROVINCIA": "CALLAO", "DISTRITO": "BELLAVISTA", "TIPO_DE_DENUNCIA": "DENUNCIA", "SITUACION_DENUNCIA": "RESUELTA", "TIPO": "PATRIMONIO (DELITO)", "SUBTIPO": "HURTO", "MODALIDAD": "HURTO", "FECHA_HECHO": 20240206, "HORA_HECHO": 1830, "UBICACION": "MZ J2 LT14 URB CIUDAD DEL PESCADOR CALLE 36", "DESCRIPCION": "CIUDAD DEL PESCADOR", "FECHA_NACIMIENTO": 19891217, "EDAD_PERSONA": 34, "SEXO": "MASCULINO", "ESTADO_CIVIL": "CASADO(A)", "GRADO_INSTRUCCION": "SECUNDARIA", "OCUPACION": "NO INDICA", "PAIS_NATAL": "PERU", "LONGITUD": -77.10924533, "LATITUD": -12.05981428, "Año": "2024", "Mes": "02" }, "geometry": { "type": "Point", "coordinates": [ 270392.564243441447616, 8665948.896684831008315 ] } },
{ "type": "Feature", "properties": { "id": "1857", "FECHA_CORTE": 20240425, "FECHA_REGISTRO": 20240201, "ID_DOC_DENUNCIA": "46ab9475954239f2c8c7a83b84f71db0cd540c40985049cc0e6248cbf8b9d741", "UBIGEO": 70101, "DEPARTAMENTO": "CALLAO", "PROVINCIA": "CALLAO", "DISTRITO": "CALLAO", "TIPO_DE_DENUNCIA": "ACTA DE DENUNCIA VERBAL", "SITUACION_DENUNCIA": "RESUELTA", "TIPO": "PATRIMONIO (DELITO)", "SUBTIPO": "HURTO", "MODALIDAD": "HURTO DE VEHICULO", "FECHA_HECHO": 20240201, "HORA_HECHO": 218, "UBICACION": "CALLE HURTADO DE MENDOZA 376 URB. COLONIAL", "DESCRIPCION": "LA LEGUA", "FECHA_NACIMIENTO": 19521228, "EDAD_PERSONA": 71, "SEXO": "MASCULINO", "ESTADO_CIVIL": "CASADO(A)", "GRADO_INSTRUCCION": "NO INDICA", "OCUPACION": "NO INDICA", "PAIS_NATAL": "PERU", "LONGITUD": -77.09638002, "LATITUD": -12.05010179, "Año": "2024", "Mes": "02" }, "geometry": { "type": "Point", "coordinates": [ 271785.411795260035433, 8667034.298274347558618 ] } },
{ "type": "Feature", "properties": { "id": "1858", "FECHA_CORTE": 20240425, "FECHA_REGISTRO": 20240224, "ID_DOC_DENUNCIA": "cf61c0ca96ae764c926d6300898fd7e8e5ae89a039ffcde5bf7980d60605aae4", "UBIGEO": 70102, "DEPARTAMENTO": "CALLAO", "PROVINCIA": "CALLAO", "DISTRITO": "BELLAVISTA", "TIPO_DE_DENUNCIA": "ACTA DE INTERVENCION", "SITUACION_DENUNCIA": "RESUELTA", "TIPO": "PATRIMONIO (DELITO)", "SUBTIPO": "HURTO", "MODALIDAD": "HURTO AGRAVADO", "FECHA_HECHO": 20240224, "HORA_HECHO": 1050, "UBICACION": "ENTRE LOS JIRONES JOSE OLAYA CON ALFONSO UGARTE BELLAVISTA CALLAO", "DESCRIPCION": "BELLAVISTA", "FECHA_NACIMIENTO": 19910723, "EDAD_PERSONA": 32, "SEXO": "MASCULINO", "ESTADO_CIVIL": "CASADO(A)", "GRADO_INSTRUCCION": "NO INDICA", "OCUPACION": "NO INDICA", "PAIS_NATAL": "PERU", "LONGITUD": -77.09277696, "LATITUD": -12.05827822, "Año": "2024", "Mes": "02" }, "geometry": { "type": "Point", "coordinates": [ 272184.710034708958119, 8666132.602760713547468 ] } },
{ "type": "Feature", "properties": { "id": "1860", "FECHA_CORTE": 20240425, "FECHA_REGISTRO": 20240208, "ID_DOC_DENUNCIA": "a35d5fa633593665f6dd2e7383954c1e0f910b0d91c03c48f2285528d0e31db5", "UBIGEO": 70102, "DEPARTAMENTO": "CALLAO", "PROVINCIA": "CALLAO", "DISTRITO": "BELLAVISTA", "TIPO_DE_DENUNCIA": "DENUNCIA", "SITUACION_DENUNCIA": "RESUELTA", "TIPO": "PATRIMONIO (DELITO)", "SUBTIPO": "HURTO", "MODALIDAD": "HURTO AGRAVADO", "FECHA_HECHO": 20240208, "HORA_HECHO": 1200, "UBICACION": "INTERIOR DEL CENTRO COMERCIAL MALL PLAZA BELLAVISTA  AV OSCARRBENAVIDES", "DESCRIPCION": "DEPINCRI BELLAVISTA/LA PERLA/C.DE LA LEGUA", "FECHA_NACIMIENTO": 19750304, "EDAD_PERSONA": 48, "SEXO": "MASCULINO", "ESTADO_CIVIL": "CASADO(A)", "GRADO_INSTRUCCION": "NO INDICA", "OCUPACION": "NO INDICA", "PAIS_NATAL": "PERU", "LONGITUD": -77.09121791, "LATITUD": -12.05588998, "Año": "2024", "Mes": "02" }, "geometry": { "type": "Point", "coordinates": [ 272352.478664912516251, 8666398.148091631010175 ] } },
{ "type": "Feature", "properties": { "id": "1862", "FECHA_CORTE": 20240425, "FECHA_REGISTRO": 20240207, "ID_DOC_DENUNCIA": "e13e87f92fec99c4007e50ce91884dd155ee4ee7499ae605b1d9b9dd2c900ac7", "UBIGEO": 70102, "DEPARTAMENTO": "CALLAO", "PROVINCIA": "CALLAO", "DISTRITO": "BELLAVISTA", "TIPO_DE_DENUNCIA": "ACTA DE DENUNCIA VERBAL", "SITUACION_DENUNCIA": "RESUELTA", "TIPO": "PATRIMONIO (DELITO)", "SUBTIPO": "ROBO", "MODALIDAD": "ROBO AGRAVADO", "FECHA_HECHO": 20240207, "HORA_HECHO": 1129, "UBICACION": "AV ELMER FOUCETT CON AV COLONIAL", "DESCRIPCION": "DEPINCRI BELLAVISTA/LA PERLA/C.DE LA LEGUA", "FECHA_NACIMIENTO": 19951207, "EDAD_PERSONA": 28, "SEXO": "MASCULINO", "ESTADO_CIVIL": "CASADO(A)", "GRADO_INSTRUCCION": "NO INDICA", "OCUPACION": "POLICIA", "PAIS_NATAL": "PERU", "LONGITUD": -77.11756276, "LATITUD": -12.06459445, "Año": "2024", "Mes": "02" }, "geometry": { "type": "Point", "coordinates": [ 269490.857275735819712, 8665412.996766321361065 ] } },
{ "type": "Feature", "properties": { "id": "1870", "FECHA_CORTE": 20240425, "FECHA_REGISTRO": 20240222, "ID_DOC_DENUNCIA": "45ac86b9500347aa43778c1f54a15d2c767d969a774aa7a73e5c7baae9b31998", "UBIGEO": 70104, "DEPARTAMENTO": "CALLAO", "PROVINCIA": "CALLAO", "DISTRITO": "LA PERLA", "TIPO_DE_DENUNCIA": "DENUNCIA", "SITUACION_DENUNCIA": "RESUELTA", "TIPO": "PATRIMONIO (DELITO)", "SUBTIPO": "ROBO", "MODALIDAD": "ROBO AGRAVADO", "FECHA_HECHO": 20240222, "HORA_HECHO": 215, "UBICACION": "CRUCE DEL JR. UNION CON JR. BRASIL  LA PERLA", "DESCRIPCION": "LA PERLA", "FECHA_NACIMIENTO": 19550409, "EDAD_PERSONA": 68, "SEXO": "MASCULINO", "ESTADO_CIVIL": "DIVORCIADO(A)", "GRADO_INSTRUCCION": "NO INDICA", "OCUPACION": "MUSICO", "PAIS_NATAL": "PERU", "LONGITUD": -77.1159638, "LATITUD": -12.0698425, "Año": "2024", "Mes": "02" }, "geometry": { "type": "Point", "coordinates": [ 269669.471576187061146, 8664833.656360710039735 ] } },
{ "type": "Feature", "properties": { "id": "1872", "FECHA_CORTE": 20240425, "FECHA_REGISTRO": 20240220, "ID_DOC_DENUNCIA": "518a1a989669690d7156a07f53c0d51c89d07d8be3ee98e737e00c50dd1553ea", "UBIGEO": 70104, "DEPARTAMENTO": "CALLAO", "PROVINCIA": "CALLAO", "DISTRITO": "LA PERLA", "TIPO_DE_DENUNCIA": "ACTA DE INTERVENCION", "SITUACION_DENUNCIA": "RESUELTA", "TIPO": "PATRIMONIO (DELITO)", "SUBTIPO": "ROBO", "MODALIDAD": "ROBO AGRAVADO", "FECHA_HECHO": 20240220, "HORA_HECHO": 1100, "UBICACION": "JR. AYACUCHO 892 URB. LAS MORERAS  LA PERLA - CALLAO", "DESCRIPCION": "LA PERLA", "FECHA_NACIMIENTO": 19590416, "EDAD_PERSONA": 64, "SEXO": "MASCULINO", "ESTADO_CIVIL": "DIVORCIADO(A)", "GRADO_INSTRUCCION": "NO INDICA", "OCUPACION": "TAXISTA", "PAIS_NATAL": "PERU", "LONGITUD": -77.1158676, "LATITUD": -12.0746035, "Año": "2024", "Mes": "02" }, "geometry": { "type": "Point", "coordinates": [ 269684.018245772400405, 8664306.942576037719846 ] } },
{ "type": "Feature", "properties": { "id": "1882", "FECHA_CORTE": 20240425, "FECHA_REGISTRO": 20240224, "ID_DOC_DENUNCIA": "03ee5ace3f2f6bc2ce336e23323c5f806f924dc781aef9d7079a69d5353849d1", "UBIGEO": 70102, "DEPARTAMENTO": "CALLAO", "PROVINCIA": "CALLAO", "DISTRITO": "BELLAVISTA", "TIPO_DE_DENUNCIA": "DENUNCIA", "SITUACION_DENUNCIA": "RESUELTA", "TIPO": "PATRIMONIO (DELITO)", "SUBTIPO": "ROBO", "MODALIDAD": "ROBO AGRAVADO A MANO ARMADA", "FECHA_HECHO": 20240224, "HORA_HECHO": 1040, "UBICACION": "LUIS GUILLERMO MORE CRUCE CON LA CALLE 6E", "DESCRIPCION": "DEPINCRI BELLAVISTA/LA PERLA/C.DE LA LEGUA", "FECHA_NACIMIENTO": 19780815, "EDAD_PERSONA": 45, "SEXO": "FEMENINO", "ESTADO_CIVIL": "CASADO(A)", "GRADO_INSTRUCCION": "NO INDICA", "OCUPACION": "NO INDICA", "PAIS_NATAL": "PERU", "LONGITUD": -77.12538963, "LATITUD": -12.06354138, "Año": "2024", "Mes": "02" }, "geometry": { "type": "Point", "coordinates": [ 268637.594164177193306, 8665522.917782727628946 ] } },
{ "type": "Feature", "properties": { "id": "1884", "FECHA_CORTE": 20240425, "FECHA_REGISTRO": 20240214, "ID_DOC_DENUNCIA": "46657bb9b172ebc9dedd5ef53ff911cafacaccea66d5d884d03d7d865db39cbd", "UBIGEO": 70104, "DEPARTAMENTO": "CALLAO", "PROVINCIA": "CALLAO", "DISTRITO": "LA PERLA", "TIPO_DE_DENUNCIA": "DENUNCIA", "SITUACION_DENUNCIA": "RESUELTA", "TIPO": "PATRIMONIO (DELITO)", "SUBTIPO": "HURTO", "MODALIDAD": "HURTO AGRAVADO EN CASA HABITADA", "FECHA_HECHO": 20240214, "HORA_HECHO": 400, "UBICACION": "CALLE ALFONZO UGARTE N 1082", "DESCRIPCION": "LA PERLA", "FECHA_NACIMIENTO": 19771007, "EDAD_PERSONA": 46, "SEXO": "FEMENINO", "ESTADO_CIVIL": "SOLTERO(A)", "GRADO_INSTRUCCION": "SUPERIOR", "OCUPACION": "INDEPENDIENTE", "PAIS_NATAL": "PERU", "LONGITUD": -77.1293194, "LATITUD": -12.0682144, "Año": "2024", "Mes": "02" }, "geometry": { "type": "Point", "coordinates": [ 268213.651154110848438, 8665002.531441997736692 ] } },
{ "type": "Feature", "properties": { "id": "1910", "FECHA_CORTE": 20240425, "FECHA_REGISTRO": 20240210, "ID_DOC_DENUNCIA": "ee66d81fb7f45584fc984cb41c8f0093eb63f8934c66ba43663ef14f843eb2da", "UBIGEO": 70102, "DEPARTAMENTO": "CALLAO", "PROVINCIA": "CALLAO", "DISTRITO": "BELLAVISTA", "TIPO_DE_DENUNCIA": "DENUNCIA", "SITUACION_DENUNCIA": "RESUELTA", "TIPO": "PATRIMONIO (DELITO)", "SUBTIPO": "HURTO", "MODALIDAD": "HURTO", "FECHA_HECHO": 20240210, "HORA_HECHO": 530, "UBICACION": "OVALO LA PERLA BELLAVISTA CALLAO", "DESCRIPCION": "BELLAVISTA", "FECHA_NACIMIENTO": 19980708, "EDAD_PERSONA": 25, "SEXO": "MASCULINO", "ESTADO_CIVIL": "SOLTERO(A)", "GRADO_INSTRUCCION": "SECUNDARIA", "OCUPACION": "NO INDICA", "PAIS_NATAL": "PERU", "LONGITUD": -77.1192127, "LATITUD": -12.0653487, "Año": "2024", "Mes": "02" }, "geometry": { "type": "Point", "coordinates": [ 269311.821875153167639, 8665328.151256455108523 ] } },
{ "type": "Feature", "properties": { "id": "1912", "FECHA_CORTE": 20240425, "FECHA_REGISTRO": 20240222, "ID_DOC_DENUNCIA": "f3290d05ca98cb441e3cffd57dcb8507552d2457faa6c8b0136d5b017dd7c56a", "UBIGEO": 70102, "DEPARTAMENTO": "CALLAO", "PROVINCIA": "CALLAO", "DISTRITO": "BELLAVISTA", "TIPO_DE_DENUNCIA": "DENUNCIA", "SITUACION_DENUNCIA": "RESUELTA", "TIPO": "PATRIMONIO (DELITO)", "SUBTIPO": "HURTO", "MODALIDAD": "HURTO DE CELULAR", "FECHA_HECHO": 20240221, "HORA_HECHO": 2200, "UBICACION": "AV. ARGENTINA CDRA 59", "DESCRIPCION": "CARMEN DE LA LEGUA", "FECHA_NACIMIENTO": 20051128, "EDAD_PERSONA": 18, "SEXO": "FEMENINO", "ESTADO_CIVIL": "SOLTERO(A)", "GRADO_INSTRUCCION": "SECUNDARIA", "OCUPACION": "ESTUDIANTE", "PAIS_NATAL": "PERU", "LONGITUD": -77.09916239, "LATITUD": -12.05789835, "Año": "2024", "Mes": "02" }, "geometry": { "type": "Point", "coordinates": [ 271488.998289620445576, 8666169.317458104342222 ] } },
{ "type": "Feature", "properties": { "id": "1926", "FECHA_CORTE": 20240425, "FECHA_REGISTRO": 20240228, "ID_DOC_DENUNCIA": "be9e6159754c5e399529ce51855e88bdc4337ea8f176f3f3bcc7901050394dcf", "UBIGEO": 70102, "DEPARTAMENTO": "CALLAO", "PROVINCIA": "CALLAO", "DISTRITO": "BELLAVISTA", "TIPO_DE_DENUNCIA": "DENUNCIA", "SITUACION_DENUNCIA": "PENDIENTE", "TIPO": "PATRIMONIO (DELITO)", "SUBTIPO": "ROBO", "MODALIDAD": "ROBO AGRAVADO", "FECHA_HECHO": 20240228, "HORA_HECHO": 500, "UBICACION": "AVENIDA OSCAR R BENAVIDES CON JIRON TOPACIOS ESTADIO MIGUEL GRAU BELLAVISTA", "DESCRIPCION": "BELLAVISTA", "FECHA_NACIMIENTO": 20040127, "EDAD_PERSONA": 20, "SEXO": "MASCULINO", "ESTADO_CIVIL": "SOLTERO(A)", "GRADO_INSTRUCCION": "SECUNDARIA", "OCUPACION": "ESTUDIANTE", "PAIS_NATAL": "PERU", "LONGITUD": -77.1199042, "LATITUD": -12.0597952, "Año": "2024", "Mes": "02" }, "geometry": { "type": "Point", "coordinates": [ 269231.763191553589422, 8665942.052976729348302 ] } },
{ "type": "Feature", "properties": { "id": "1928", "FECHA_CORTE": 20240425, "FECHA_REGISTRO": 20240212, "ID_DOC_DENUNCIA": "0c76e9d3bf1cac56008bac7629649b02ebdef6201af7ae8a9b8ebdb26c5a7ace", "UBIGEO": 70102, "DEPARTAMENTO": "CALLAO", "PROVINCIA": "CALLAO", "DISTRITO": "BELLAVISTA", "TIPO_DE_DENUNCIA": "DENUNCIA", "SITUACION_DENUNCIA": "RESUELTA", "TIPO": "PATRIMONIO (DELITO)", "SUBTIPO": "ROBO", "MODALIDAD": "ROBO AGRAVADO A MANO ARMADA", "FECHA_HECHO": 20240212, "HORA_HECHO": 1145, "UBICACION": "PASAJE VILLEGAS", "DESCRIPCION": "DEPINCRI BELLAVISTA/LA PERLA/C.DE LA LEGUA", "FECHA_NACIMIENTO": 19870309, "EDAD_PERSONA": 36, "SEXO": "FEMENINO", "ESTADO_CIVIL": "SOLTERO(A)", "GRADO_INSTRUCCION": "SECUNDARIA", "OCUPACION": "NO INDICA", "PAIS_NATAL": "PERU", "LONGITUD": -77.0990551, "LATITUD": -12.05720587, "Año": "2024", "Mes": "02" }, "geometry": { "type": "Point", "coordinates": [ 271500.095847917022184, 8666246.027559980750084 ] } },
{ "type": "Feature", "properties": { "id": "1932", "FECHA_CORTE": 20240425, "FECHA_REGISTRO": 20240210, "ID_DOC_DENUNCIA": "333363b70cb4b8087b3b67377bcfc6434689066bbc416ee3abde7741631ee002", "UBIGEO": 70102, "DEPARTAMENTO": "CALLAO", "PROVINCIA": "CALLAO", "DISTRITO": "BELLAVISTA", "TIPO_DE_DENUNCIA": "DENUNCIA", "SITUACION_DENUNCIA": "RESUELTA", "TIPO": "PATRIMONIO (DELITO)", "SUBTIPO": "ROBO", "MODALIDAD": "ROBO AGRAVADO", "FECHA_HECHO": 20240210, "HORA_HECHO": 430, "UBICACION": "AVENIDA BUENOS AIRES CON JIRON VICTOR FAJARDO BELLAVISTA", "DESCRIPCION": "BELLAVISTA", "FECHA_NACIMIENTO": 20050216, "EDAD_PERSONA": 18, "SEXO": "MASCULINO", "ESTADO_CIVIL": "SOLTERO(A)", "GRADO_INSTRUCCION": "SECUNDARIA", "OCUPACION": "NO INDICA", "PAIS_NATAL": "PERU", "LONGITUD": -77.1309448, "LATITUD": -12.0646103, "Año": "2024", "Mes": "02" }, "geometry": { "type": "Point", "coordinates": [ 268033.541860134049784, 8665399.944498274475336 ] } },
{ "type": "Feature", "properties": { "id": "1941", "FECHA_CORTE": 20240425, "FECHA_REGISTRO": 20240226, "ID_DOC_DENUNCIA": "ce88ce89d75650696e14ad2af910e41fd88be5125a4599cf2220971bd059b02f", "UBIGEO": 70104, "DEPARTAMENTO": "CALLAO", "PROVINCIA": "CALLAO", "DISTRITO": "LA PERLA", "TIPO_DE_DENUNCIA": "DENUNCIA", "SITUACION_DENUNCIA": "RESUELTA", "TIPO": "PATRIMONIO (DELITO)", "SUBTIPO": "HURTO", "MODALIDAD": "HURTO DE ACCESORIOS Y AUTOPARTES DE VEHICULOS", "FECHA_HECHO": 20240226, "HORA_HECHO": 1900, "UBICACION": "AV LA PAZ 336 INT 4", "DESCRIPCION": "LA PERLA", "FECHA_NACIMIENTO": 19981225, "EDAD_PERSONA": 25, "SEXO": "MASCULINO", "ESTADO_CIVIL": "SOLTERO(A)", "GRADO_INSTRUCCION": "SECUNDARIA", "OCUPACION": "ESTUDIANTE", "PAIS_NATAL": "PERU", "LONGITUD": -77.1312361, "LATITUD": -12.0698678, "Año": "2024", "Mes": "02" }, "geometry": { "type": "Point", "coordinates": [ 268006.344564701197669, 8664817.961214166134596 ] } },
{ "type": "Feature", "properties": { "id": "1942", "FECHA_CORTE": 20240425, "FECHA_REGISTRO": 20240220, "ID_DOC_DENUNCIA": "7572bce3c01cab2254eec731f37c58a99a6241976eb35687b49d481235fc1400", "UBIGEO": 70101, "DEPARTAMENTO": "CALLAO", "PROVINCIA": "CALLAO", "DISTRITO": "CALLAO", "TIPO_DE_DENUNCIA": "DENUNCIA", "SITUACION_DENUNCIA": "PENDIENTE", "TIPO": "PATRIMONIO (DELITO)", "SUBTIPO": "ROBO", "MODALIDAD": "ROBO AGRAVADO", "FECHA_HECHO": 20240220, "HORA_HECHO": 1550, "UBICACION": "AV. ARGENTINA CDRA. 10-CALLAO", "DESCRIPCION": "CALLAO", "FECHA_NACIMIENTO": 20220308, "EDAD_PERSONA": 1, "SEXO": "MASCULINO", "ESTADO_CIVIL": "NO INDICA", "GRADO_INSTRUCCION": "NO INDICA", "OCUPACION": "NO INDICA", "PAIS_NATAL": "PERU", "LONGITUD": -77.1007271, "LATITUD": -12.0485687, "Año": "2024", "Mes": "02" }, "geometry": { "type": "Point", "coordinates": [ 271310.689475930645131, 8667200.30807663500309 ] } },
{ "type": "Feature", "properties": { "id": "1954", "FECHA_CORTE": 20240425, "FECHA_REGISTRO": 20240220, "ID_DOC_DENUNCIA": "c14b45b416edc406d018aa5781d9d33109fdb7df937464dbbe4bb16dfe37ef58", "UBIGEO": 70106, "DEPARTAMENTO": "CALLAO", "PROVINCIA": "CALLAO", "DISTRITO": "VENTANILLA", "TIPO_DE_DENUNCIA": "DENUNCIA", "SITUACION_DENUNCIA": "PENDIENTE", "TIPO": "PATRIMONIO (DELITO)", "SUBTIPO": "HURTO", "MODALIDAD": "HURTO", "FECHA_HECHO": 20240220, "HORA_HECHO": 1130, "UBICACION": "JURISDICCION DE VENTANILLA", "DESCRIPCION": "VENTANILLA", "FECHA_NACIMIENTO": 19980711, "EDAD_PERSONA": 25, "SEXO": "FEMENINO", "ESTADO_CIVIL": "SOLTERO(A)", "GRADO_INSTRUCCION": "PRIMARIA", "OCUPACION": "NO INDICA", "PAIS_NATAL": "PERU", "LONGITUD": -77.1259843, "LATITUD": -12.0508491, "Año": "2024", "Mes": "02" }, "geometry": { "type": "Point", "coordinates": [ 268561.942904468858615, 8666926.796845387667418 ] } },
{ "type": "Feature", "properties": { "id": "1960", "FECHA_CORTE": 20240425, "FECHA_REGISTRO": 20240219, "ID_DOC_DENUNCIA": "64217bf41849738fed92b878f0e3c959f24f6db8d1b930763b41e6a9d732afa9", "UBIGEO": 70106, "DEPARTAMENTO": "CALLAO", "PROVINCIA": "CALLAO", "DISTRITO": "VENTANILLA", "TIPO_DE_DENUNCIA": "DENUNCIA", "SITUACION_DENUNCIA": "PENDIENTE", "TIPO": "PATRIMONIO (DELITO)", "SUBTIPO": "HURTO", "MODALIDAD": "HURTO", "FECHA_HECHO": 20240216, "HORA_HECHO": 1900, "UBICACION": "JURISDICCION DE VENTANILLA", "DESCRIPCION": "VENTANILLA", "FECHA_NACIMIENTO": 20010615, "EDAD_PERSONA": 22, "SEXO": "MASCULINO", "ESTADO_CIVIL": "NO INDICA", "GRADO_INSTRUCCION": "SECUNDARIA", "OCUPACION": "OBRERO", "PAIS_NATAL": "VENEZUELA", "LONGITUD": -77.1259843, "LATITUD": -12.0508491, "Año": "2024", "Mes": "02" }, "geometry": { "type": "Point", "coordinates": [ 268561.942904468858615, 8666926.796845387667418 ] } },
{ "type": "Feature", "properties": { "id": "1974", "FECHA_CORTE": 20240425, "FECHA_REGISTRO": 20240226, "ID_DOC_DENUNCIA": "ce4d0c5aed2cea1539a3225b3909c815f0f8b1f051ea4f3709a70a6ff1fd942f", "UBIGEO": 70106, "DEPARTAMENTO": "CALLAO", "PROVINCIA": "CALLAO", "DISTRITO": "VENTANILLA", "TIPO_DE_DENUNCIA": "ACTA DE INTERVENCION", "SITUACION_DENUNCIA": "PENDIENTE", "TIPO": "PATRIMONIO (DELITO)", "SUBTIPO": "HURTO", "MODALIDAD": "HURTO DE CELULAR", "FECHA_HECHO": 20240225, "HORA_HECHO": 1814, "UBICACION": "AA.HH. DOCE DE OCTUBRE VENTANILLA", "DESCRIPCION": "VILLA LOS REYES", "FECHA_NACIMIENTO": 19901221, "EDAD_PERSONA": 33, "SEXO": "MASCULINO", "ESTADO_CIVIL": "SOLTERO(A)", "GRADO_INSTRUCCION": "NO INDICA", "OCUPACION": "COBRADOR TRANSPORTE PUBLICO", "PAIS_NATAL": "PERU", "LONGITUD": -77.11497734, "LATITUD": -11.94017709, "Año": "2024", "Mes": "02" }, "geometry": { "type": "Point", "coordinates": [ 269666.689841745595913, 8679181.626236263662577 ] } },
{ "type": "Feature", "properties": { "id": "2026", "FECHA_CORTE": 20240425, "FECHA_REGISTRO": 20240219, "ID_DOC_DENUNCIA": "efe33fda81f79ead616f2d1a71cae253750eb20cb998ae075e45c41524950808", "UBIGEO": 70106, "DEPARTAMENTO": "CALLAO", "PROVINCIA": "CALLAO", "DISTRITO": "VENTANILLA", "TIPO_DE_DENUNCIA": "DENUNCIA", "SITUACION_DENUNCIA": "RESUELTA", "TIPO": "PATRIMONIO (DELITO)", "SUBTIPO": "HURTO", "MODALIDAD": "HURTO", "FECHA_HECHO": 20240219, "HORA_HECHO": 800, "UBICACION": "JURISDICCION DE VENTANILLA", "DESCRIPCION": "VENTANILLA", "FECHA_NACIMIENTO": 19981108, "EDAD_PERSONA": 25, "SEXO": "MASCULINO", "ESTADO_CIVIL": "SOLTERO(A)", "GRADO_INSTRUCCION": "NO INDICA", "OCUPACION": "NO INDICA", "PAIS_NATAL": "PERU", "LONGITUD": -77.1259843, "LATITUD": -12.0508491, "Año": "2024", "Mes": "02" }, "geometry": { "type": "Point", "coordinates": [ 268561.942904468858615, 8666926.796845387667418 ] } },
{ "type": "Feature", "properties": { "id": "2027", "FECHA_CORTE": 20240425, "FECHA_REGISTRO": 20240215, "ID_DOC_DENUNCIA": "533c0ec68c80dc54358c911a3fc547ae1ef6fa622d7b82add4bfda2601627360", "UBIGEO": 70106, "DEPARTAMENTO": "CALLAO", "PROVINCIA": "CALLAO", "DISTRITO": "VENTANILLA", "TIPO_DE_DENUNCIA": "DENUNCIA", "SITUACION_DENUNCIA": "PENDIENTE", "TIPO": "PATRIMONIO (DELITO)", "SUBTIPO": "HURTO", "MODALIDAD": "HURTO DE CELULAR", "FECHA_HECHO": 20240214, "HORA_HECHO": 2148, "UBICACION": "JURISDICCION DE VENTANILLA", "DESCRIPCION": "VENTANILLA", "FECHA_NACIMIENTO": 20050602, "EDAD_PERSONA": 18, "SEXO": "MASCULINO", "ESTADO_CIVIL": "SOLTERO(A)", "GRADO_INSTRUCCION": "NO INDICA", "OCUPACION": "NO INDICA", "PAIS_NATAL": "PERU", "LONGITUD": -77.1259843, "LATITUD": -12.0508491, "Año": "2024", "Mes": "02" }, "geometry": { "type": "Point", "coordinates": [ 268561.942904468858615, 8666926.796845387667418 ] } },
{ "type": "Feature", "properties": { "id": "2028", "FECHA_CORTE": 20240425, "FECHA_REGISTRO": 20240227, "ID_DOC_DENUNCIA": "4cf5dba0bd7cd3ebd58459cb9bab0edd4c04bf0f7344799d775e9925e1615d18", "UBIGEO": 70106, "DEPARTAMENTO": "CALLAO", "PROVINCIA": "CALLAO", "DISTRITO": "VENTANILLA", "TIPO_DE_DENUNCIA": "DENUNCIA", "SITUACION_DENUNCIA": "PENDIENTE", "TIPO": "PATRIMONIO (DELITO)", "SUBTIPO": "ROBO", "MODALIDAD": "ASALTO Y ROBO DE VEHICULOS", "FECHA_HECHO": 20240217, "HORA_HECHO": 1700, "UBICACION": "JURISDICCION DE VENTANILLA", "DESCRIPCION": "VENTANILLA", "FECHA_NACIMIENTO": 20040928, "EDAD_PERSONA": 19, "SEXO": "MASCULINO", "ESTADO_CIVIL": "SOLTERO(A)", "GRADO_INSTRUCCION": "NO INDICA", "OCUPACION": "NO INDICA", "PAIS_NATAL": "PERU", "LONGITUD": -77.1259843, "LATITUD": -12.0508491, "Año": "2024", "Mes": "02" }, "geometry": { "type": "Point", "coordinates": [ 268561.942904468858615, 8666926.796845387667418 ] } },
{ "type": "Feature", "properties": { "id": "2036", "FECHA_CORTE": 20240425, "FECHA_REGISTRO": 20240210, "ID_DOC_DENUNCIA": "8d56b0a8b00a818a27d44d3a91b1333408625ec251dad452cd7efc59d8c986ff", "UBIGEO": 70106, "DEPARTAMENTO": "CALLAO", "PROVINCIA": "CALLAO", "DISTRITO": "VENTANILLA", "TIPO_DE_DENUNCIA": "DENUNCIA", "SITUACION_DENUNCIA": "RESUELTA", "TIPO": "PATRIMONIO (DELITO)", "SUBTIPO": "HURTO", "MODALIDAD": "HURTO AGRAVADO", "FECHA_HECHO": 20240203, "HORA_HECHO": 230, "UBICACION": "AV 225 PARADERO VC PACHACUTEC", "DESCRIPCION": "PACHACUTEC", "FECHA_NACIMIENTO": 19920228, "EDAD_PERSONA": 31, "SEXO": "MASCULINO", "ESTADO_CIVIL": "SOLTERO(A)", "GRADO_INSTRUCCION": "NO INDICA", "OCUPACION": "NO INDICA", "PAIS_NATAL": "PERU", "LONGITUD": -77.1592502, "LATITUD": -11.8288665, "Año": "2024", "Mes": "02" }, "geometry": { "type": "Point", "coordinates": [ 264747.402999199810438, 8691460.848071383312345 ] } },
{ "type": "Feature", "properties": { "id": "2101", "FECHA_CORTE": 20240425, "FECHA_REGISTRO": 20240225, "ID_DOC_DENUNCIA": "2380527fad06d7869b331e2b23d46bdcd44def3877a10abed6e459533200cc4b", "UBIGEO": 70106, "DEPARTAMENTO": "CALLAO", "PROVINCIA": "CALLAO", "DISTRITO": "VENTANILLA", "TIPO_DE_DENUNCIA": "DENUNCIA", "SITUACION_DENUNCIA": "RESUELTA", "TIPO": "PATRIMONIO (DELITO)", "SUBTIPO": "ROBO", "MODALIDAD": "ROBO", "FECHA_HECHO": 20240224, "HORA_HECHO": 1915, "UBICACION": "EX ZONA COMERCIAL HOSTAL COSMOPOLITAN", "DESCRIPCION": "VENTANILLA", "FECHA_NACIMIENTO": 20070309, "EDAD_PERSONA": 16, "SEXO": "MASCULINO", "ESTADO_CIVIL": "SOLTERO(A)", "GRADO_INSTRUCCION": "NO INDICA", "OCUPACION": "NO INDICA", "PAIS_NATAL": "PERU", "LONGITUD": -77.12115877, "LATITUD": -11.87353204, "Año": "2024", "Mes": "02" }, "geometry": { "type": "Point", "coordinates": [ 268936.862012459896505, 8686550.556974640116096 ] } },
{ "type": "Feature", "properties": { "id": "2108", "FECHA_CORTE": 20240425, "FECHA_REGISTRO": 20240211, "ID_DOC_DENUNCIA": "489834fb9923dfa7c421c8ad8a7a3b390465123c192758d54f64def67161e6e0", "UBIGEO": 70106, "DEPARTAMENTO": "CALLAO", "PROVINCIA": "CALLAO", "DISTRITO": "VENTANILLA", "TIPO_DE_DENUNCIA": "DENUNCIA", "SITUACION_DENUNCIA": "RESUELTA", "TIPO": "PATRIMONIO (DELITO)", "SUBTIPO": "ROBO", "MODALIDAD": "ROBO", "FECHA_HECHO": 20240211, "HORA_HECHO": 1800, "UBICACION": "AV 200 MILLAS", "DESCRIPCION": "VILLA LOS REYES", "FECHA_NACIMIENTO": 20010902, "EDAD_PERSONA": 22, "SEXO": "FEMENINO", "ESTADO_CIVIL": "SOLTERO(A)", "GRADO_INSTRUCCION": "NO INDICA", "OCUPACION": "NO INDICA", "PAIS_NATAL": "PERU", "LONGITUD": -77.1106077, "LATITUD": -11.9771631, "Año": "2024", "Mes": "02" }, "geometry": { "type": "Point", "coordinates": [ 270174.018427735136356, 8675092.876494362950325 ] } },
{ "type": "Feature", "properties": { "id": "2111", "FECHA_CORTE": 20240425, "FECHA_REGISTRO": 20240211, "ID_DOC_DENUNCIA": "bf4ec690877db5f515af32d9f828126f4e81d1c9526a4b02d3c6dfb2c6013f26", "UBIGEO": 70106, "DEPARTAMENTO": "CALLAO", "PROVINCIA": "CALLAO", "DISTRITO": "VENTANILLA", "TIPO_DE_DENUNCIA": "ACTA DE INTERVENCION", "SITUACION_DENUNCIA": "PENDIENTE", "TIPO": "PATRIMONIO (DELITO)", "SUBTIPO": "HURTO", "MODALIDAD": "HURTO", "FECHA_HECHO": 20240211, "HORA_HECHO": 1630, "UBICACION": "PARADERO FLECHA AA HH VILLA LOS REYES", "DESCRIPCION": "VILLA LOS REYES", "FECHA_NACIMIENTO": 19981111, "EDAD_PERSONA": 25, "SEXO": "FEMENINO", "ESTADO_CIVIL": "SOLTERO(A)", "GRADO_INSTRUCCION": "NO INDICA", "OCUPACION": "NO INDICA", "PAIS_NATAL": "PERU", "LONGITUD": -77.12038907, "LATITUD": -11.83125906, "Año": "2024", "Mes": "02" }, "geometry": { "type": "Point", "coordinates": [ 268985.17313450248912, 8691228.562642684206367 ] } },
{ "type": "Feature", "properties": { "id": "2112", "FECHA_CORTE": 20240425, "FECHA_REGISTRO": 20240209, "ID_DOC_DENUNCIA": "7d0279c35b4bf92827d3e64de7685bc53ee3cc3d57d6617711f33eda175f6cd8", "UBIGEO": 70106, "DEPARTAMENTO": "CALLAO", "PROVINCIA": "CALLAO", "DISTRITO": "VENTANILLA", "TIPO_DE_DENUNCIA": "DENUNCIA", "SITUACION_DENUNCIA": "PENDIENTE", "TIPO": "PATRIMONIO (DELITO)", "SUBTIPO": "ROBO", "MODALIDAD": "ROBO", "FECHA_HECHO": 20240208, "HORA_HECHO": 2100, "UBICACION": "JURISDICCION DE VENTANILLA", "DESCRIPCION": "VENTANILLA", "FECHA_NACIMIENTO": 20090418, "EDAD_PERSONA": 14, "SEXO": "FEMENINO", "ESTADO_CIVIL": "SOLTERO(A)", "GRADO_INSTRUCCION": "NO INDICA", "OCUPACION": "NO INDICA", "PAIS_NATAL": "PERU", "LONGITUD": -77.1259843, "LATITUD": -12.0508491, "Año": "2024", "Mes": "02" }, "geometry": { "type": "Point", "coordinates": [ 268561.942904468858615, 8666926.796845387667418 ] } },
{ "type": "Feature", "properties": { "id": "2114", "FECHA_CORTE": 20240425, "FECHA_REGISTRO": 20240225, "ID_DOC_DENUNCIA": "6e7a810f6db86756a281bad65d73b84d342363dcbc6769041dcf1b0c69439f8a", "UBIGEO": 70106, "DEPARTAMENTO": "CALLAO", "PROVINCIA": "CALLAO", "DISTRITO": "VENTANILLA", "TIPO_DE_DENUNCIA": "ACTA DE INTERVENCION", "SITUACION_DENUNCIA": "RESUELTA", "TIPO": "PATRIMONIO (DELITO)", "SUBTIPO": "ROBO", "MODALIDAD": "ROBO AGRAVADO", "FECHA_HECHO": 20240223, "HORA_HECHO": 600, "UBICACION": "JURISDICCION DE VENTANILLA", "DESCRIPCION": "VENTANILLA", "FECHA_NACIMIENTO": 20030321, "EDAD_PERSONA": 20, "SEXO": "FEMENINO", "ESTADO_CIVIL": "SOLTERO(A)", "GRADO_INSTRUCCION": "NO INDICA", "OCUPACION": "NO INDICA", "PAIS_NATAL": "PERU", "LONGITUD": -77.1259843, "LATITUD": -12.0508491, "Año": "2024", "Mes": "02" }, "geometry": { "type": "Point", "coordinates": [ 268561.942904468858615, 8666926.796845387667418 ] } },
{ "type": "Feature", "properties": { "id": "2115", "FECHA_CORTE": 20240425, "FECHA_REGISTRO": 20240225, "ID_DOC_DENUNCIA": "a8aa11834195d2233cbb1a1d7cfecb04f6ce631d6468fdc22e2a9af86fdd351d", "UBIGEO": 70106, "DEPARTAMENTO": "CALLAO", "PROVINCIA": "CALLAO", "DISTRITO": "VENTANILLA", "TIPO_DE_DENUNCIA": "ACTA DE INTERVENCION", "SITUACION_DENUNCIA": "RESUELTA", "TIPO": "PATRIMONIO (DELITO)", "SUBTIPO": "ROBO", "MODALIDAD": "ROBO AGRAVADO", "FECHA_HECHO": 20240222, "HORA_HECHO": 2000, "UBICACION": "JURISDICCION DE VENTANILLA", "DESCRIPCION": "VENTANILLA", "FECHA_NACIMIENTO": 20030321, "EDAD_PERSONA": 20, "SEXO": "FEMENINO", "ESTADO_CIVIL": "SOLTERO(A)", "GRADO_INSTRUCCION": "NO INDICA", "OCUPACION": "NO INDICA", "PAIS_NATAL": "PERU", "LONGITUD": -77.1259843, "LATITUD": -12.0508491, "Año": "2024", "Mes": "02" }, "geometry": { "type": "Point", "coordinates": [ 268561.942904468858615, 8666926.796845387667418 ] } },
{ "type": "Feature", "properties": { "id": "2120", "FECHA_CORTE": 20240425, "FECHA_REGISTRO": 20240220, "ID_DOC_DENUNCIA": "be0f9e1502ca26e8024aaf484d66bfc361e87c6ab64558d017bad3d5202b7fee", "UBIGEO": 70106, "DEPARTAMENTO": "CALLAO", "PROVINCIA": "CALLAO", "DISTRITO": "VENTANILLA", "TIPO_DE_DENUNCIA": "OCURRENCIA", "SITUACION_DENUNCIA": "PENDIENTE", "TIPO": "PATRIMONIO (DELITO)", "SUBTIPO": "ROBO", "MODALIDAD": "ROBO AGRAVADO", "FECHA_HECHO": 20240218, "HORA_HECHO": 300, "UBICACION": "JURISDICCION DE VENTANILLA", "DESCRIPCION": "VENTANILLA", "FECHA_NACIMIENTO": 19911028, "EDAD_PERSONA": 32, "SEXO": "MASCULINO", "ESTADO_CIVIL": "SOLTERO(A)", "GRADO_INSTRUCCION": "NO INDICA", "OCUPACION": "CHOFER", "PAIS_NATAL": "PERU", "LONGITUD": -77.1259843, "LATITUD": -12.0508491, "Año": "2024", "Mes": "02" }, "geometry": { "type": "Point", "coordinates": [ 268561.942904468858615, 8666926.796845387667418 ] } },
{ "type": "Feature", "properties": { "id": "2127", "FECHA_CORTE": 20240425, "FECHA_REGISTRO": 20240218, "ID_DOC_DENUNCIA": "7b59d792fa0d82a96ddbf206ce05911927b3100cbfef9da32f7af0c510aa253c", "UBIGEO": 70106, "DEPARTAMENTO": "CALLAO", "PROVINCIA": "CALLAO", "DISTRITO": "VENTANILLA", "TIPO_DE_DENUNCIA": "DENUNCIA", "SITUACION_DENUNCIA": "PENDIENTE", "TIPO": "PATRIMONIO (DELITO)", "SUBTIPO": "ROBO", "MODALIDAD": "ROBO AGRAVADO", "FECHA_HECHO": 20240218, "HORA_HECHO": 400, "UBICACION": "JURISDICCION DE VENTANILLA", "DESCRIPCION": "VENTANILLA", "FECHA_NACIMIENTO": 19850104, "EDAD_PERSONA": 39, "SEXO": "MASCULINO", "ESTADO_CIVIL": "SOLTERO(A)", "GRADO_INSTRUCCION": "NO INDICA", "OCUPACION": "EMPLEADO", "PAIS_NATAL": "PERU", "LONGITUD": -77.1259843, "LATITUD": -12.0508491, "Año": "2024", "Mes": "02" }, "geometry": { "type": "Point", "coordinates": [ 268561.942904468858615, 8666926.796845387667418 ] } },
{ "type": "Feature", "properties": { "id": "2132", "FECHA_CORTE": 20240425, "FECHA_REGISTRO": 20240206, "ID_DOC_DENUNCIA": "3969a7aa9fc7bec3692a2aa2d82efa628e4a83a7769db78963485a3320758783", "UBIGEO": 70106, "DEPARTAMENTO": "CALLAO", "PROVINCIA": "CALLAO", "DISTRITO": "VENTANILLA", "TIPO_DE_DENUNCIA": "DENUNCIA", "SITUACION_DENUNCIA": "PENDIENTE", "TIPO": "PATRIMONIO (DELITO)", "SUBTIPO": "HURTO", "MODALIDAD": "HURTO", "FECHA_HECHO": 20240202, "HORA_HECHO": 730, "UBICACION": "SOLGAS ? VENTANILLA  REF. REFINERIA LA PAMPILLA", "DESCRIPCION": "VENTANILLA", "FECHA_NACIMIENTO": 19840824, "EDAD_PERSONA": 39, "SEXO": "MASCULINO", "ESTADO_CIVIL": "SOLTERO(A)", "GRADO_INSTRUCCION": "NO INDICA", "OCUPACION": "NO INDICA", "PAIS_NATAL": "PERU", "LONGITUD": -77.13274234, "LATITUD": -11.91998208, "Año": "2024", "Mes": "02" }, "geometry": { "type": "Point", "coordinates": [ 267713.956463299517054, 8681401.314219631254673 ] } },
{ "type": "Feature", "properties": { "id": "2136", "FECHA_CORTE": 20240425, "FECHA_REGISTRO": 20240221, "ID_DOC_DENUNCIA": "40cb643c2a77a304d8137f43a6d391f3202109a257df48e872b8ecade0648f81", "UBIGEO": 70106, "DEPARTAMENTO": "CALLAO", "PROVINCIA": "CALLAO", "DISTRITO": "VENTANILLA", "TIPO_DE_DENUNCIA": "ACTA DE INTERVENCION", "SITUACION_DENUNCIA": "PENDIENTE", "TIPO": "PATRIMONIO (DELITO)", "SUBTIPO": "HURTO", "MODALIDAD": "HURTO AGRAVADO", "FECHA_HECHO": 20240220, "HORA_HECHO": 2030, "UBICACION": "JURISDICCION DE VENTANILLA", "DESCRIPCION": "VENTANILLA", "FECHA_NACIMIENTO": 19811203, "EDAD_PERSONA": 42, "SEXO": "MASCULINO", "ESTADO_CIVIL": "SOLTERO(A)", "GRADO_INSTRUCCION": "NO INDICA", "OCUPACION": "NO INDICA", "PAIS_NATAL": "PERU", "LONGITUD": -77.1259843, "LATITUD": -12.0508491, "Año": "2024", "Mes": "02" }, "geometry": { "type": "Point", "coordinates": [ 268561.942904468858615, 8666926.796845387667418 ] } },
{ "type": "Feature", "properties": { "id": "2137", "FECHA_CORTE": 20240425, "FECHA_REGISTRO": 20240229, "ID_DOC_DENUNCIA": "6b521de56b69ea0976f0c4b2a0e83f0b349ece4252f070a512a5ecd175b3a328", "UBIGEO": 70106, "DEPARTAMENTO": "CALLAO", "PROVINCIA": "CALLAO", "DISTRITO": "VENTANILLA", "TIPO_DE_DENUNCIA": "ACTA DE INTERVENCION", "SITUACION_DENUNCIA": "RESUELTA", "TIPO": "PATRIMONIO (DELITO)", "SUBTIPO": "HURTO", "MODALIDAD": "HURTO", "FECHA_HECHO": 20240229, "HORA_HECHO": 430, "UBICACION": "JURISDICCION DE VENTANILLA", "DESCRIPCION": "VENTANILLA", "FECHA_NACIMIENTO": 19900401, "EDAD_PERSONA": 33, "SEXO": "MASCULINO", "ESTADO_CIVIL": "SOLTERO(A)", "GRADO_INSTRUCCION": "NO INDICA", "OCUPACION": "NO INDICA", "PAIS_NATAL": "PERU", "LONGITUD": -77.1259843, "LATITUD": -12.0508491, "Año": "2024", "Mes": "02" }, "geometry": { "type": "Point", "coordinates": [ 268561.942904468858615, 8666926.796845387667418 ] } },
{ "type": "Feature", "properties": { "id": "2156", "FECHA_CORTE": 20240425, "FECHA_REGISTRO": 20240206, "ID_DOC_DENUNCIA": "c4a9b4076cfeb94ba8e0926ab510eb612a1525fd4b5f5b93487f771e61f5c98b", "UBIGEO": 70101, "DEPARTAMENTO": "CALLAO", "PROVINCIA": "CALLAO", "DISTRITO": "CALLAO", "TIPO_DE_DENUNCIA": "DENUNCIA", "SITUACION_DENUNCIA": "RESUELTA", "TIPO": "PATRIMONIO (DELITO)", "SUBTIPO": "ROBO", "MODALIDAD": "ROBO AGRAVADO", "FECHA_HECHO": 20240206, "HORA_HECHO": 1310, "UBICACION": "AV TOMAS VALLE FRONTIS HOSPITAL CHALACO", "DESCRIPCION": "PLAYA RIMAC", "FECHA_NACIMIENTO": 19861213, "EDAD_PERSONA": 37, "SEXO": "MASCULINO", "ESTADO_CIVIL": "SOLTERO(A)", "GRADO_INSTRUCCION": "NO INDICA", "OCUPACION": "ESTUDIANTE", "PAIS_NATAL": "PERU", "LONGITUD": -77.0923087, "LATITUD": -12.0122639, "Año": "2024", "Mes": "02" }, "geometry": { "type": "Point", "coordinates": [ 272196.919659003207926, 8671224.298226369544864 ] } },
{ "type": "Feature", "properties": { "id": "2158", "FECHA_CORTE": 20240425, "FECHA_REGISTRO": 20240226, "ID_DOC_DENUNCIA": "e987cc5ac744faa4c3a54a51f80877180120fa2e43fc2d3af6916fec9bd08d12", "UBIGEO": 70101, "DEPARTAMENTO": "CALLAO", "PROVINCIA": "CALLAO", "DISTRITO": "CALLAO", "TIPO_DE_DENUNCIA": "DENUNCIA", "SITUACION_DENUNCIA": "PENDIENTE", "TIPO": "PATRIMONIO (DELITO)", "SUBTIPO": "ROBO", "MODALIDAD": "ROBO AGRAVADO A MANO ARMADA", "FECHA_HECHO": 20240225, "HORA_HECHO": 900, "UBICACION": "URB EL ALAMO PARTE POSTERIOR DEL MERCADO EL ALAMO", "DESCRIPCION": "DEPINCRI BELLAVISTA/LA PERLA/C.DE LA LEGUA", "FECHA_NACIMIENTO": 20000101, "EDAD_PERSONA": 24, "SEXO": "MASCULINO", "ESTADO_CIVIL": "SOLTERO(A)", "GRADO_INSTRUCCION": "NO INDICA", "OCUPACION": "NO INDICA", "PAIS_NATAL": "PERU", "LONGITUD": -77.13153926, "LATITUD": -11.94359419, "Año": "2024", "Mes": "02" }, "geometry": { "type": "Point", "coordinates": [ 267865.149191330652684, 8678789.689725467935205 ] } },
{ "type": "Feature", "properties": { "id": "2159", "FECHA_CORTE": 20240425, "FECHA_REGISTRO": 20240217, "ID_DOC_DENUNCIA": "6a65c19e15c033974db11ea7fcfd7fbee5792b31084e8e6f734808fef2ed2897", "UBIGEO": 70101, "DEPARTAMENTO": "CALLAO", "PROVINCIA": "CALLAO", "DISTRITO": "CALLAO", "TIPO_DE_DENUNCIA": "DENUNCIA", "SITUACION_DENUNCIA": "RESUELTA", "TIPO": "PATRIMONIO (DELITO)", "SUBTIPO": "HURTO", "MODALIDAD": "HURTO AGRAVADO", "FECHA_HECHO": 20240216, "HORA_HECHO": 2320, "UBICACION": "AVENIDA ELMER FAUCETT CON AVENIDA LA CHALACA", "DESCRIPCION": "DULANTO", "FECHA_NACIMIENTO": 20000407, "EDAD_PERSONA": 23, "SEXO": "MASCULINO", "ESTADO_CIVIL": "SOLTERO(A)", "GRADO_INSTRUCCION": "NO INDICA", "OCUPACION": "NO INDICA", "PAIS_NATAL": "PERU", "LONGITUD": -77.0987489, "LATITUD": -12.0452403, "Año": "2024", "Mes": "02" }, "geometry": { "type": "Point", "coordinates": [ 271523.312023977050558, 8667570.233116226270795 ] } },
{ "type": "Feature", "properties": { "id": "2191", "FECHA_CORTE": 20240425, "FECHA_REGISTRO": 20240207, "ID_DOC_DENUNCIA": "292d3ce7a01083d84bb1b29251e9374535d35c573a6b5ad39e2dbb2325cb90cb", "UBIGEO": 70101, "DEPARTAMENTO": "CALLAO", "PROVINCIA": "CALLAO", "DISTRITO": "CALLAO", "TIPO_DE_DENUNCIA": "ACTA DE INTERVENCION", "SITUACION_DENUNCIA": "RESUELTA", "TIPO": "PATRIMONIO (DELITO)", "SUBTIPO": "ROBO", "MODALIDAD": "ROBO AGRAVADO A MANO ARMADA", "FECHA_HECHO": 20240207, "HORA_HECHO": 1730, "UBICACION": "CALLE LAS CODORNICES CON JR LOS TUMBOS", "DESCRIPCION": "BOCANEGRA", "FECHA_NACIMIENTO": 20081024, "EDAD_PERSONA": 15, "SEXO": "MASCULINO", "ESTADO_CIVIL": "SOLTERO(A)", "GRADO_INSTRUCCION": "NO INDICA", "OCUPACION": "NO INDICA", "PAIS_NATAL": "PERU", "LONGITUD": -77.13003373, "LATITUD": -11.98112084, "Año": "2024", "Mes": "02" }, "geometry": { "type": "Point", "coordinates": [ 268061.188224321056623, 8674638.700274009257555 ] } },
{ "type": "Feature", "properties": { "id": "2199", "FECHA_CORTE": 20240425, "FECHA_REGISTRO": 20240227, "ID_DOC_DENUNCIA": "0848b8a42d6c2fcf6d142b4e37fe6b80195f919d2bb9994531a35656bb938e93", "UBIGEO": 70101, "DEPARTAMENTO": "CALLAO", "PROVINCIA": "CALLAO", "DISTRITO": "CALLAO", "TIPO_DE_DENUNCIA": "ACTA DE INTERVENCION", "SITUACION_DENUNCIA": "RESUELTA", "TIPO": "PATRIMONIO (DELITO)", "SUBTIPO": "HURTO", "MODALIDAD": "HURTO AGRAVADO", "FECHA_HECHO": 20240226, "HORA_HECHO": 2200, "UBICACION": "AV ELMER FAUCETT CDR 3443", "DESCRIPCION": "PLAYA RIMAC", "FECHA_NACIMIENTO": 19860109, "EDAD_PERSONA": 38, "SEXO": "MASCULINO", "ESTADO_CIVIL": "SOLTERO(A)", "GRADO_INSTRUCCION": "NO INDICA", "OCUPACION": "NO INDICA", "PAIS_NATAL": "PERU", "LONGITUD": -77.1018908, "LATITUD": -12.0302136, "Año": "2024", "Mes": "02" }, "geometry": { "type": "Point", "coordinates": [ 271168.406979137042072, 8669230.270055461674929 ] } },
{ "type": "Feature", "properties": { "id": "2232", "FECHA_CORTE": 20240425, "FECHA_REGISTRO": 20240201, "ID_DOC_DENUNCIA": "1008cef78b106214c65a18185800dc4e0785973e7cd18cf2ddfc1d471b308e4c", "UBIGEO": 70101, "DEPARTAMENTO": "CALLAO", "PROVINCIA": "CALLAO", "DISTRITO": "CALLAO", "TIPO_DE_DENUNCIA": "ACTA DE INTERVENCION", "SITUACION_DENUNCIA": "RESUELTA", "TIPO": "PATRIMONIO (DELITO)", "SUBTIPO": "HURTO", "MODALIDAD": "HURTO DE ACCESORIOS Y AUTOPARTES DE VEHICULOS", "FECHA_HECHO": 20240201, "HORA_HECHO": 1550, "UBICACION": "JR ROCA CUADRA 2 CHUCUITO CALLAO", "DESCRIPCION": "LA PUNTA", "FECHA_NACIMIENTO": 20030512, "EDAD_PERSONA": 20, "SEXO": "MASCULINO", "ESTADO_CIVIL": "SOLTERO(A)", "GRADO_INSTRUCCION": "NO INDICA", "OCUPACION": "NO INDICA", "PAIS_NATAL": "PERU", "LONGITUD": -77.1551366, "LATITUD": -12.0656071, "Año": "2024", "Mes": "02" }, "geometry": { "type": "Point", "coordinates": [ 265399.847997221746482, 8665269.041861407458782 ] } },
{ "type": "Feature", "properties": { "id": "2250", "FECHA_CORTE": 20240425, "FECHA_REGISTRO": 20240214, "ID_DOC_DENUNCIA": "131b3648dcca4c0bbdfb1ea0ddc728dccb8017bdaffe3136204d1203a864256c", "UBIGEO": 70101, "DEPARTAMENTO": "CALLAO", "PROVINCIA": "CALLAO", "DISTRITO": "CALLAO", "TIPO_DE_DENUNCIA": "ACTA DE INTERVENCION", "SITUACION_DENUNCIA": "RESUELTA", "TIPO": "PATRIMONIO (DELITO)", "SUBTIPO": "HURTO", "MODALIDAD": "HURTO DE ACCESORIOS Y AUTOPARTES DE VEHICULOS", "FECHA_HECHO": 20240214, "HORA_HECHO": 900, "UBICACION": "URB ALBINO HERRERA MZ I1 LOTE 09 II ETAPA CALLAO", "DESCRIPCION": "JUAN INGUNZA VALDIVIA", "FECHA_NACIMIENTO": 19920619, "EDAD_PERSONA": 31, "SEXO": "MASCULINO", "ESTADO_CIVIL": "SOLTERO(A)", "GRADO_INSTRUCCION": "NO INDICA", "OCUPACION": "NO INDICA", "PAIS_NATAL": "PERU", "LONGITUD": -77.1034824, "LATITUD": -11.9995581, "Año": "2024", "Mes": "02" }, "geometry": { "type": "Point", "coordinates": [ 270969.124764240696095, 8672620.873796263709664 ] } },
{ "type": "Feature", "properties": { "id": "2299", "FECHA_CORTE": 20240425, "FECHA_REGISTRO": 20240205, "ID_DOC_DENUNCIA": "886dbce97acead1f44bce039f90f151e97fc43a1bb8e24254f6aadf3f13af269", "UBIGEO": 70106, "DEPARTAMENTO": "CALLAO", "PROVINCIA": "CALLAO", "DISTRITO": "VENTANILLA", "TIPO_DE_DENUNCIA": "ACTA DE DENUNCIA VERBAL", "SITUACION_DENUNCIA": "RESUELTA", "TIPO": "PATRIMONIO (DELITO)", "SUBTIPO": "HURTO", "MODALIDAD": "HURTO", "FECHA_HECHO": 20240203, "HORA_HECHO": 48, "UBICACION": "JURISDICCION DE VENTANILLA", "DESCRIPCION": "VENTANILLA", "FECHA_NACIMIENTO": 20021013, "EDAD_PERSONA": 21, "SEXO": "FEMENINO", "ESTADO_CIVIL": "SOLTERO(A)", "GRADO_INSTRUCCION": "SECUNDARIA", "OCUPACION": "NO INDICA", "PAIS_NATAL": "PERU", "LONGITUD": -77.14110659000001, "LATITUD": -11.91363126, "Año": "2024", "Mes": "02" }, "geometry": { "type": "Point", "coordinates": [ 266797.155540197738446, 8682096.999074801802635 ] } },
{ "type": "Feature", "properties": { "id": "2300", "FECHA_CORTE": 20240425, "FECHA_REGISTRO": 20240226, "ID_DOC_DENUNCIA": "c67311fe713498d55d1ac63933c527616e6fbfbbb809fed340859cdf85f3810b", "UBIGEO": 70106, "DEPARTAMENTO": "CALLAO", "PROVINCIA": "CALLAO", "DISTRITO": "VENTANILLA", "TIPO_DE_DENUNCIA": "DENUNCIA", "SITUACION_DENUNCIA": "PENDIENTE", "TIPO": "PATRIMONIO (DELITO)", "SUBTIPO": "ROBO", "MODALIDAD": "ROBO AGRAVADO", "FECHA_HECHO": 20240103, "HORA_HECHO": 2000, "UBICACION": "JURISDICCION DE VENTANILLA", "DESCRIPCION": "VENTANILLA", "FECHA_NACIMIENTO": 20020710, "EDAD_PERSONA": 21, "SEXO": "MASCULINO", "ESTADO_CIVIL": "SOLTERO(A)", "GRADO_INSTRUCCION": "SECUNDARIA", "OCUPACION": "NO INDICA", "PAIS_NATAL": "PERU", "LONGITUD": -77.1259843, "LATITUD": -12.0508491, "Año": "2024", "Mes": "02" }, "geometry": { "type": "Point", "coordinates": [ 268561.942904468858615, 8666926.796845387667418 ] } },
{ "type": "Feature", "properties": { "id": "2301", "FECHA_CORTE": 20240425, "FECHA_REGISTRO": 20240219, "ID_DOC_DENUNCIA": "5380a2264b43badb62ab8bdae6d19942ea8b9fd03ed13b83cd3b02f9122b6632", "UBIGEO": 70106, "DEPARTAMENTO": "CALLAO", "PROVINCIA": "CALLAO", "DISTRITO": "VENTANILLA", "TIPO_DE_DENUNCIA": "DENUNCIA", "SITUACION_DENUNCIA": "RESUELTA", "TIPO": "PATRIMONIO (DELITO)", "SUBTIPO": "ROBO", "MODALIDAD": "ROBO", "FECHA_HECHO": 20240216, "HORA_HECHO": 1630, "UBICACION": "ASENT. H. EL GOLFO DE VENTANILLA MZ. Y3 LT 04 VENTANILLA CALLAO", "DESCRIPCION": "VILLA LOS REYES", "FECHA_NACIMIENTO": 19850225, "EDAD_PERSONA": 38, "SEXO": "FEMENINO", "ESTADO_CIVIL": "SOLTERO(A)", "GRADO_INSTRUCCION": "SECUNDARIA", "OCUPACION": "NO INDICA", "PAIS_NATAL": "PERU", "LONGITUD": -77.11937407000001, "LATITUD": -11.83746522, "Año": "2024", "Mes": "02" }, "geometry": { "type": "Point", "coordinates": [ 269101.014848510094453, 8690542.712184572592378 ] } },
{ "type": "Feature", "properties": { "id": "2302", "FECHA_CORTE": 20240425, "FECHA_REGISTRO": 20240215, "ID_DOC_DENUNCIA": "58012f261a67c93c9b01b60bd0662dc0541993cb545d67c6a1a9908c1718bc43", "UBIGEO": 70106, "DEPARTAMENTO": "CALLAO", "PROVINCIA": "CALLAO", "DISTRITO": "VENTANILLA", "TIPO_DE_DENUNCIA": "DENUNCIA", "SITUACION_DENUNCIA": "RESUELTA", "TIPO": "PATRIMONIO (DELITO)", "SUBTIPO": "ROBO", "MODALIDAD": "ROBO", "FECHA_HECHO": 20240214, "HORA_HECHO": 1400, "UBICACION": "ALTURA DEL COLEGIO DEFENSORES DE LA PATRIA ? VENTANILLA", "DESCRIPCION": "VENTANILLA", "FECHA_NACIMIENTO": 20041205, "EDAD_PERSONA": 19, "SEXO": "MASCULINO", "ESTADO_CIVIL": "SOLTERO(A)", "GRADO_INSTRUCCION": "SECUNDARIA", "OCUPACION": "NO INDICA", "PAIS_NATAL": "PERU", "LONGITUD": -77.1384496, "LATITUD": -11.8766405, "Año": "2024", "Mes": "02" }, "geometry": { "type": "Point", "coordinates": [ 267055.168440678389743, 8686192.193265335634351 ] } },
{ "type": "Feature", "properties": { "id": "2307", "FECHA_CORTE": 20240425, "FECHA_REGISTRO": 20240215, "ID_DOC_DENUNCIA": "9c3122314e5e89bbdf59ac283a10b8800f079310e037524f0ca3d9fca109d4c7", "UBIGEO": 70106, "DEPARTAMENTO": "CALLAO", "PROVINCIA": "CALLAO", "DISTRITO": "VENTANILLA", "TIPO_DE_DENUNCIA": "DENUNCIA", "SITUACION_DENUNCIA": "PENDIENTE", "TIPO": "PATRIMONIO (DELITO)", "SUBTIPO": "HURTO", "MODALIDAD": "HURTO DE VEHICULO", "FECHA_HECHO": 20240211, "HORA_HECHO": 1550, "UBICACION": "MZ D LT 21 AH SAN PEDRO", "DESCRIPCION": "VILLA LOS REYES", "FECHA_NACIMIENTO": 19761210, "EDAD_PERSONA": 47, "SEXO": "MASCULINO", "ESTADO_CIVIL": "SOLTERO(A)", "GRADO_INSTRUCCION": "SECUNDARIA", "OCUPACION": "NO INDICA", "PAIS_NATAL": "PERU", "LONGITUD": -77.11388539, "LATITUD": -11.9278457, "Año": "2024", "Mes": "02" }, "geometry": { "type": "Point", "coordinates": [ 269775.244947848899756, 8680546.964361216872931 ] } },
{ "type": "Feature", "properties": { "id": "2308", "FECHA_CORTE": 20240425, "FECHA_REGISTRO": 20240203, "ID_DOC_DENUNCIA": "89243179f2dbf350d2f0a5cf4593738606eeccd7b1222e3464ffa263204261ba", "UBIGEO": 70106, "DEPARTAMENTO": "CALLAO", "PROVINCIA": "CALLAO", "DISTRITO": "VENTANILLA", "TIPO_DE_DENUNCIA": "DENUNCIA", "SITUACION_DENUNCIA": "RESUELTA", "TIPO": "PATRIMONIO (DELITO)", "SUBTIPO": "ROBO", "MODALIDAD": "ROBO", "FECHA_HECHO": 20240130, "HORA_HECHO": 1900, "UBICACION": "ALTURA DEL HOSTAL LAS VEGAS  1ER SECTOR DEL AA. HH. ANGAMOS ? VENTANILLA", "DESCRIPCION": "VENTANILLA", "FECHA_NACIMIENTO": 19920915, "EDAD_PERSONA": 31, "SEXO": "MASCULINO", "ESTADO_CIVIL": "SOLTERO(A)", "GRADO_INSTRUCCION": "NO INDICA", "OCUPACION": "NO INDICA", "PAIS_NATAL": "PERU", "LONGITUD": -77.12080088, "LATITUD": -11.91241147, "Año": "2024", "Mes": "02" }, "geometry": { "type": "Point", "coordinates": [ 269008.69524048641324, 8682248.961114229634404 ] } },
{ "type": "Feature", "properties": { "id": "2325", "FECHA_CORTE": 20240425, "FECHA_REGISTRO": 20240206, "ID_DOC_DENUNCIA": "faf1f38d86831d98a97b3aa7fd39572025468ff80bbf68ad8c8d4a679fdbab3b", "UBIGEO": 70106, "DEPARTAMENTO": "CALLAO", "PROVINCIA": "CALLAO", "DISTRITO": "VENTANILLA", "TIPO_DE_DENUNCIA": "ACTA DE INTERVENCION", "SITUACION_DENUNCIA": "PENDIENTE", "TIPO": "PATRIMONIO (DELITO)", "SUBTIPO": "HURTO", "MODALIDAD": "HURTO", "FECHA_HECHO": 20240204, "HORA_HECHO": 40, "UBICACION": "MZ H LT 14 AA HH CUEVA DE LOS TALLOS", "DESCRIPCION": "VILLA LOS REYES", "FECHA_NACIMIENTO": 20051113, "EDAD_PERSONA": 18, "SEXO": "FEMENINO", "ESTADO_CIVIL": "SOLTERO(A)", "GRADO_INSTRUCCION": "SECUNDARIA", "OCUPACION": "NO INDICA", "PAIS_NATAL": "PERU", "LONGITUD": -77.1259843, "LATITUD": -12.0508491, "Año": "2024", "Mes": "02" }, "geometry": { "type": "Point", "coordinates": [ 268561.942904468858615, 8666926.796845387667418 ] } },
{ "type": "Feature", "properties": { "id": "2326", "FECHA_CORTE": 20240425, "FECHA_REGISTRO": 20240206, "ID_DOC_DENUNCIA": "660aeb66c8e6a119ef7a929ab4e0a0202f9c144b209eb825fa0d96b27a90b415", "UBIGEO": 70106, "DEPARTAMENTO": "CALLAO", "PROVINCIA": "CALLAO", "DISTRITO": "VENTANILLA", "TIPO_DE_DENUNCIA": "DENUNCIA", "SITUACION_DENUNCIA": "RESUELTA", "TIPO": "PATRIMONIO (DELITO)", "SUBTIPO": "HURTO", "MODALIDAD": "HURTO", "FECHA_HECHO": 20240204, "HORA_HECHO": 2100, "UBICACION": "BALNEARIO COSTA AZUL VENTANILLA", "DESCRIPCION": "VENTANILLA", "FECHA_NACIMIENTO": 20010710, "EDAD_PERSONA": 22, "SEXO": "MASCULINO", "ESTADO_CIVIL": "SOLTERO(A)", "GRADO_INSTRUCCION": "SECUNDARIA", "OCUPACION": "NO INDICA", "PAIS_NATAL": "PERU", "LONGITUD": -77.1564253, "LATITUD": -11.87114989, "Año": "2024", "Mes": "02" }, "geometry": { "type": "Point", "coordinates": [ 265091.490102820564061, 8686784.607354775071144 ] } },
{ "type": "Feature", "properties": { "id": "2327", "FECHA_CORTE": 20240425, "FECHA_REGISTRO": 20240224, "ID_DOC_DENUNCIA": "d26a6738c4e22c2c1e7892daab2e29f3b46ec0c7b17b294da30d3ecb18c94787", "UBIGEO": 70106, "DEPARTAMENTO": "CALLAO", "PROVINCIA": "CALLAO", "DISTRITO": "VENTANILLA", "TIPO_DE_DENUNCIA": "DENUNCIA", "SITUACION_DENUNCIA": "RESUELTA", "TIPO": "PATRIMONIO (DELITO)", "SUBTIPO": "ROBO", "MODALIDAD": "ROBO", "FECHA_HECHO": 20240224, "HORA_HECHO": 1800, "UBICACION": "AV FRENTE AL COLEGIO POLITECNICO DE LA URB NAVAL  VENTANILLA", "DESCRIPCION": "VENTANILLA", "FECHA_NACIMIENTO": 19671011, "EDAD_PERSONA": 56, "SEXO": "MASCULINO", "ESTADO_CIVIL": "CASADO(A)", "GRADO_INSTRUCCION": "NO INDICA", "OCUPACION": "EMPLEADO", "PAIS_NATAL": "PERU", "LONGITUD": -77.1286973, "LATITUD": -11.8775146, "Año": "2024", "Mes": "02" }, "geometry": { "type": "Point", "coordinates": [ 268118.694017966743559, 8686103.625105084851384 ] } },
{ "type": "Feature", "properties": { "id": "2334", "FECHA_CORTE": 20240425, "FECHA_REGISTRO": 20240209, "ID_DOC_DENUNCIA": "75a276ddb4c97f34bde90b2cbcbeb0a2a2fad97f3d5c64cc68c2281398cf97d1", "UBIGEO": 70106, "DEPARTAMENTO": "CALLAO", "PROVINCIA": "CALLAO", "DISTRITO": "VENTANILLA", "TIPO_DE_DENUNCIA": "DENUNCIA", "SITUACION_DENUNCIA": "RESUELTA", "TIPO": "PATRIMONIO (DELITO)", "SUBTIPO": "HURTO", "MODALIDAD": "HURTO AGRAVADO", "FECHA_HECHO": 20240208, "HORA_HECHO": 1110, "UBICACION": "JURISDICCION DE VENTANILLA", "DESCRIPCION": "VENTANILLA", "FECHA_NACIMIENTO": 19941228, "EDAD_PERSONA": 29, "SEXO": "FEMENINO", "ESTADO_CIVIL": "CASADO(A)", "GRADO_INSTRUCCION": "NO INDICA", "OCUPACION": "NO INDICA", "PAIS_NATAL": "PERU", "LONGITUD": -77.1259843, "LATITUD": -12.0508491, "Año": "2024", "Mes": "02" }, "geometry": { "type": "Point", "coordinates": [ 268561.942904468858615, 8666926.796845387667418 ] } },
{ "type": "Feature", "properties": { "id": "2335", "FECHA_CORTE": 20240425, "FECHA_REGISTRO": 20240209, "ID_DOC_DENUNCIA": "a99bf097502b7ec37d10120fbf4556d33a17505c135cde9b89d43c4edbb9ebc0", "UBIGEO": 70106, "DEPARTAMENTO": "CALLAO", "PROVINCIA": "CALLAO", "DISTRITO": "VENTANILLA", "TIPO_DE_DENUNCIA": "DENUNCIA", "SITUACION_DENUNCIA": "RESUELTA", "TIPO": "PATRIMONIO (DELITO)", "SUBTIPO": "HURTO", "MODALIDAD": "HURTO", "FECHA_HECHO": 20240208, "HORA_HECHO": 1830, "UBICACION": "MZ I LOTE 16 ASIOCIACION DE PROPIETARIOS DEL PREDIO RUSTICO CARRIZALES  VENTANILLA", "DESCRIPCION": "VENTANILLA", "FECHA_NACIMIENTO": 19530916, "EDAD_PERSONA": 70, "SEXO": "FEMENINO", "ESTADO_CIVIL": "CASADO(A)", "GRADO_INSTRUCCION": "NO INDICA", "OCUPACION": "DOCENTE", "PAIS_NATAL": "PERU", "LONGITUD": -77.13441312, "LATITUD": -11.92431896, "Año": "2024", "Mes": "02" }, "geometry": { "type": "Point", "coordinates": [ 267535.601858195732348, 8680920.045757325366139 ] } },
{ "type": "Feature", "properties": { "id": "2336", "FECHA_CORTE": 20240425, "FECHA_REGISTRO": 20240214, "ID_DOC_DENUNCIA": "b01d406353306628b0bd67f1cd1ac2927198e90973fe3bb7dd97bcf403f872c6", "UBIGEO": 70106, "DEPARTAMENTO": "CALLAO", "PROVINCIA": "CALLAO", "DISTRITO": "VENTANILLA", "TIPO_DE_DENUNCIA": "DENUNCIA", "SITUACION_DENUNCIA": "PENDIENTE", "TIPO": "PATRIMONIO (DELITO)", "SUBTIPO": "HURTO", "MODALIDAD": "HURTO DE CELULAR", "FECHA_HECHO": 20240214, "HORA_HECHO": 1000, "UBICACION": "JURISDICCION DE VENTANILLA", "DESCRIPCION": "VENTANILLA", "FECHA_NACIMIENTO": 19840313, "EDAD_PERSONA": 39, "SEXO": "FEMENINO", "ESTADO_CIVIL": "CASADO(A)", "GRADO_INSTRUCCION": "NO INDICA", "OCUPACION": "NO INDICA", "PAIS_NATAL": "PERU", "LONGITUD": -77.1259843, "LATITUD": -12.0508491, "Año": "2024", "Mes": "02" }, "geometry": { "type": "Point", "coordinates": [ 268561.942904468858615, 8666926.796845387667418 ] } },
{ "type": "Feature", "properties": { "id": "2344", "FECHA_CORTE": 20240425, "FECHA_REGISTRO": 20240209, "ID_DOC_DENUNCIA": "adbd321834e5ca1dcfe5e36dbc2be54d59289938b2dfcaed1083029a091cb579", "UBIGEO": 70106, "DEPARTAMENTO": "CALLAO", "PROVINCIA": "CALLAO", "DISTRITO": "VENTANILLA", "TIPO_DE_DENUNCIA": "DENUNCIA", "SITUACION_DENUNCIA": "PENDIENTE", "TIPO": "PATRIMONIO (DELITO)", "SUBTIPO": "HURTO", "MODALIDAD": "HURTO AGRAVADO", "FECHA_HECHO": 20240208, "HORA_HECHO": 40, "UBICACION": "JURISDICCION DE VENTANILLA", "DESCRIPCION": "VENTANILLA", "FECHA_NACIMIENTO": 19620803, "EDAD_PERSONA": 61, "SEXO": "MASCULINO", "ESTADO_CIVIL": "CASADO(A)", "GRADO_INSTRUCCION": "NO INDICA", "OCUPACION": "NO INDICA", "PAIS_NATAL": "PERU", "LONGITUD": -77.1259843, "LATITUD": -12.0508491, "Año": "2024", "Mes": "02" }, "geometry": { "type": "Point", "coordinates": [ 268561.942904468858615, 8666926.796845387667418 ] } },
{ "type": "Feature", "properties": { "id": "2345", "FECHA_CORTE": 20240425, "FECHA_REGISTRO": 20240215, "ID_DOC_DENUNCIA": "f183f2c75969771fe2cd46430b9a814790262a9890d4d16045277013711d1c31", "UBIGEO": 70106, "DEPARTAMENTO": "CALLAO", "PROVINCIA": "CALLAO", "DISTRITO": "VENTANILLA", "TIPO_DE_DENUNCIA": "DENUNCIA", "SITUACION_DENUNCIA": "PENDIENTE", "TIPO": "PATRIMONIO (DELITO)", "SUBTIPO": "ROBO", "MODALIDAD": "ROBO DE CELULAR", "FECHA_HECHO": 20240214, "HORA_HECHO": 1500, "UBICACION": "JURISDICCION DE VENTANILLA", "DESCRIPCION": "VENTANILLA", "FECHA_NACIMIENTO": 19930502, "EDAD_PERSONA": 30, "SEXO": "MASCULINO", "ESTADO_CIVIL": "CASADO(A)", "GRADO_INSTRUCCION": "NO INDICA", "OCUPACION": "NO INDICA", "PAIS_NATAL": "PERU", "LONGITUD": -77.1259843, "LATITUD": -12.0508491, "Año": "2024", "Mes": "02" }, "geometry": { "type": "Point", "coordinates": [ 268561.942904468858615, 8666926.796845387667418 ] } },
{ "type": "Feature", "properties": { "id": "2348", "FECHA_CORTE": 20240425, "FECHA_REGISTRO": 20240219, "ID_DOC_DENUNCIA": "28e7dcf47a16eafbf7f2235a23fd25a4d6c259d70a5a237b0151e2d9a6a69613", "UBIGEO": 70106, "DEPARTAMENTO": "CALLAO", "PROVINCIA": "CALLAO", "DISTRITO": "VENTANILLA", "TIPO_DE_DENUNCIA": "DENUNCIA", "SITUACION_DENUNCIA": "PENDIENTE", "TIPO": "PATRIMONIO (DELITO)", "SUBTIPO": "HURTO", "MODALIDAD": "HURTO", "FECHA_HECHO": 20240217, "HORA_HECHO": 0, "UBICACION": "JURISDICCION DE VENTANILLA", "DESCRIPCION": "VENTANILLA", "FECHA_NACIMIENTO": 19871228, "EDAD_PERSONA": 36, "SEXO": "MASCULINO", "ESTADO_CIVIL": "CASADO(A)", "GRADO_INSTRUCCION": "NO INDICA", "OCUPACION": "NO INDICA", "PAIS_NATAL": "PERU", "LONGITUD": -77.1259843, "LATITUD": -12.0508491, "Año": "2024", "Mes": "02" }, "geometry": { "type": "Point", "coordinates": [ 268561.942904468858615, 8666926.796845387667418 ] } },
{ "type": "Feature", "properties": { "id": "2349", "FECHA_CORTE": 20240425, "FECHA_REGISTRO": 20240227, "ID_DOC_DENUNCIA": "a7cc9c27bceae6622ad5bc2d53d8986a1923fae6842c9ee99bd888b090f97454", "UBIGEO": 70106, "DEPARTAMENTO": "CALLAO", "PROVINCIA": "CALLAO", "DISTRITO": "VENTANILLA", "TIPO_DE_DENUNCIA": "DENUNCIA", "SITUACION_DENUNCIA": "RESUELTA", "TIPO": "PATRIMONIO (DELITO)", "SUBTIPO": "HURTO", "MODALIDAD": "HURTO", "FECHA_HECHO": 20240227, "HORA_HECHO": 2120, "UBICACION": "PARADERO DE LOS LICENCIADOS  VENTANILLA", "DESCRIPCION": "VENTANILLA", "FECHA_NACIMIENTO": 19861220, "EDAD_PERSONA": 37, "SEXO": "FEMENINO", "ESTADO_CIVIL": "SOLTERO(A)", "GRADO_INSTRUCCION": "SECUNDARIA", "OCUPACION": "T MG", "PAIS_NATAL": "PERU", "LONGITUD": -77.13078015000001, "LATITUD": -11.87775821, "Año": "2024", "Mes": "02" }, "geometry": { "type": "Point", "coordinates": [ 267891.916955855442211, 8686074.932889834046364 ] } },
{ "type": "Feature", "properties": { "id": "2350", "FECHA_CORTE": 20240425, "FECHA_REGISTRO": 20240215, "ID_DOC_DENUNCIA": "6854a287def8d4e377bd483fff2c18b5d49554f9466575786ca58fc29c6bff9a", "UBIGEO": 70106, "DEPARTAMENTO": "CALLAO", "PROVINCIA": "CALLAO", "DISTRITO": "VENTANILLA", "TIPO_DE_DENUNCIA": "DENUNCIA", "SITUACION_DENUNCIA": "PENDIENTE", "TIPO": "PATRIMONIO (DELITO)", "SUBTIPO": "HURTO", "MODALIDAD": "HURTO DE CELULAR", "FECHA_HECHO": 20240214, "HORA_HECHO": 2100, "UBICACION": "JURISDICCION DE VENTANILLA", "DESCRIPCION": "VENTANILLA", "FECHA_NACIMIENTO": 20011014, "EDAD_PERSONA": 22, "SEXO": "FEMENINO", "ESTADO_CIVIL": "SOLTERO(A)", "GRADO_INSTRUCCION": "SECUNDARIA", "OCUPACION": "NO INDICA", "PAIS_NATAL": "PERU", "LONGITUD": -77.1259843, "LATITUD": -12.0508491, "Año": "2024", "Mes": "02" }, "geometry": { "type": "Point", "coordinates": [ 268561.942904468858615, 8666926.796845387667418 ] } },
{ "type": "Feature", "properties": { "id": "2369", "FECHA_CORTE": 20240425, "FECHA_REGISTRO": 20240206, "ID_DOC_DENUNCIA": "d1108e61388dc76a0fcd3fe815ffd45d7d56fe70323ffda03ab804a6a3bbabdb", "UBIGEO": 70106, "DEPARTAMENTO": "CALLAO", "PROVINCIA": "CALLAO", "DISTRITO": "VENTANILLA", "TIPO_DE_DENUNCIA": "DENUNCIA", "SITUACION_DENUNCIA": "PENDIENTE", "TIPO": "PATRIMONIO (DELITO)", "SUBTIPO": "HURTO", "MODALIDAD": "HURTO AGRAVADO", "FECHA_HECHO": 20240205, "HORA_HECHO": 800, "UBICACION": "JURISDICCION DE VENTANILLA", "DESCRIPCION": "VENTANILLA", "FECHA_NACIMIENTO": 20010812, "EDAD_PERSONA": 22, "SEXO": "MASCULINO", "ESTADO_CIVIL": "SOLTERO(A)", "GRADO_INSTRUCCION": "NO INDICA", "OCUPACION": "NO INDICA", "PAIS_NATAL": "PERU", "LONGITUD": -77.1259843, "LATITUD": -12.0508491, "Año": "2024", "Mes": "02" }, "geometry": { "type": "Point", "coordinates": [ 268561.942904468858615, 8666926.796845387667418 ] } },
{ "type": "Feature", "properties": { "id": "2374", "FECHA_CORTE": 20240425, "FECHA_REGISTRO": 20240205, "ID_DOC_DENUNCIA": "5d3dc32d347040a8d5387c7d38853a390f429d69e90efcd9f4527659b6392e0d", "UBIGEO": 70106, "DEPARTAMENTO": "CALLAO", "PROVINCIA": "CALLAO", "DISTRITO": "VENTANILLA", "TIPO_DE_DENUNCIA": "ACTA DE INTERVENCION", "SITUACION_DENUNCIA": "RESUELTA", "TIPO": "PATRIMONIO (DELITO)", "SUBTIPO": "HURTO", "MODALIDAD": "HURTO", "FECHA_HECHO": 20240204, "HORA_HECHO": 2130, "UBICACION": "JURISDICCION DE VENTANILLA", "DESCRIPCION": "VENTANILLA", "FECHA_NACIMIENTO": 19830821, "EDAD_PERSONA": 40, "SEXO": "MASCULINO", "ESTADO_CIVIL": "SOLTERO(A)", "GRADO_INSTRUCCION": "NO INDICA", "OCUPACION": "NO INDICA", "PAIS_NATAL": "PERU", "LONGITUD": -77.1259843, "LATITUD": -12.0508491, "Año": "2024", "Mes": "02" }, "geometry": { "type": "Point", "coordinates": [ 268561.942904468858615, 8666926.796845387667418 ] } },
{ "type": "Feature", "properties": { "id": "2375", "FECHA_CORTE": 20240425, "FECHA_REGISTRO": 20240201, "ID_DOC_DENUNCIA": "e89ad076c34de04c01dccfdfc4fd70f61ce8f56479c73a96968f48c63c42b7db", "UBIGEO": 70106, "DEPARTAMENTO": "CALLAO", "PROVINCIA": "CALLAO", "DISTRITO": "VENTANILLA", "TIPO_DE_DENUNCIA": "DENUNCIA", "SITUACION_DENUNCIA": "RESUELTA", "TIPO": "PATRIMONIO (DELITO)", "SUBTIPO": "HURTO", "MODALIDAD": "HURTO", "FECHA_HECHO": 20240131, "HORA_HECHO": 2100, "UBICACION": "AV. LA PLAYA SN ALTURA DE DINFORD VENTANILLA", "DESCRIPCION": "VENTANILLA", "FECHA_NACIMIENTO": 19741117, "EDAD_PERSONA": 49, "SEXO": "MASCULINO", "ESTADO_CIVIL": "SOLTERO(A)", "GRADO_INSTRUCCION": "NO INDICA", "OCUPACION": "NO INDICA", "PAIS_NATAL": "PERU", "LONGITUD": -77.14136898, "LATITUD": -11.86858039, "Año": "2024", "Mes": "02" }, "geometry": { "type": "Point", "coordinates": [ 266730.158428255701438, 8687081.58367039449513 ] } },
{ "type": "Feature", "properties": { "id": "2376", "FECHA_CORTE": 20240425, "FECHA_REGISTRO": 20240223, "ID_DOC_DENUNCIA": "6c27600df21cc3599d38525ed040124a4d8b824c3fde69e3e873d0f513dc9afc", "UBIGEO": 70106, "DEPARTAMENTO": "CALLAO", "PROVINCIA": "CALLAO", "DISTRITO": "VENTANILLA", "TIPO_DE_DENUNCIA": "OCURRENCIA", "SITUACION_DENUNCIA": "RESUELTA", "TIPO": "PATRIMONIO (DELITO)", "SUBTIPO": "HURTO", "MODALIDAD": "HURTO DE VEHICULO", "FECHA_HECHO": 20240222, "HORA_HECHO": 2030, "UBICACION": "5V94+W2P  VENTANILLA 07071  PERU", "DESCRIPCION": "PACHACUTEC", "FECHA_NACIMIENTO": 19851212, "EDAD_PERSONA": 38, "SEXO": "MASCULINO", "ESTADO_CIVIL": "SOLTERO(A)", "GRADO_INSTRUCCION": "NO INDICA", "OCUPACION": "MOTOTAXISTA", "PAIS_NATAL": "PERU", "LONGITUD": -77.14194591, "LATITUD": -11.82982159, "Año": "2024", "Mes": "02" }, "geometry": { "type": "Point", "coordinates": [ 266634.347483910736628, 8691369.68865804746747 ] } },
{ "type": "Feature", "properties": { "id": "2380", "FECHA_CORTE": 20240425, "FECHA_REGISTRO": 20240206, "ID_DOC_DENUNCIA": "74a16a103746bc61476bf15f3cffe0a35130c204b057f272643a8b72fb102d1d", "UBIGEO": 70106, "DEPARTAMENTO": "CALLAO", "PROVINCIA": "CALLAO", "DISTRITO": "VENTANILLA", "TIPO_DE_DENUNCIA": "DENUNCIA", "SITUACION_DENUNCIA": "PENDIENTE", "TIPO": "PATRIMONIO (DELITO)", "SUBTIPO": "HURTO", "MODALIDAD": "HURTO DE CELULAR", "FECHA_HECHO": 20240205, "HORA_HECHO": 1719, "UBICACION": "JURISDICCION DE VENTANILLA", "DESCRIPCION": "VENTANILLA", "FECHA_NACIMIENTO": 20000119, "EDAD_PERSONA": 24, "SEXO": "MASCULINO", "ESTADO_CIVIL": "SOLTERO(A)", "GRADO_INSTRUCCION": "NO INDICA", "OCUPACION": "EMPLEADO", "PAIS_NATAL": "PERU", "LONGITUD": -77.1259843, "LATITUD": -12.0508491, "Año": "2024", "Mes": "02" }, "geometry": { "type": "Point", "coordinates": [ 268561.942904468858615, 8666926.796845387667418 ] } },
{ "type": "Feature", "properties": { "id": "2381", "FECHA_CORTE": 20240425, "FECHA_REGISTRO": 20240206, "ID_DOC_DENUNCIA": "f86c33c307de1ac980232a010b42115368478515a433e5316a412b8122dafa63", "UBIGEO": 70106, "DEPARTAMENTO": "CALLAO", "PROVINCIA": "CALLAO", "DISTRITO": "VENTANILLA", "TIPO_DE_DENUNCIA": "DENUNCIA", "SITUACION_DENUNCIA": "RESUELTA", "TIPO": "PATRIMONIO (DELITO)", "SUBTIPO": "ROBO", "MODALIDAD": "ROBO", "FECHA_HECHO": 20240204, "HORA_HECHO": 2345, "UBICACION": "AV MIGUEL GRAU REF COSTADO DEL COLEGIO HEROES DEL PACIFICO VENTANILLA", "DESCRIPCION": "VENTANILLA", "FECHA_NACIMIENTO": 20010523, "EDAD_PERSONA": 22, "SEXO": "MASCULINO", "ESTADO_CIVIL": "SOLTERO(A)", "GRADO_INSTRUCCION": "NO INDICA", "OCUPACION": "ESTUDIANTE", "PAIS_NATAL": "PERU", "LONGITUD": -77.15129878, "LATITUD": -11.86814262, "Año": "2024", "Mes": "02" }, "geometry": { "type": "Point", "coordinates": [ 265647.614746686478611, 8687121.680957186967134 ] } },
{ "type": "Feature", "properties": { "id": "2382", "FECHA_CORTE": 20240425, "FECHA_REGISTRO": 20240227, "ID_DOC_DENUNCIA": "658825d8e0317c678855ecb5dc5fc1b6dbbdd65ced5dd4ead2cad98c0a78babb", "UBIGEO": 70106, "DEPARTAMENTO": "CALLAO", "PROVINCIA": "CALLAO", "DISTRITO": "VENTANILLA", "TIPO_DE_DENUNCIA": "DENUNCIA", "SITUACION_DENUNCIA": "RESUELTA", "TIPO": "PATRIMONIO (DELITO)", "SUBTIPO": "HURTO", "MODALIDAD": "HURTO", "FECHA_HECHO": 20240227, "HORA_HECHO": 700, "UBICACION": "REFINERIA LA PAMPILLA VENTANILLA", "DESCRIPCION": "VENTANILLA", "FECHA_NACIMIENTO": 19920924, "EDAD_PERSONA": 31, "SEXO": "MASCULINO", "ESTADO_CIVIL": "SOLTERO(A)", "GRADO_INSTRUCCION": "NO INDICA", "OCUPACION": "NO INDICA", "PAIS_NATAL": "PERU", "LONGITUD": -77.12939495000001, "LATITUD": -11.91973014, "Año": "2024", "Mes": "02" }, "geometry": { "type": "Point", "coordinates": [ 268078.47561678593047, 8681431.994119891896844 ] } },
{ "type": "Feature", "properties": { "id": "2383", "FECHA_CORTE": 20240425, "FECHA_REGISTRO": 20240201, "ID_DOC_DENUNCIA": "d6ef66136399f2ed7d5a11f25cc3c236fa1cc3b9a9a8db7fb3d4f0b872387d1e", "UBIGEO": 70106, "DEPARTAMENTO": "CALLAO", "PROVINCIA": "CALLAO", "DISTRITO": "VENTANILLA", "TIPO_DE_DENUNCIA": "DENUNCIA", "SITUACION_DENUNCIA": "RESUELTA", "TIPO": "PATRIMONIO (DELITO)", "SUBTIPO": "HURTO", "MODALIDAD": "HURTO DE VEHICULO", "FECHA_HECHO": 20240201, "HORA_HECHO": 940, "UBICACION": "VENTANILLA CALLAO", "DESCRIPCION": "DEPINCRI VENTANILLA", "FECHA_NACIMIENTO": 19800708, "EDAD_PERSONA": 43, "SEXO": "MASCULINO", "ESTADO_CIVIL": "SOLTERO(A)", "GRADO_INSTRUCCION": "NO INDICA", "OCUPACION": "NO INDICA", "PAIS_NATAL": "PERU", "LONGITUD": -77.15072452, "LATITUD": -11.87311612, "Año": "2024", "Mes": "02" }, "geometry": { "type": "Point", "coordinates": [ 265714.450296672177501, 8686571.852317947894335 ] } },
{ "type": "Feature", "properties": { "id": "2384", "FECHA_CORTE": 20240425, "FECHA_REGISTRO": 20240206, "ID_DOC_DENUNCIA": "f0742b381107042203749bb9310d3fbf8fa1ea4bdb83eb726e22b59fe74a8917", "UBIGEO": 70106, "DEPARTAMENTO": "CALLAO", "PROVINCIA": "CALLAO", "DISTRITO": "VENTANILLA", "TIPO_DE_DENUNCIA": "DENUNCIA", "SITUACION_DENUNCIA": "PENDIENTE", "TIPO": "PATRIMONIO (DELITO)", "SUBTIPO": "HURTO", "MODALIDAD": "HURTO DE CELULAR", "FECHA_HECHO": 20240205, "HORA_HECHO": 1140, "UBICACION": "JURISDICCION DE VENTANILLA", "DESCRIPCION": "VENTANILLA", "FECHA_NACIMIENTO": 19840909, "EDAD_PERSONA": 39, "SEXO": "MASCULINO", "ESTADO_CIVIL": "SOLTERO(A)", "GRADO_INSTRUCCION": "NO INDICA", "OCUPACION": "NO INDICA", "PAIS_NATAL": "PERU", "LONGITUD": -77.1259843, "LATITUD": -12.0508491, "Año": "2024", "Mes": "02" }, "geometry": { "type": "Point", "coordinates": [ 268561.942904468858615, 8666926.796845387667418 ] } },
{ "type": "Feature", "properties": { "id": "2385", "FECHA_CORTE": 20240425, "FECHA_REGISTRO": 20240218, "ID_DOC_DENUNCIA": "4a5dc742e54749c472f57fdfd1d8d2d2a0f2ceddd77b6a414528af39efcd43d8", "UBIGEO": 70106, "DEPARTAMENTO": "CALLAO", "PROVINCIA": "CALLAO", "DISTRITO": "VENTANILLA", "TIPO_DE_DENUNCIA": "ACTA DE DENUNCIA VERBAL", "SITUACION_DENUNCIA": "PENDIENTE", "TIPO": "PATRIMONIO (DELITO)", "SUBTIPO": "ROBO", "MODALIDAD": "ROBO DE CELULAR", "FECHA_HECHO": 20240211, "HORA_HECHO": 30, "UBICACION": "HOSPITAL CHALACO ASENT H VILLA LOS REYES", "DESCRIPCION": "VILLA LOS REYES", "FECHA_NACIMIENTO": 19980518, "EDAD_PERSONA": 25, "SEXO": "FEMENINO", "ESTADO_CIVIL": "SOLTERO(A)", "GRADO_INSTRUCCION": "NO INDICA", "OCUPACION": "NO INDICA", "PAIS_NATAL": "PERU", "LONGITUD": -77.1199768, "LATITUD": -11.8285333, "Año": "2024", "Mes": "02" }, "geometry": { "type": "Point", "coordinates": [ 269027.819776800228283, 8691530.499640101566911 ] } },
{ "type": "Feature", "properties": { "id": "2386", "FECHA_CORTE": 20240425, "FECHA_REGISTRO": 20240218, "ID_DOC_DENUNCIA": "cfda685a5005d49fe52faa5656fd3dc3a07dd735147e5aedd432e2289e450c7c", "UBIGEO": 70106, "DEPARTAMENTO": "CALLAO", "PROVINCIA": "CALLAO", "DISTRITO": "VENTANILLA", "TIPO_DE_DENUNCIA": "DENUNCIA", "SITUACION_DENUNCIA": "PENDIENTE", "TIPO": "PATRIMONIO (DELITO)", "SUBTIPO": "ROBO", "MODALIDAD": "ROBO AGRAVADO", "FECHA_HECHO": 20240218, "HORA_HECHO": 100, "UBICACION": "PARADERO OLAYA VENTANILLA", "DESCRIPCION": "VILLA LOS REYES", "FECHA_NACIMIENTO": 19890201, "EDAD_PERSONA": 35, "SEXO": "MASCULINO", "ESTADO_CIVIL": "SOLTERO(A)", "GRADO_INSTRUCCION": "NO INDICA", "OCUPACION": "NO INDICA", "PAIS_NATAL": "PERU", "LONGITUD": -77.1253622, "LATITUD": -11.8395504, "Año": "2024", "Mes": "02" }, "geometry": { "type": "Point", "coordinates": [ 268450.108355242758989, 8690307.031656244769692 ] } },
{ "type": "Feature", "properties": { "id": "2387", "FECHA_CORTE": 20240425, "FECHA_REGISTRO": 20240219, "ID_DOC_DENUNCIA": "52c12edd10e0193a64c4ce9e1e632123cb4ae8eedfef8ad2d69190a915a89f91", "UBIGEO": 70106, "DEPARTAMENTO": "CALLAO", "PROVINCIA": "CALLAO", "DISTRITO": "VENTANILLA", "TIPO_DE_DENUNCIA": "DENUNCIA", "SITUACION_DENUNCIA": "PENDIENTE", "TIPO": "PATRIMONIO (DELITO)", "SUBTIPO": "ROBO", "MODALIDAD": "ROBO AGRAVADO", "FECHA_HECHO": 20240217, "HORA_HECHO": 2045, "UBICACION": "JURISDICCION DE VENTANILLA", "DESCRIPCION": "VENTANILLA", "FECHA_NACIMIENTO": 19960404, "EDAD_PERSONA": 27, "SEXO": "FEMENINO", "ESTADO_CIVIL": "SOLTERO(A)", "GRADO_INSTRUCCION": "NO INDICA", "OCUPACION": "NO INDICA", "PAIS_NATAL": "PERU", "LONGITUD": -77.1259843, "LATITUD": -12.0508491, "Año": "2024", "Mes": "02" }, "geometry": { "type": "Point", "coordinates": [ 268561.942904468858615, 8666926.796845387667418 ] } },
{ "type": "Feature", "properties": { "id": "2388", "FECHA_CORTE": 20240425, "FECHA_REGISTRO": 20240209, "ID_DOC_DENUNCIA": "90b2bb8b4008335f137f4d08032a174ae307b8a28fbf958014299db9c39751cf", "UBIGEO": 70106, "DEPARTAMENTO": "CALLAO", "PROVINCIA": "CALLAO", "DISTRITO": "VENTANILLA", "TIPO_DE_DENUNCIA": "DENUNCIA", "SITUACION_DENUNCIA": "PENDIENTE", "TIPO": "PATRIMONIO (DELITO)", "SUBTIPO": "HURTO", "MODALIDAD": "HURTO", "FECHA_HECHO": 20240208, "HORA_HECHO": 1740, "UBICACION": "JURISDICCION DE VENTANILLA", "DESCRIPCION": "VENTANILLA", "FECHA_NACIMIENTO": 19720224, "EDAD_PERSONA": 51, "SEXO": "MASCULINO", "ESTADO_CIVIL": "SOLTERO(A)", "GRADO_INSTRUCCION": "NO INDICA", "OCUPACION": "NO INDICA", "PAIS_NATAL": "PERU", "LONGITUD": -77.1259843, "LATITUD": -12.0508491, "Año": "2024", "Mes": "02" }, "geometry": { "type": "Point", "coordinates": [ 268561.942904468858615, 8666926.796845387667418 ] } },
{ "type": "Feature", "properties": { "id": "2389", "FECHA_CORTE": 20240425, "FECHA_REGISTRO": 20240223, "ID_DOC_DENUNCIA": "6eb7f2a7b1397d211fefabd06d9751a3a0b0947462923de794aa3a0f390bac7a", "UBIGEO": 70106, "DEPARTAMENTO": "CALLAO", "PROVINCIA": "CALLAO", "DISTRITO": "VENTANILLA", "TIPO_DE_DENUNCIA": "DENUNCIA", "SITUACION_DENUNCIA": "PENDIENTE", "TIPO": "PATRIMONIO (DELITO)", "SUBTIPO": "HURTO", "MODALIDAD": "HURTO", "FECHA_HECHO": 20240223, "HORA_HECHO": 1830, "UBICACION": "VENTANILLA", "DESCRIPCION": "VENTANILLA", "FECHA_NACIMIENTO": 19970506, "EDAD_PERSONA": 26, "SEXO": "FEMENINO", "ESTADO_CIVIL": "SOLTERO(A)", "GRADO_INSTRUCCION": "NO INDICA", "OCUPACION": "NO INDICA", "PAIS_NATAL": "PERU", "LONGITUD": -77.1259843, "LATITUD": -12.0508491, "Año": "2024", "Mes": "02" }, "geometry": { "type": "Point", "coordinates": [ 268561.942904468858615, 8666926.796845387667418 ] } },
{ "type": "Feature", "properties": { "id": "2390", "FECHA_CORTE": 20240425, "FECHA_REGISTRO": 20240206, "ID_DOC_DENUNCIA": "f51151c53e91b00c391dd16b535f20fb120fb0e3370185f355dc765c9353b6d2", "UBIGEO": 70106, "DEPARTAMENTO": "CALLAO", "PROVINCIA": "CALLAO", "DISTRITO": "VENTANILLA", "TIPO_DE_DENUNCIA": "DENUNCIA", "SITUACION_DENUNCIA": "RESUELTA", "TIPO": "PATRIMONIO (DELITO)", "SUBTIPO": "HURTO", "MODALIDAD": "HURTO", "FECHA_HECHO": 20240202, "HORA_HECHO": 1700, "UBICACION": "AV LA PLAYA REF MAC DE VENTANILLA", "DESCRIPCION": "VENTANILLA", "FECHA_NACIMIENTO": 19761128, "EDAD_PERSONA": 47, "SEXO": "FEMENINO", "ESTADO_CIVIL": "SOLTERO(A)", "GRADO_INSTRUCCION": "NO INDICA", "OCUPACION": "NO INDICA", "PAIS_NATAL": "PERU", "LONGITUD": -77.12191144000001, "LATITUD": -11.87557806, "Año": "2024", "Mes": "02" }, "geometry": { "type": "Point", "coordinates": [ 268856.563222125812899, 8686323.545863166451454 ] } },
{ "type": "Feature", "properties": { "id": "2391", "FECHA_CORTE": 20240425, "FECHA_REGISTRO": 20240226, "ID_DOC_DENUNCIA": "5f914debf4120abaf004ab3d7ab221ffd720f4dafa94a7ed894914457946ff90", "UBIGEO": 70106, "DEPARTAMENTO": "CALLAO", "PROVINCIA": "CALLAO", "DISTRITO": "VENTANILLA", "TIPO_DE_DENUNCIA": "DENUNCIA", "SITUACION_DENUNCIA": "PENDIENTE", "TIPO": "PATRIMONIO (DELITO)", "SUBTIPO": "ROBO", "MODALIDAD": "ROBO", "FECHA_HECHO": 20240225, "HORA_HECHO": 930, "UBICACION": "JURISDICCION DE VENTANILLA", "DESCRIPCION": "VENTANILLA", "FECHA_NACIMIENTO": 19931127, "EDAD_PERSONA": 30, "SEXO": "MASCULINO", "ESTADO_CIVIL": "SOLTERO(A)", "GRADO_INSTRUCCION": "NO INDICA", "OCUPACION": "NO INDICA", "PAIS_NATAL": "PERU", "LONGITUD": -77.1259843, "LATITUD": -12.0508491, "Año": "2024", "Mes": "02" }, "geometry": { "type": "Point", "coordinates": [ 268561.942904468858615, 8666926.796845387667418 ] } },
{ "type": "Feature", "properties": { "id": "2394", "FECHA_CORTE": 20240425, "FECHA_REGISTRO": 20240218, "ID_DOC_DENUNCIA": "a824ea65f29bb44914aec6b045ad0770222ee993e001ec6883cdbd17a4054ef7", "UBIGEO": 70106, "DEPARTAMENTO": "CALLAO", "PROVINCIA": "CALLAO", "DISTRITO": "VENTANILLA", "TIPO_DE_DENUNCIA": "DENUNCIA", "SITUACION_DENUNCIA": "RESUELTA", "TIPO": "PATRIMONIO (DELITO)", "SUBTIPO": "ROBO", "MODALIDAD": "ROBO AGRAVADO A MANO ARMADA", "FECHA_HECHO": 20240218, "HORA_HECHO": 400, "UBICACION": "JURISDICCION DE VENTANILLA", "DESCRIPCION": "VENTANILLA", "FECHA_NACIMIENTO": 20010322, "EDAD_PERSONA": 22, "SEXO": "MASCULINO", "ESTADO_CIVIL": "SOLTERO(A)", "GRADO_INSTRUCCION": "NO INDICA", "OCUPACION": "NO INDICA", "PAIS_NATAL": "PERU", "LONGITUD": -77.1259843, "LATITUD": -12.0508491, "Año": "2024", "Mes": "02" }, "geometry": { "type": "Point", "coordinates": [ 268561.942904468858615, 8666926.796845387667418 ] } },
{ "type": "Feature", "properties": { "id": "2395", "FECHA_CORTE": 20240425, "FECHA_REGISTRO": 20240213, "ID_DOC_DENUNCIA": "717e0755ed5b6fccda422e4800ddb05fc41a1e166bd2df6b86a9f51c413af5df", "UBIGEO": 70106, "DEPARTAMENTO": "CALLAO", "PROVINCIA": "CALLAO", "DISTRITO": "VENTANILLA", "TIPO_DE_DENUNCIA": "ACTA DE DENUNCIA VERBAL", "SITUACION_DENUNCIA": "RESUELTA", "TIPO": "PATRIMONIO (DELITO)", "SUBTIPO": "ROBO", "MODALIDAD": "ROBO AGRAVADO A MANO ARMADA", "FECHA_HECHO": 20240212, "HORA_HECHO": 1920, "UBICACION": "AV SANTA ROSA  PLAYA BAHIA BLANCA", "DESCRIPCION": "PACHACUTEC", "FECHA_NACIMIENTO": 19980104, "EDAD_PERSONA": 26, "SEXO": "MASCULINO", "ESTADO_CIVIL": "SOLTERO(A)", "GRADO_INSTRUCCION": "NO INDICA", "OCUPACION": "PNP", "PAIS_NATAL": "PERU", "LONGITUD": -77.1259843, "LATITUD": -12.0508491, "Año": "2024", "Mes": "02" }, "geometry": { "type": "Point", "coordinates": [ 268561.942904468858615, 8666926.796845387667418 ] } },
{ "type": "Feature", "properties": { "id": "2396", "FECHA_CORTE": 20240425, "FECHA_REGISTRO": 20240224, "ID_DOC_DENUNCIA": "7c0c0e1476866cfe443faf2043600978308c27700bebe2c1b5b6ca5d3c002fa3", "UBIGEO": 70106, "DEPARTAMENTO": "CALLAO", "PROVINCIA": "CALLAO", "DISTRITO": "VENTANILLA", "TIPO_DE_DENUNCIA": "DENUNCIA", "SITUACION_DENUNCIA": "RESUELTA", "TIPO": "PATRIMONIO (DELITO)", "SUBTIPO": "HURTO", "MODALIDAD": "HURTO", "FECHA_HECHO": 20240224, "HORA_HECHO": 1300, "UBICACION": "VILLA DEPORTIVA DEL ASENT H ANGAMOS VENTANILLA", "DESCRIPCION": "VENTANILLA", "FECHA_NACIMIENTO": 19831010, "EDAD_PERSONA": 40, "SEXO": "FEMENINO", "ESTADO_CIVIL": "SOLTERO(A)", "GRADO_INSTRUCCION": "NO INDICA", "OCUPACION": "NO INDICA", "PAIS_NATAL": "PERU", "LONGITUD": -77.1461314, "LATITUD": -11.833809, "Año": "2024", "Mes": "02" }, "geometry": { "type": "Point", "coordinates": [ 266181.530655635404401, 8690924.987148994579911 ] } },
{ "type": "Feature", "properties": { "id": "2397", "FECHA_CORTE": 20240425, "FECHA_REGISTRO": 20240214, "ID_DOC_DENUNCIA": "feae0572388be9182fae932d9548cdc6234ffd878f4db5aee4ccfac0464282a4", "UBIGEO": 70106, "DEPARTAMENTO": "CALLAO", "PROVINCIA": "CALLAO", "DISTRITO": "VENTANILLA", "TIPO_DE_DENUNCIA": "DENUNCIA", "SITUACION_DENUNCIA": "PENDIENTE", "TIPO": "PATRIMONIO (DELITO)", "SUBTIPO": "ROBO", "MODALIDAD": "ROBO AGRAVADO", "FECHA_HECHO": 20240214, "HORA_HECHO": 300, "UBICACION": "JURISDICCION DE VENTANILLA", "DESCRIPCION": "VENTANILLA", "FECHA_NACIMIENTO": 19970322, "EDAD_PERSONA": 26, "SEXO": "MASCULINO", "ESTADO_CIVIL": "SOLTERO(A)", "GRADO_INSTRUCCION": "NO INDICA", "OCUPACION": "NO INDICA", "PAIS_NATAL": "PERU", "LONGITUD": -77.1259843, "LATITUD": -12.0508491, "Año": "2024", "Mes": "02" }, "geometry": { "type": "Point", "coordinates": [ 268561.942904468858615, 8666926.796845387667418 ] } },
{ "type": "Feature", "properties": { "id": "2398", "FECHA_CORTE": 20240425, "FECHA_REGISTRO": 20240206, "ID_DOC_DENUNCIA": "5d0f12e578ec54bba726369e89cc01f9d533ae83f29a2c45fec1fe35aa2fe334", "UBIGEO": 70106, "DEPARTAMENTO": "CALLAO", "PROVINCIA": "CALLAO", "DISTRITO": "VENTANILLA", "TIPO_DE_DENUNCIA": "ACTA DE INTERVENCION", "SITUACION_DENUNCIA": "PENDIENTE", "TIPO": "PATRIMONIO (DELITO)", "SUBTIPO": "HURTO", "MODALIDAD": "HURTO AGRAVADO EN CASA HABITADA", "FECHA_HECHO": 20240205, "HORA_HECHO": 1800, "UBICACION": "JURISDICCION DE VENTANILLA", "DESCRIPCION": "VENTANILLA", "FECHA_NACIMIENTO": 19790213, "EDAD_PERSONA": 44, "SEXO": "FEMENINO", "ESTADO_CIVIL": "SOLTERO(A)", "GRADO_INSTRUCCION": "NO INDICA", "OCUPACION": "DOCENTE", "PAIS_NATAL": "PERU", "LONGITUD": -77.1259843, "LATITUD": -12.0508491, "Año": "2024", "Mes": "02" }, "geometry": { "type": "Point", "coordinates": [ 268561.942904468858615, 8666926.796845387667418 ] } },
{ "type": "Feature", "properties": { "id": "2399", "FECHA_CORTE": 20240425, "FECHA_REGISTRO": 20240227, "ID_DOC_DENUNCIA": "2e21db47c618cc08475d3d4fd3b7a782423a3c72848bb60fdb49de8b0721e063", "UBIGEO": 70106, "DEPARTAMENTO": "CALLAO", "PROVINCIA": "CALLAO", "DISTRITO": "VENTANILLA", "TIPO_DE_DENUNCIA": "DENUNCIA", "SITUACION_DENUNCIA": "PENDIENTE", "TIPO": "PATRIMONIO (DELITO)", "SUBTIPO": "HURTO", "MODALIDAD": "HURTO DE VEHICULO", "FECHA_HECHO": 20240226, "HORA_HECHO": 330, "UBICACION": "MZ C1 LT 1  AAHH LOS LAURELES VENTANILLA", "DESCRIPCION": "VILLA LOS REYES", "FECHA_NACIMIENTO": 19841124, "EDAD_PERSONA": 39, "SEXO": "MASCULINO", "ESTADO_CIVIL": "SOLTERO(A)", "GRADO_INSTRUCCION": "NO INDICA", "OCUPACION": "PNP", "PAIS_NATAL": "PERU", "LONGITUD": -77.1157726, "LATITUD": -11.8357889, "Año": "2024", "Mes": "02" }, "geometry": { "type": "Point", "coordinates": [ 269492.142485248739831, 8690731.168196074664593 ] } },
{ "type": "Feature", "properties": { "id": "2400", "FECHA_CORTE": 20240425, "FECHA_REGISTRO": 20240221, "ID_DOC_DENUNCIA": "da9b68a1805556e6b6705bb15a8eee2b0eef1ca3cabe0e542e41bb8bc703c5ba", "UBIGEO": 70106, "DEPARTAMENTO": "CALLAO", "PROVINCIA": "CALLAO", "DISTRITO": "VENTANILLA", "TIPO_DE_DENUNCIA": "DENUNCIA", "SITUACION_DENUNCIA": "RESUELTA", "TIPO": "PATRIMONIO (DELITO)", "SUBTIPO": "HURTO", "MODALIDAD": "HURTO", "FECHA_HECHO": 20240210, "HORA_HECHO": 1800, "UBICACION": "PACHACUTEC VENTANILLA", "DESCRIPCION": "PACHACUTEC", "FECHA_NACIMIENTO": 19810110, "EDAD_PERSONA": 43, "SEXO": "MASCULINO", "ESTADO_CIVIL": "SOLTERO(A)", "GRADO_INSTRUCCION": "NO INDICA", "OCUPACION": "NO INDICA", "PAIS_NATAL": "PERU", "LONGITUD": -77.1552651, "LATITUD": -11.8301689, "Año": "2024", "Mes": "02" }, "geometry": { "type": "Point", "coordinates": [ 265182.884774088393897, 8691320.093090396374464 ] } },
{ "type": "Feature", "properties": { "id": "2401", "FECHA_CORTE": 20240425, "FECHA_REGISTRO": 20240225, "ID_DOC_DENUNCIA": "30434e5a424878eb73d5e3feb42ab6cb3db6ac3f1c301a690f10a971598c1172", "UBIGEO": 70106, "DEPARTAMENTO": "CALLAO", "PROVINCIA": "CALLAO", "DISTRITO": "VENTANILLA", "TIPO_DE_DENUNCIA": "ACTA DE DENUNCIA VERBAL", "SITUACION_DENUNCIA": "PENDIENTE", "TIPO": "PATRIMONIO (DELITO)", "SUBTIPO": "ROBO", "MODALIDAD": "ROBO DE CELULAR", "FECHA_HECHO": 20240225, "HORA_HECHO": 1400, "UBICACION": "COLEGIO LOS ANGELES", "DESCRIPCION": "VILLA LOS REYES", "FECHA_NACIMIENTO": 19890409, "EDAD_PERSONA": 34, "SEXO": "MASCULINO", "ESTADO_CIVIL": "SOLTERO(A)", "GRADO_INSTRUCCION": "NO INDICA", "OCUPACION": "DOCENTE", "PAIS_NATAL": "PERU", "LONGITUD": -77.1259843, "LATITUD": -12.0508491, "Año": "2024", "Mes": "02" }, "geometry": { "type": "Point", "coordinates": [ 268561.942904468858615, 8666926.796845387667418 ] } },
{ "type": "Feature", "properties": { "id": "2402", "FECHA_CORTE": 20240425, "FECHA_REGISTRO": 20240215, "ID_DOC_DENUNCIA": "26765550b06b1d952bb712cec8d11ed6fd3842a9ba504bf4f90b584d64468157", "UBIGEO": 70106, "DEPARTAMENTO": "CALLAO", "PROVINCIA": "CALLAO", "DISTRITO": "VENTANILLA", "TIPO_DE_DENUNCIA": "DENUNCIA", "SITUACION_DENUNCIA": "PENDIENTE", "TIPO": "PATRIMONIO (DELITO)", "SUBTIPO": "ROBO", "MODALIDAD": "ROBO", "FECHA_HECHO": 20240215, "HORA_HECHO": 430, "UBICACION": "LAS LOMAS DE VENTANILLA ALTA", "DESCRIPCION": "VENTANILLA", "FECHA_NACIMIENTO": 19931110, "EDAD_PERSONA": 30, "SEXO": "FEMENINO", "ESTADO_CIVIL": "SOLTERO(A)", "GRADO_INSTRUCCION": "NO INDICA", "OCUPACION": "ALUMNA FAP", "PAIS_NATAL": "PERU", "LONGITUD": -77.09440189, "LATITUD": -11.88588874, "Año": "2024", "Mes": "02" }, "geometry": { "type": "Point", "coordinates": [ 271863.053250006749295, 8685205.42842766828835 ] } },
{ "type": "Feature", "properties": { "id": "2403", "FECHA_CORTE": 20240425, "FECHA_REGISTRO": 20240206, "ID_DOC_DENUNCIA": "5a3523aa02c9324c6f4dde80bfd818cc4f1e014d669f6e7a0edd2182cb360694", "UBIGEO": 70106, "DEPARTAMENTO": "CALLAO", "PROVINCIA": "CALLAO", "DISTRITO": "VENTANILLA", "TIPO_DE_DENUNCIA": "DENUNCIA", "SITUACION_DENUNCIA": "PENDIENTE", "TIPO": "PATRIMONIO (DELITO)", "SUBTIPO": "HURTO", "MODALIDAD": "HURTO DE CELULAR", "FECHA_HECHO": 20240205, "HORA_HECHO": 830, "UBICACION": "JURISDICCION DE VENTANILLA", "DESCRIPCION": "VENTANILLA", "FECHA_NACIMIENTO": 19900430, "EDAD_PERSONA": 33, "SEXO": "MASCULINO", "ESTADO_CIVIL": "SOLTERO(A)", "GRADO_INSTRUCCION": "NO INDICA", "OCUPACION": "EMPLEADO", "PAIS_NATAL": "PERU", "LONGITUD": -77.1259843, "LATITUD": -12.0508491, "Año": "2024", "Mes": "02" }, "geometry": { "type": "Point", "coordinates": [ 268561.942904468858615, 8666926.796845387667418 ] } },
{ "type": "Feature", "properties": { "id": "2404", "FECHA_CORTE": 20240425, "FECHA_REGISTRO": 20240206, "ID_DOC_DENUNCIA": "c4deff56bb93ef59bdb67bd2c3cba20c26132b77d839366ad4e5b5740d668fe1", "UBIGEO": 70106, "DEPARTAMENTO": "CALLAO", "PROVINCIA": "CALLAO", "DISTRITO": "VENTANILLA", "TIPO_DE_DENUNCIA": "DENUNCIA", "SITUACION_DENUNCIA": "PENDIENTE", "TIPO": "PATRIMONIO (DELITO)", "SUBTIPO": "HURTO", "MODALIDAD": "HURTO DE CELULAR", "FECHA_HECHO": 20240205, "HORA_HECHO": 930, "UBICACION": "JURISDICCION DE VENTANILLA", "DESCRIPCION": "VENTANILLA", "FECHA_NACIMIENTO": 19860414, "EDAD_PERSONA": 37, "SEXO": "MASCULINO", "ESTADO_CIVIL": "SOLTERO(A)", "GRADO_INSTRUCCION": "NO INDICA", "OCUPACION": "EMPLEADO", "PAIS_NATAL": "PERU", "LONGITUD": -77.12764727, "LATITUD": -12.05192457, "Año": "2024", "Mes": "02" }, "geometry": { "type": "Point", "coordinates": [ 268381.7559194197529, 8666806.39341357909143 ] } },
{ "type": "Feature", "properties": { "id": "2407", "FECHA_CORTE": 20240425, "FECHA_REGISTRO": 20240216, "ID_DOC_DENUNCIA": "c6bb6f66dcb688c81fd673aa1518b9cc4cdfe2c06af81bd5e2a8d53d31165b9e", "UBIGEO": 70106, "DEPARTAMENTO": "CALLAO", "PROVINCIA": "CALLAO", "DISTRITO": "VENTANILLA", "TIPO_DE_DENUNCIA": "OCURRENCIA", "SITUACION_DENUNCIA": "PENDIENTE", "TIPO": "PATRIMONIO (DELITO)", "SUBTIPO": "HURTO", "MODALIDAD": "HURTO AGRAVADO", "FECHA_HECHO": 20240210, "HORA_HECHO": 1600, "UBICACION": "MZ B LOTE 07 AA.HH FELIX MORENO VENTANILLA", "DESCRIPCION": "VENTANILLA", "FECHA_NACIMIENTO": 19710616, "EDAD_PERSONA": 52, "SEXO": "FEMENINO", "ESTADO_CIVIL": "SOLTERO(A)", "GRADO_INSTRUCCION": "NO INDICA", "OCUPACION": "NO INDICA", "PAIS_NATAL": "PERU", "LONGITUD": -77.1369987, "LATITUD": -11.8679694, "Año": "2024", "Mes": "02" }, "geometry": { "type": "Point", "coordinates": [ 267205.919406159431674, 8687152.847417805343866 ] } },
{ "type": "Feature", "properties": { "id": "2412", "FECHA_CORTE": 20240425, "FECHA_REGISTRO": 20240227, "ID_DOC_DENUNCIA": "1861a0bf860c88da122aa030e05abf58cb924d1ebe63f427d621b43e595090a8", "UBIGEO": 70106, "DEPARTAMENTO": "CALLAO", "PROVINCIA": "CALLAO", "DISTRITO": "VENTANILLA", "TIPO_DE_DENUNCIA": "DENUNCIA", "SITUACION_DENUNCIA": "RESUELTA", "TIPO": "PATRIMONIO (DELITO)", "SUBTIPO": "HURTO", "MODALIDAD": "HURTO", "FECHA_HECHO": 20240227, "HORA_HECHO": 20, "UBICACION": "PARADERO 08 DE ANGAMOS  VENTANILLA", "DESCRIPCION": "VENTANILLA", "FECHA_NACIMIENTO": 19420530, "EDAD_PERSONA": 81, "SEXO": "FEMENINO", "ESTADO_CIVIL": "SOLTERO(A)", "GRADO_INSTRUCCION": "NO INDICA", "OCUPACION": "NO INDICA", "PAIS_NATAL": "PERU", "LONGITUD": -77.14484394, "LATITUD": -11.83414503, "Año": "2024", "Mes": "02" }, "geometry": { "type": "Point", "coordinates": [ 266322.143925101263449, 8690888.884139580652118 ] } },
{ "type": "Feature", "properties": { "id": "2413", "FECHA_CORTE": 20240425, "FECHA_REGISTRO": 20240218, "ID_DOC_DENUNCIA": "9860c6f502b7c1f3c3fa107e4c8730ae58fd91ec8de634530a110a991ae86567", "UBIGEO": 70106, "DEPARTAMENTO": "CALLAO", "PROVINCIA": "CALLAO", "DISTRITO": "VENTANILLA", "TIPO_DE_DENUNCIA": "ACTA DE DENUNCIA VERBAL", "SITUACION_DENUNCIA": "PENDIENTE", "TIPO": "PATRIMONIO (DELITO)", "SUBTIPO": "ROBO", "MODALIDAD": "ROBO", "FECHA_HECHO": 20240217, "HORA_HECHO": 30, "UBICACION": "MERCADO JOSE OLAYA BALANDRA ASENT H VILLA LOS REYES", "DESCRIPCION": "VILLA LOS REYES", "FECHA_NACIMIENTO": 19770704, "EDAD_PERSONA": 46, "SEXO": "MASCULINO", "ESTADO_CIVIL": "SOLTERO(A)", "GRADO_INSTRUCCION": "NO INDICA", "OCUPACION": "NO INDICA", "PAIS_NATAL": "PERU", "LONGITUD": -77.1259843, "LATITUD": -12.0508491, "Año": "2024", "Mes": "02" }, "geometry": { "type": "Point", "coordinates": [ 268561.942904468858615, 8666926.796845387667418 ] } },
{ "type": "Feature", "properties": { "id": "2414", "FECHA_CORTE": 20240425, "FECHA_REGISTRO": 20240206, "ID_DOC_DENUNCIA": "35d0a505f187f85e5b663e723faaf86e90bc282bcb03226d622417589e757420", "UBIGEO": 70106, "DEPARTAMENTO": "CALLAO", "PROVINCIA": "CALLAO", "DISTRITO": "VENTANILLA", "TIPO_DE_DENUNCIA": "ACTA DE DENUNCIA VERBAL", "SITUACION_DENUNCIA": "RESUELTA", "TIPO": "PATRIMONIO (DELITO)", "SUBTIPO": "ROBO", "MODALIDAD": "ROBO", "FECHA_HECHO": 20240206, "HORA_HECHO": 1400, "UBICACION": "PACHACUTEC", "DESCRIPCION": "PACHACUTEC", "FECHA_NACIMIENTO": 19780423, "EDAD_PERSONA": 45, "SEXO": "MASCULINO", "ESTADO_CIVIL": "SOLTERO(A)", "GRADO_INSTRUCCION": "NO INDICA", "OCUPACION": "NO INDICA", "PAIS_NATAL": "PERU", "LONGITUD": -77.1104676, "LATITUD": -12.0558424, "Año": "2024", "Mes": "02" }, "geometry": { "type": "Point", "coordinates": [ 270256.072322054882534, 8666387.350553501397371 ] } },
{ "type": "Feature", "properties": { "id": "2415", "FECHA_CORTE": 20240425, "FECHA_REGISTRO": 20240225, "ID_DOC_DENUNCIA": "3c24e3ece901fb23c511f6e18a86d7e8d3e8b65c9ba13a93c2cadea1faa5e6d9", "UBIGEO": 70106, "DEPARTAMENTO": "CALLAO", "PROVINCIA": "CALLAO", "DISTRITO": "VENTANILLA", "TIPO_DE_DENUNCIA": "DENUNCIA", "SITUACION_DENUNCIA": "PENDIENTE", "TIPO": "PATRIMONIO (DELITO)", "SUBTIPO": "ROBO", "MODALIDAD": "ROBO", "FECHA_HECHO": 20240225, "HORA_HECHO": 1245, "UBICACION": "IGLESIA LOS MORMONES DE VENTANILLA ALTA", "DESCRIPCION": "VENTANILLA", "FECHA_NACIMIENTO": 19910210, "EDAD_PERSONA": 33, "SEXO": "MASCULINO", "ESTADO_CIVIL": "SOLTERO(A)", "GRADO_INSTRUCCION": "NO INDICA", "OCUPACION": "NO INDICA", "PAIS_NATAL": "PERU", "LONGITUD": -77.1390371, "LATITUD": -11.82515227, "Año": "2024", "Mes": "02" }, "geometry": { "type": "Point", "coordinates": [ 266947.443831729120575, 8691888.767943704500794 ] } },
{ "type": "Feature", "properties": { "id": "2416", "FECHA_CORTE": 20240425, "FECHA_REGISTRO": 20240203, "ID_DOC_DENUNCIA": "aa949bcaec4c2cfb7ea7bc5eccaae76d5cb6db48d8bc736c616c122ca235df04", "UBIGEO": 70106, "DEPARTAMENTO": "CALLAO", "PROVINCIA": "CALLAO", "DISTRITO": "VENTANILLA", "TIPO_DE_DENUNCIA": "DENUNCIA", "SITUACION_DENUNCIA": "PENDIENTE", "TIPO": "PATRIMONIO (DELITO)", "SUBTIPO": "ROBO", "MODALIDAD": "ROBO", "FECHA_HECHO": 20240203, "HORA_HECHO": 2030, "UBICACION": "PSJE LA PAMPILLA AV REVOLUCION VENTANILLA", "DESCRIPCION": "VENTANILLA", "FECHA_NACIMIENTO": 19750918, "EDAD_PERSONA": 48, "SEXO": "MASCULINO", "ESTADO_CIVIL": "SOLTERO(A)", "GRADO_INSTRUCCION": "NO INDICA", "OCUPACION": "NO INDICA", "PAIS_NATAL": "PERU", "LONGITUD": -77.12560882, "LATITUD": -11.86615553, "Año": "2024", "Mes": "02" }, "geometry": { "type": "Point", "coordinates": [ 268445.670994407613762, 8687363.047379018738866 ] } },
{ "type": "Feature", "properties": { "id": "2417", "FECHA_CORTE": 20240425, "FECHA_REGISTRO": 20240223, "ID_DOC_DENUNCIA": "6c013ac47c7b11a10287c129d15bb617540e229f7de291a394dda0a2b42c64d5", "UBIGEO": 70106, "DEPARTAMENTO": "CALLAO", "PROVINCIA": "CALLAO", "DISTRITO": "VENTANILLA", "TIPO_DE_DENUNCIA": "DENUNCIA", "SITUACION_DENUNCIA": "PENDIENTE", "TIPO": "PATRIMONIO (DELITO)", "SUBTIPO": "ROBO", "MODALIDAD": "ROBO AGRAVADO A MANO ARMADA", "FECHA_HECHO": 20240220, "HORA_HECHO": 730, "UBICACION": "AV NESTOR GAMBETA CALLAO  CON DIRECCION A VENTANILLA", "DESCRIPCION": "VENTANILLA", "FECHA_NACIMIENTO": 19770914, "EDAD_PERSONA": 46, "SEXO": "MASCULINO", "ESTADO_CIVIL": "SOLTERO(A)", "GRADO_INSTRUCCION": "NO INDICA", "OCUPACION": "OBRERO", "PAIS_NATAL": "PERU", "LONGITUD": -77.1312376, "LATITUD": -11.9421957, "Año": "2024", "Mes": "02" }, "geometry": { "type": "Point", "coordinates": [ 267896.823701752000488, 8678944.683048458769917 ] } },
{ "type": "Feature", "properties": { "id": "2418", "FECHA_CORTE": 20240425, "FECHA_REGISTRO": 20240220, "ID_DOC_DENUNCIA": "25bedf37bf1f5aac715271f27f20189b2d0577d1efb864d0affd397485d16a8a", "UBIGEO": 70106, "DEPARTAMENTO": "CALLAO", "PROVINCIA": "CALLAO", "DISTRITO": "VENTANILLA", "TIPO_DE_DENUNCIA": "ACTA DE INTERVENCION", "SITUACION_DENUNCIA": "PENDIENTE", "TIPO": "PATRIMONIO (DELITO)", "SUBTIPO": "ROBO", "MODALIDAD": "ROBO AGRAVADO A MANO ARMADA", "FECHA_HECHO": 20240220, "HORA_HECHO": 1200, "UBICACION": "JURISDICCION DE VENTANILLA", "DESCRIPCION": "VENTANILLA", "FECHA_NACIMIENTO": 19770914, "EDAD_PERSONA": 46, "SEXO": "MASCULINO", "ESTADO_CIVIL": "SOLTERO(A)", "GRADO_INSTRUCCION": "NO INDICA", "OCUPACION": "OBRERO", "PAIS_NATAL": "PERU", "LONGITUD": -77.1259843, "LATITUD": -12.0508491, "Año": "2024", "Mes": "02" }, "geometry": { "type": "Point", "coordinates": [ 268561.942904468858615, 8666926.796845387667418 ] } },
{ "type": "Feature", "properties": { "id": "2419", "FECHA_CORTE": 20240425, "FECHA_REGISTRO": 20240212, "ID_DOC_DENUNCIA": "24b1ecf9963d1b371ad631ad378bac3ad632e9d09bf05ff8a1d997ed29ca4c91", "UBIGEO": 70106, "DEPARTAMENTO": "CALLAO", "PROVINCIA": "CALLAO", "DISTRITO": "VENTANILLA", "TIPO_DE_DENUNCIA": "DENUNCIA", "SITUACION_DENUNCIA": "RESUELTA", "TIPO": "PATRIMONIO (DELITO)", "SUBTIPO": "ROBO", "MODALIDAD": "ROBO", "FECHA_HECHO": 20240212, "HORA_HECHO": 1210, "UBICACION": "PARADERO INKA KOLA VENTANILLA", "DESCRIPCION": "VENTANILLA", "FECHA_NACIMIENTO": 19801122, "EDAD_PERSONA": 43, "SEXO": "MASCULINO", "ESTADO_CIVIL": "SOLTERO(A)", "GRADO_INSTRUCCION": "NO INDICA", "OCUPACION": "CHOFER", "PAIS_NATAL": "PERU", "LONGITUD": -77.12229772000001, "LATITUD": -11.93446182, "Año": "2024", "Mes": "02" }, "geometry": { "type": "Point", "coordinates": [ 268864.275447110994719, 8679807.901705043390393 ] } },
{ "type": "Feature", "properties": { "id": "2420", "FECHA_CORTE": 20240425, "FECHA_REGISTRO": 20240224, "ID_DOC_DENUNCIA": "d80d9bcd382a68abccb44acc357a0893d7b9a9e310afff8535a815e2fbec9841", "UBIGEO": 70106, "DEPARTAMENTO": "CALLAO", "PROVINCIA": "CALLAO", "DISTRITO": "VENTANILLA", "TIPO_DE_DENUNCIA": "DENUNCIA", "SITUACION_DENUNCIA": "RESUELTA", "TIPO": "PATRIMONIO (DELITO)", "SUBTIPO": "ROBO", "MODALIDAD": "ROBO", "FECHA_HECHO": 20240224, "HORA_HECHO": 2200, "UBICACION": "COMPLEJO DEPORTIVO ANGAMOS VENTANILLA", "DESCRIPCION": "VENTANILLA", "FECHA_NACIMIENTO": 19940303, "EDAD_PERSONA": 29, "SEXO": "FEMENINO", "ESTADO_CIVIL": "SOLTERO(A)", "GRADO_INSTRUCCION": "NO INDICA", "OCUPACION": "NO INDICA", "PAIS_NATAL": "PERU", "LONGITUD": -77.12581399, "LATITUD": -11.90741961, "Año": "2024", "Mes": "02" }, "geometry": { "type": "Point", "coordinates": [ 268458.220498127862811, 8682797.117319699376822 ] } },
{ "type": "Feature", "properties": { "id": "2421", "FECHA_CORTE": 20240425, "FECHA_REGISTRO": 20240225, "ID_DOC_DENUNCIA": "2ee369217e4e98d084ce93c54754fbc68619736a333a751d19f990663b5a46c6", "UBIGEO": 70106, "DEPARTAMENTO": "CALLAO", "PROVINCIA": "CALLAO", "DISTRITO": "VENTANILLA", "TIPO_DE_DENUNCIA": "DENUNCIA", "SITUACION_DENUNCIA": "PENDIENTE", "TIPO": "PATRIMONIO (DELITO)", "SUBTIPO": "ROBO", "MODALIDAD": "ROBO", "FECHA_HECHO": 20240224, "HORA_HECHO": 1300, "UBICACION": "COLEGIO LOS ANGELES", "DESCRIPCION": "VILLA LOS REYES", "FECHA_NACIMIENTO": 19870521, "EDAD_PERSONA": 36, "SEXO": "FEMENINO", "ESTADO_CIVIL": "SOLTERO(A)", "GRADO_INSTRUCCION": "NO INDICA", "OCUPACION": "NO INDICA", "PAIS_NATAL": "PERU", "LONGITUD": -77.1259843, "LATITUD": -12.0508491, "Año": "2024", "Mes": "02" }, "geometry": { "type": "Point", "coordinates": [ 268561.942904468858615, 8666926.796845387667418 ] } },
{ "type": "Feature", "properties": { "id": "2422", "FECHA_CORTE": 20240425, "FECHA_REGISTRO": 20240209, "ID_DOC_DENUNCIA": "b959630d746754f367e020b1f8423f6365f10908fdd1712bfd1ce6a0f5bf3fa8", "UBIGEO": 70106, "DEPARTAMENTO": "CALLAO", "PROVINCIA": "CALLAO", "DISTRITO": "VENTANILLA", "TIPO_DE_DENUNCIA": "DENUNCIA", "SITUACION_DENUNCIA": "PENDIENTE", "TIPO": "PATRIMONIO (DELITO)", "SUBTIPO": "ROBO", "MODALIDAD": "ASALTO Y ROBO DE VEHICULOS", "FECHA_HECHO": 20240208, "HORA_HECHO": 2300, "UBICACION": "NICARAGUA  VENTANILLA 07066", "DESCRIPCION": "VILLA LOS REYES", "FECHA_NACIMIENTO": 19860120, "EDAD_PERSONA": 38, "SEXO": "MASCULINO", "ESTADO_CIVIL": "SOLTERO(A)", "GRADO_INSTRUCCION": "NO INDICA", "OCUPACION": "NO INDICA", "PAIS_NATAL": "PERU", "LONGITUD": -77.1342187, "LATITUD": -11.8366971, "Año": "2024", "Mes": "02" }, "geometry": { "type": "Point", "coordinates": [ 267482.402943291584961, 8690615.376913672313094 ] } },
{ "type": "Feature", "properties": { "id": "2423", "FECHA_CORTE": 20240425, "FECHA_REGISTRO": 20240221, "ID_DOC_DENUNCIA": "4aece97ba35aed0aca9291eb77b73d0f2d53e04770ff2ee300a542a984375b7a", "UBIGEO": 70106, "DEPARTAMENTO": "CALLAO", "PROVINCIA": "CALLAO", "DISTRITO": "VENTANILLA", "TIPO_DE_DENUNCIA": "DENUNCIA", "SITUACION_DENUNCIA": "RESUELTA", "TIPO": "PATRIMONIO (DELITO)", "SUBTIPO": "HURTO", "MODALIDAD": "HURTO DE CELULAR", "FECHA_HECHO": 20240220, "HORA_HECHO": 2045, "UBICACION": "PARADERO DE LA AV. LA PLAYA   FRENTE A LA LAGUNA DE VENTANILLA", "DESCRIPCION": "VENTANILLA", "FECHA_NACIMIENTO": 19720412, "EDAD_PERSONA": 51, "SEXO": "MASCULINO", "ESTADO_CIVIL": "SOLTERO(A)", "GRADO_INSTRUCCION": "NO INDICA", "OCUPACION": "NO INDICA", "PAIS_NATAL": "PERU", "LONGITUD": -77.14471637, "LATITUD": -11.87093226, "Año": "2024", "Mes": "02" }, "geometry": { "type": "Point", "coordinates": [ 266367.358466298901476, 8686818.545270131900907 ] } },
{ "type": "Feature", "properties": { "id": "2424", "FECHA_CORTE": 20240425, "FECHA_REGISTRO": 20240220, "ID_DOC_DENUNCIA": "99251447aff3dc54bc52cb0fa7ee225e07001447ade86dfd3cc76785402adc8a", "UBIGEO": 70106, "DEPARTAMENTO": "CALLAO", "PROVINCIA": "CALLAO", "DISTRITO": "VENTANILLA", "TIPO_DE_DENUNCIA": "DENUNCIA", "SITUACION_DENUNCIA": "RESUELTA", "TIPO": "PATRIMONIO (DELITO)", "SUBTIPO": "ROBO", "MODALIDAD": "ROBO AGRAVADO A MANO ARMADA", "FECHA_HECHO": 20240220, "HORA_HECHO": 610, "UBICACION": "AV NESTOR GAMBETA  CALLAO PEZQUERO VENTANILLA", "DESCRIPCION": "VENTANILLA", "FECHA_NACIMIENTO": 19771124, "EDAD_PERSONA": 46, "SEXO": "MASCULINO", "ESTADO_CIVIL": "SOLTERO(A)", "GRADO_INSTRUCCION": "NO INDICA", "OCUPACION": "NO INDICA", "PAIS_NATAL": "PERU", "LONGITUD": -77.11558269, "LATITUD": -11.93423044, "Año": "2024", "Mes": "02" }, "geometry": { "type": "Point", "coordinates": [ 269595.708604243118316, 8679839.10108002834022 ] } },
{ "type": "Feature", "properties": { "id": "2431", "FECHA_CORTE": 20240425, "FECHA_REGISTRO": 20240216, "ID_DOC_DENUNCIA": "2bbd06be880dbeb5316d5bc27acbea52caca66ab22fae0f77c04968930ab7f3d", "UBIGEO": 70102, "DEPARTAMENTO": "CALLAO", "PROVINCIA": "CALLAO", "DISTRITO": "BELLAVISTA", "TIPO_DE_DENUNCIA": "DENUNCIA", "SITUACION_DENUNCIA": "RESUELTA", "TIPO": "PATRIMONIO (DELITO)", "SUBTIPO": "HURTO", "MODALIDAD": "HURTO", "FECHA_HECHO": 20240216, "HORA_HECHO": 1700, "UBICACION": "CALLE 08 CON LA CALLE LA AMISTAD TABOADITA", "DESCRIPCION": "CIUDAD DEL PESCADOR", "FECHA_NACIMIENTO": 19750902, "EDAD_PERSONA": 48, "SEXO": "MASCULINO", "ESTADO_CIVIL": "SOLTERO(A)", "GRADO_INSTRUCCION": "SUPERIOR", "OCUPACION": "EMPLEADO", "PAIS_NATAL": "PERU", "LONGITUD": -77.1112512, "LATITUD": -12.0583783, "Año": "2024", "Mes": "02" }, "geometry": { "type": "Point", "coordinates": [ 270172.895463996683247, 8666106.102570630609989 ] } },
{ "type": "Feature", "properties": { "id": "2435", "FECHA_CORTE": 20240425, "FECHA_REGISTRO": 20240221, "ID_DOC_DENUNCIA": "110897155b8a13c0f7e003e7f9fdd7a68ef1a492caf7ca3299bc05fc824a98e4", "UBIGEO": 70101, "DEPARTAMENTO": "CALLAO", "PROVINCIA": "CALLAO", "DISTRITO": "CALLAO", "TIPO_DE_DENUNCIA": "DENUNCIA", "SITUACION_DENUNCIA": "RESUELTA", "TIPO": "PATRIMONIO (DELITO)", "SUBTIPO": "HURTO", "MODALIDAD": "HURTO DE CELULAR", "FECHA_HECHO": 20240221, "HORA_HECHO": 2100, "UBICACION": "AV OSCAR R BENAVIDES CON AV ELMERT FAUCETT", "DESCRIPCION": "LA LEGUA", "FECHA_NACIMIENTO": 19961012, "EDAD_PERSONA": 27, "SEXO": "FEMENINO", "ESTADO_CIVIL": "SOLTERO(A)", "GRADO_INSTRUCCION": "SUPERIOR", "OCUPACION": "ESTUDIANTE", "PAIS_NATAL": "PERU", "LONGITUD": -77.1013875, "LATITUD": -12.05399178, "Año": "2024", "Mes": "02" }, "geometry": { "type": "Point", "coordinates": [ 271243.364351093012374, 8666599.710706887766719 ] } },
{ "type": "Feature", "properties": { "id": "2439", "FECHA_CORTE": 20240425, "FECHA_REGISTRO": 20240208, "ID_DOC_DENUNCIA": "19d9d4542ab4290b100352b5dc841931e53e1cc5b71d4dab8ffd54b5f151eb89", "UBIGEO": 70103, "DEPARTAMENTO": "CALLAO", "PROVINCIA": "CALLAO", "DISTRITO": "CARMEN DE LA LEGUA REYNOSO", "TIPO_DE_DENUNCIA": "DENUNCIA", "SITUACION_DENUNCIA": "RESUELTA", "TIPO": "PATRIMONIO (DELITO)", "SUBTIPO": "HURTO", "MODALIDAD": "HURTO", "FECHA_HECHO": 20240208, "HORA_HECHO": 700, "UBICACION": "AV ELMER FAUCETT CON AV 1RO DE MAYO", "DESCRIPCION": "LA LEGUA", "FECHA_NACIMIENTO": 19870923, "EDAD_PERSONA": 36, "SEXO": "MASCULINO", "ESTADO_CIVIL": "CASADO(A)", "GRADO_INSTRUCCION": "SECUNDARIA", "OCUPACION": "NO INDICA", "PAIS_NATAL": "PERU", "LONGITUD": -77.09805874, "LATITUD": -12.04154041, "Año": "2024", "Mes": "02" }, "geometry": { "type": "Point", "coordinates": [ 271595.346716144937091, 8667980.187924891710281 ] } },
{ "type": "Feature", "properties": { "id": "2440", "FECHA_CORTE": 20240425, "FECHA_REGISTRO": 20240228, "ID_DOC_DENUNCIA": "3a6a6bcd5ed68cead88ae4579c2d1baed3b416b02eddce4868db7330b9d227ab", "UBIGEO": 70101, "DEPARTAMENTO": "CALLAO", "PROVINCIA": "CALLAO", "DISTRITO": "CALLAO", "TIPO_DE_DENUNCIA": "DENUNCIA", "SITUACION_DENUNCIA": "PENDIENTE", "TIPO": "PATRIMONIO (DELITO)", "SUBTIPO": "HURTO", "MODALIDAD": "HURTO DE ACCESORIOS Y AUTOPARTES DE VEHICULOS", "FECHA_HECHO": 20240228, "HORA_HECHO": 1000, "UBICACION": "AV. BUENOS AIRES NRO. 891 DEL CALLAO", "DESCRIPCION": "CALLAO", "FECHA_NACIMIENTO": 19960620, "EDAD_PERSONA": 27, "SEXO": "MASCULINO", "ESTADO_CIVIL": "CASADO(A)", "GRADO_INSTRUCCION": "SECUNDARIA", "OCUPACION": "NO INDICA", "PAIS_NATAL": "PERU", "LONGITUD": -77.1396969, "LATITUD": -12.0623899, "Año": "2024", "Mes": "02" }, "geometry": { "type": "Point", "coordinates": [ 267078.497192225477193, 8665638.202474212273955 ] } },
{ "type": "Feature", "properties": { "id": "2445", "FECHA_CORTE": 20240425, "FECHA_REGISTRO": 20240201, "ID_DOC_DENUNCIA": "8ffee75fd212f31c60ebbb60f63d95a2181a1293ee2b1a1ee2dd49dc51c64713", "UBIGEO": 70101, "DEPARTAMENTO": "CALLAO", "PROVINCIA": "CALLAO", "DISTRITO": "CALLAO", "TIPO_DE_DENUNCIA": "ACTA DE INTERVENCION", "SITUACION_DENUNCIA": "RESUELTA", "TIPO": "PATRIMONIO (DELITO)", "SUBTIPO": "ROBO", "MODALIDAD": "ROBO AGRAVADO", "FECHA_HECHO": 20240123, "HORA_HECHO": 1120, "UBICACION": "AV ARGENTINA FRENTE AL CINE NTIGUO REF OVALO EL OBELISCO CALLAO", "DESCRIPCION": "CIUDADELA CHALACA", "FECHA_NACIMIENTO": 20021203, "EDAD_PERSONA": 21, "SEXO": "MASCULINO", "ESTADO_CIVIL": "SOLTERO(A)", "GRADO_INSTRUCCION": "NO INDICA", "OCUPACION": "NO INDICA", "PAIS_NATAL": "PERU", "LONGITUD": -77.1341431, "LATITUD": -12.0515363, "Año": "2024", "Mes": "02" }, "geometry": { "type": "Point", "coordinates": [ 267673.97757916233968, 8666843.858898241072893 ] } },
{ "type": "Feature", "properties": { "id": "2446", "FECHA_CORTE": 20240425, "FECHA_REGISTRO": 20240208, "ID_DOC_DENUNCIA": "aaf8e2dac43172fe36b203f70d4ed529f555157a012883eea42dc17c799afeaf", "UBIGEO": 70101, "DEPARTAMENTO": "CALLAO", "PROVINCIA": "CALLAO", "DISTRITO": "CALLAO", "TIPO_DE_DENUNCIA": "DENUNCIA", "SITUACION_DENUNCIA": "RESUELTA", "TIPO": "PATRIMONIO (DELITO)", "SUBTIPO": "HURTO", "MODALIDAD": "HURTO", "FECHA_HECHO": 20240208, "HORA_HECHO": 915, "UBICACION": "AV ELMER FAUCETT Y AV OSCAR R BENAVIDES CALLAO", "DESCRIPCION": "LA LEGUA", "FECHA_NACIMIENTO": 19600602, "EDAD_PERSONA": 63, "SEXO": "FEMENINO", "ESTADO_CIVIL": "SOLTERO(A)", "GRADO_INSTRUCCION": "NO INDICA", "OCUPACION": "NO INDICA", "PAIS_NATAL": "PERU", "LONGITUD": -77.10052919, "LATITUD": -12.05392882, "Año": "2024", "Mes": "02" }, "geometry": { "type": "Point", "coordinates": [ 271336.784941395511851, 8666607.393144935369492 ] } },
{ "type": "Feature", "properties": { "id": "2449", "FECHA_CORTE": 20240425, "FECHA_REGISTRO": 20240211, "ID_DOC_DENUNCIA": "e73f3e18fd4e3cdd65c7593dd7a29dfec02639d83e6c75e114415aaf3c830cca", "UBIGEO": 70101, "DEPARTAMENTO": "CALLAO", "PROVINCIA": "CALLAO", "DISTRITO": "CALLAO", "TIPO_DE_DENUNCIA": "DENUNCIA", "SITUACION_DENUNCIA": "RESUELTA", "TIPO": "PATRIMONIO (DELITO)", "SUBTIPO": "HURTO", "MODALIDAD": "HURTO", "FECHA_HECHO": 20240211, "HORA_HECHO": 1500, "UBICACION": "MERCADO SANTA MARINA PERTENECIENTE A LA JURISDICCION DE LA COMISARIA PNP CALLAO", "DESCRIPCION": "CIUDADELA CHALACA", "FECHA_NACIMIENTO": 19910716, "EDAD_PERSONA": 32, "SEXO": "FEMENINO", "ESTADO_CIVIL": "SOLTERO(A)", "GRADO_INSTRUCCION": "NO INDICA", "OCUPACION": "NO INDICA", "PAIS_NATAL": "PERU", "LONGITUD": -77.1288351, "LATITUD": -12.054882, "Año": "2024", "Mes": "02" }, "geometry": { "type": "Point", "coordinates": [ 268254.932796086650342, 8666478.154029747471213 ] } },
{ "type": "Feature", "properties": { "id": "2450", "FECHA_CORTE": 20240425, "FECHA_REGISTRO": 20240218, "ID_DOC_DENUNCIA": "98a83651c09d1db8a0862e1e6fcbe1b6f06899cf4fbf6c61923b2d96777a4d52", "UBIGEO": 70101, "DEPARTAMENTO": "CALLAO", "PROVINCIA": "CALLAO", "DISTRITO": "CALLAO", "TIPO_DE_DENUNCIA": "ACTA DE INTERVENCION", "SITUACION_DENUNCIA": "RESUELTA", "TIPO": "PATRIMONIO (DELITO)", "SUBTIPO": "ROBO", "MODALIDAD": "ROBO DE CELULAR", "FECHA_HECHO": 20240218, "HORA_HECHO": 1924, "UBICACION": "PARQUE 2 DE JULIO CALLAO", "DESCRIPCION": "LA LEGUA", "FECHA_NACIMIENTO": 20050919, "EDAD_PERSONA": 18, "SEXO": "MASCULINO", "ESTADO_CIVIL": "SOLTERO(A)", "GRADO_INSTRUCCION": "NO INDICA", "OCUPACION": "NO INDICA", "PAIS_NATAL": "PERU", "LONGITUD": -77.1074611, "LATITUD": -12.05106972, "Año": "2024", "Mes": "02" }, "geometry": { "type": "Point", "coordinates": [ 270579.435367867699824, 8666917.952768107876182 ] } },
{ "type": "Feature", "properties": { "id": "2458", "FECHA_CORTE": 20240425, "FECHA_REGISTRO": 20240215, "ID_DOC_DENUNCIA": "78ddf6afd789e1cbe78787ff56148606a64e58ea8b46e538c121e2bc79d72a0c", "UBIGEO": 70101, "DEPARTAMENTO": "CALLAO", "PROVINCIA": "CALLAO", "DISTRITO": "CALLAO", "TIPO_DE_DENUNCIA": "DENUNCIA", "SITUACION_DENUNCIA": "RESUELTA", "TIPO": "PATRIMONIO (DELITO)", "SUBTIPO": "HURTO", "MODALIDAD": "HURTO DE CELULAR", "FECHA_HECHO": 20240214, "HORA_HECHO": 1145, "UBICACION": "AV OMICRON 128", "DESCRIPCION": "LA LEGUA", "FECHA_NACIMIENTO": 19680220, "EDAD_PERSONA": 55, "SEXO": "MASCULINO", "ESTADO_CIVIL": "SOLTERO(A)", "GRADO_INSTRUCCION": "NO INDICA", "OCUPACION": "NO INDICA", "PAIS_NATAL": "PERU", "LONGITUD": -77.0908235, "LATITUD": -12.0494843, "Año": "2024", "Mes": "02" }, "geometry": { "type": "Point", "coordinates": [ 272390.028054183407221, 8667107.239470118656754 ] } },
{ "type": "Feature", "properties": { "id": "2459", "FECHA_CORTE": 20240425, "FECHA_REGISTRO": 20240210, "ID_DOC_DENUNCIA": "bf10a86974e4b899c0fa365ce2253058852fd831cfaacb524bdb024c9121cc97", "UBIGEO": 70101, "DEPARTAMENTO": "CALLAO", "PROVINCIA": "CALLAO", "DISTRITO": "CALLAO", "TIPO_DE_DENUNCIA": "OCURRENCIA", "SITUACION_DENUNCIA": "RESUELTA", "TIPO": "PATRIMONIO (DELITO)", "SUBTIPO": "HURTO", "MODALIDAD": "HURTO", "FECHA_HECHO": 20240210, "HORA_HECHO": 1145, "UBICACION": "JR DE LA UNION ALTURA ENTRE EL MERCADO VIRGEN DE LAS MERCEDES Y EL MERCADO SAN JUAN BAUTISTA MARQUEZ", "DESCRIPCION": "MARQUEZ", "FECHA_NACIMIENTO": 19870621, "EDAD_PERSONA": 36, "SEXO": "FEMENINO", "ESTADO_CIVIL": "SOLTERO(A)", "GRADO_INSTRUCCION": "NO INDICA", "OCUPACION": "NO INDICA", "PAIS_NATAL": "PERU", "LONGITUD": -77.1335972, "LATITUD": -11.941538, "Año": "2024", "Mes": "02" }, "geometry": { "type": "Point", "coordinates": [ 267639.180309833260253, 8679015.475575344637036 ] } },
{ "type": "Feature", "properties": { "id": "2460", "FECHA_CORTE": 20240425, "FECHA_REGISTRO": 20240212, "ID_DOC_DENUNCIA": "d6aa15b7f6a3f9493d1b7d7d7e45055e5f9ca004cae887e576e8ed369e89660a", "UBIGEO": 70101, "DEPARTAMENTO": "CALLAO", "PROVINCIA": "CALLAO", "DISTRITO": "CALLAO", "TIPO_DE_DENUNCIA": "ACTA DE DENUNCIA VERBAL", "SITUACION_DENUNCIA": "RESUELTA", "TIPO": "PATRIMONIO (DELITO)", "SUBTIPO": "HURTO", "MODALIDAD": "HURTO", "FECHA_HECHO": 20240211, "HORA_HECHO": 1715, "UBICACION": "FRONTIS DE LA MZ. I LT. 21 URB. LAS MAGNOLIAS CALLAO", "DESCRIPCION": "SARITA COLONIA", "FECHA_NACIMIENTO": 19781208, "EDAD_PERSONA": 45, "SEXO": "FEMENINO", "ESTADO_CIVIL": "SOLTERO(A)", "GRADO_INSTRUCCION": "NO INDICA", "OCUPACION": "NO INDICA", "PAIS_NATAL": "PERU", "LONGITUD": -77.1216673, "LATITUD": -11.98938072, "Año": "2024", "Mes": "02" }, "geometry": { "type": "Point", "coordinates": [ 268979.621705620898865, 8673731.786627888679504 ] } },
{ "type": "Feature", "properties": { "id": "2463", "FECHA_CORTE": 20240425, "FECHA_REGISTRO": 20240210, "ID_DOC_DENUNCIA": "959859fd3853814c4d711b45a2e92acb8477e2814ed15f760ceaa3a537aaa977", "UBIGEO": 70101, "DEPARTAMENTO": "CALLAO", "PROVINCIA": "CALLAO", "DISTRITO": "CALLAO", "TIPO_DE_DENUNCIA": "DENUNCIA", "SITUACION_DENUNCIA": "RESUELTA", "TIPO": "PATRIMONIO (DELITO)", "SUBTIPO": "ROBO", "MODALIDAD": "ROBO AGRAVADO A MANO ARMADA", "FECHA_HECHO": 20240210, "HORA_HECHO": 622, "UBICACION": "AV PERU 5040  HOSTAL PREMIUM", "DESCRIPCION": "BOCANEGRA", "FECHA_NACIMIENTO": 19961023, "EDAD_PERSONA": 27, "SEXO": "FEMENINO", "ESTADO_CIVIL": "SOLTERO(A)", "GRADO_INSTRUCCION": "NO INDICA", "OCUPACION": "NO INDICA", "PAIS_NATAL": "PERU", "LONGITUD": -77.09988, "LATITUD": -12.0219039, "Año": "2024", "Mes": "02" }, "geometry": { "type": "Point", "coordinates": [ 271380.387495384085923, 8670151.384231708943844 ] } },
{ "type": "Feature", "properties": { "id": "2465", "FECHA_CORTE": 20240425, "FECHA_REGISTRO": 20240221, "ID_DOC_DENUNCIA": "2d9e105a554d60cbf168596e2f80bacc04654a54e5f17020aa2533509cee0aa7", "UBIGEO": 70101, "DEPARTAMENTO": "CALLAO", "PROVINCIA": "CALLAO", "DISTRITO": "CALLAO", "TIPO_DE_DENUNCIA": "DENUNCIA", "SITUACION_DENUNCIA": "PENDIENTE", "TIPO": "PATRIMONIO (DELITO)", "SUBTIPO": "ROBO", "MODALIDAD": "ROBO AGRAVADO", "FECHA_HECHO": 20240217, "HORA_HECHO": 2250, "UBICACION": "WVVH+WFG  CALLAO 07001  PERU", "DESCRIPCION": "RAMON CASTILLA", "FECHA_NACIMIENTO": 20030622, "EDAD_PERSONA": 20, "SEXO": "MASCULINO", "ESTADO_CIVIL": "SOLTERO(A)", "GRADO_INSTRUCCION": "NO INDICA", "OCUPACION": "NO INDICA", "PAIS_NATAL": "PERU", "LONGITUD": -77.12131148, "LATITUD": -12.05515703, "Año": "2024", "Mes": "02" }, "geometry": { "type": "Point", "coordinates": [ 269074.534394184069242, 8666454.072320761159062 ] } },
{ "type": "Feature", "properties": { "id": "2466", "FECHA_CORTE": 20240425, "FECHA_REGISTRO": 20240219, "ID_DOC_DENUNCIA": "c7498849224da5d322f70dd701523295ccd1284e5a979f8466e63533f37d06a0", "UBIGEO": 70101, "DEPARTAMENTO": "CALLAO", "PROVINCIA": "CALLAO", "DISTRITO": "CALLAO", "TIPO_DE_DENUNCIA": "DENUNCIA", "SITUACION_DENUNCIA": "RESUELTA", "TIPO": "PATRIMONIO (DELITO)", "SUBTIPO": "ROBO", "MODALIDAD": "ROBO AGRAVADO", "FECHA_HECHO": 20240219, "HORA_HECHO": 2200, "UBICACION": "ALTURA COLEGO BLAS PASCAL URB NAZARENAS  MZ B OQUENDO CALLAO", "DESCRIPCION": "OQUENDO", "FECHA_NACIMIENTO": 20031111, "EDAD_PERSONA": 20, "SEXO": "MASCULINO", "ESTADO_CIVIL": "SOLTERO(A)", "GRADO_INSTRUCCION": "NO INDICA", "OCUPACION": "NO INDICA", "PAIS_NATAL": "PERU", "LONGITUD": -77.1291106, "LATITUD": -11.9763886, "Año": "2024", "Mes": "02" }, "geometry": { "type": "Point", "coordinates": [ 268157.709924047405366, 8675163.090137038379908 ] } },
{ "type": "Feature", "properties": { "id": "2467", "FECHA_CORTE": 20240425, "FECHA_REGISTRO": 20240220, "ID_DOC_DENUNCIA": "dd318fa27c19517735b54ffd10462449904f93d822eaa983305ec014258b7ea9", "UBIGEO": 70101, "DEPARTAMENTO": "CALLAO", "PROVINCIA": "CALLAO", "DISTRITO": "CALLAO", "TIPO_DE_DENUNCIA": "DENUNCIA", "SITUACION_DENUNCIA": "RESUELTA", "TIPO": "PATRIMONIO (DELITO)", "SUBTIPO": "ROBO", "MODALIDAD": "ROBO AGRAVADO", "FECHA_HECHO": 20240220, "HORA_HECHO": 1800, "UBICACION": "AV CANTA CALLAO 327  LOCAL 117 CONDOMINIO CIUDAD NUEVA", "DESCRIPCION": "JUAN INGUNZA VALDIVIA", "FECHA_NACIMIENTO": 20011007, "EDAD_PERSONA": 22, "SEXO": "FEMENINO", "ESTADO_CIVIL": "SOLTERO(A)", "GRADO_INSTRUCCION": "NO INDICA", "OCUPACION": "NO INDICA", "PAIS_NATAL": "PERU", "LONGITUD": -77.1148581, "LATITUD": -11.9978543, "Año": "2024", "Mes": "02" }, "geometry": { "type": "Point", "coordinates": [ 269728.555048363865353, 8672799.906928144395351 ] } },
{ "type": "Feature", "properties": { "id": "2469", "FECHA_CORTE": 20240425, "FECHA_REGISTRO": 20240224, "ID_DOC_DENUNCIA": "522b284f8542d2aeede4b43337a17835177d9a2b2801bcd2a1d493135d434b73", "UBIGEO": 70101, "DEPARTAMENTO": "CALLAO", "PROVINCIA": "CALLAO", "DISTRITO": "CALLAO", "TIPO_DE_DENUNCIA": "ACTA DE DENUNCIA VERBAL", "SITUACION_DENUNCIA": "PENDIENTE", "TIPO": "PATRIMONIO (DELITO)", "SUBTIPO": "HURTO", "MODALIDAD": "HURTO", "FECHA_HECHO": 20240224, "HORA_HECHO": 1100, "UBICACION": "FRONTIS DE LA MZ. K LT. 13 DEL AA. HH SARITA COLONIA CALLAO", "DESCRIPCION": "SARITA COLONIA", "FECHA_NACIMIENTO": 20020202, "EDAD_PERSONA": 22, "SEXO": "MASCULINO", "ESTADO_CIVIL": "SOLTERO(A)", "GRADO_INSTRUCCION": "NO INDICA", "OCUPACION": "NO INDICA", "PAIS_NATAL": "PERU", "LONGITUD": -77.13084108, "LATITUD": -12.02432961, "Año": "2024", "Mes": "02" }, "geometry": { "type": "Point", "coordinates": [ 268010.232320970972069, 8669857.038719039410353 ] } },
{ "type": "Feature", "properties": { "id": "2470", "FECHA_CORTE": 20240425, "FECHA_REGISTRO": 20240228, "ID_DOC_DENUNCIA": "bb2f331f62e894feed341882dd5c8a37e9e92135a1efdde6878b33d34b1f7bdd", "UBIGEO": 70101, "DEPARTAMENTO": "CALLAO", "PROVINCIA": "CALLAO", "DISTRITO": "CALLAO", "TIPO_DE_DENUNCIA": "DENUNCIA", "SITUACION_DENUNCIA": "PENDIENTE", "TIPO": "PATRIMONIO (DELITO)", "SUBTIPO": "HURTO", "MODALIDAD": "HURTO", "FECHA_HECHO": 20240227, "HORA_HECHO": 1930, "UBICACION": "AV. QUILCA INTERSECCION CON CALLE NEPTUNO", "DESCRIPCION": "PLAYA RIMAC", "FECHA_NACIMIENTO": 20050312, "EDAD_PERSONA": 18, "SEXO": "MASCULINO", "ESTADO_CIVIL": "SOLTERO(A)", "GRADO_INSTRUCCION": "NO INDICA", "OCUPACION": "EMPLEADO", "PAIS_NATAL": "PERU", "LONGITUD": -77.0976329, "LATITUD": -12.0358394, "Año": "2024", "Mes": "02" }, "geometry": { "type": "Point", "coordinates": [ 271636.905802839086391, 8668611.33911619707942 ] } },
{ "type": "Feature", "properties": { "id": "2473", "FECHA_CORTE": 20240425, "FECHA_REGISTRO": 20240227, "ID_DOC_DENUNCIA": "83bf4af16a43834ec010086b4ce85b1aeb80a438e2a1be3ee26f1eb6a642d99c", "UBIGEO": 70101, "DEPARTAMENTO": "CALLAO", "PROVINCIA": "CALLAO", "DISTRITO": "CALLAO", "TIPO_DE_DENUNCIA": "DENUNCIA", "SITUACION_DENUNCIA": "PENDIENTE", "TIPO": "PATRIMONIO (DELITO)", "SUBTIPO": "HURTO", "MODALIDAD": "HURTO", "FECHA_HECHO": 20240225, "HORA_HECHO": 400, "UBICACION": "FRONTIS DE LA MZ F10 LT 10 DE LA ASOC VIAS DE SURCO CALLAO", "DESCRIPCION": "MARQUEZ", "FECHA_NACIMIENTO": 19970622, "EDAD_PERSONA": 26, "SEXO": "MASCULINO", "ESTADO_CIVIL": "SOLTERO(A)", "GRADO_INSTRUCCION": "NO INDICA", "OCUPACION": "NO INDICA", "PAIS_NATAL": "PERU", "LONGITUD": -77.10652351, "LATITUD": -12.02897491, "Año": "2024", "Mes": "02" }, "geometry": { "type": "Point", "coordinates": [ 270662.787160961190239, 8669363.463372625410557 ] } },
{ "type": "Feature", "properties": { "id": "2474", "FECHA_CORTE": 20240425, "FECHA_REGISTRO": 20240207, "ID_DOC_DENUNCIA": "853e3acf5dda7d03c81aa8e8f4937f4c5ff71861ef80bcf7cad79873cb8a8860", "UBIGEO": 70102, "DEPARTAMENTO": "CALLAO", "PROVINCIA": "CALLAO", "DISTRITO": "BELLAVISTA", "TIPO_DE_DENUNCIA": "DENUNCIA", "SITUACION_DENUNCIA": "RESUELTA", "TIPO": "PATRIMONIO (DELITO)", "SUBTIPO": "HURTO", "MODALIDAD": "HURTO", "FECHA_HECHO": 20240207, "HORA_HECHO": 2000, "UBICACION": "HAYA DE LA TORRE 408", "DESCRIPCION": "CIUDAD DEL PESCADOR", "FECHA_NACIMIENTO": 20060920, "EDAD_PERSONA": 17, "SEXO": "FEMENINO", "ESTADO_CIVIL": "SOLTERO(A)", "GRADO_INSTRUCCION": "NO INDICA", "OCUPACION": "NO INDICA", "PAIS_NATAL": "PERU", "LONGITUD": -77.11071648, "LATITUD": -12.06351712, "Año": "2024", "Mes": "02" }, "geometry": { "type": "Point", "coordinates": [ 270235.507194003672339, 8665537.953406669199467 ] } },
{ "type": "Feature", "properties": { "id": "2477", "FECHA_CORTE": 20240425, "FECHA_REGISTRO": 20240201, "ID_DOC_DENUNCIA": "472e6ab6f10f2929ef5e0e076e89c0a4167dfcc2d88e16713112eadff4b287e1", "UBIGEO": 70101, "DEPARTAMENTO": "CALLAO", "PROVINCIA": "CALLAO", "DISTRITO": "CALLAO", "TIPO_DE_DENUNCIA": "DENUNCIA", "SITUACION_DENUNCIA": "RESUELTA", "TIPO": "PATRIMONIO (DELITO)", "SUBTIPO": "HURTO", "MODALIDAD": "HURTO DE CELULAR", "FECHA_HECHO": 20240201, "HORA_HECHO": 1500, "UBICACION": "AV. OSCAR R. BENAVIDES 3931  CALLAO MALL BELLAVISTA  PERU", "DESCRIPCION": "LA LEGUA", "FECHA_NACIMIENTO": 20030502, "EDAD_PERSONA": 20, "SEXO": "FEMENINO", "ESTADO_CIVIL": "SOLTERO(A)", "GRADO_INSTRUCCION": "NO INDICA", "OCUPACION": "NO INDICA", "PAIS_NATAL": "PERU", "LONGITUD": -77.10235955, "LATITUD": -12.05408133, "Año": "2024", "Mes": "02" }, "geometry": { "type": "Point", "coordinates": [ 271137.579490904870909, 8666588.990908976644278 ] } },
{ "type": "Feature", "properties": { "id": "2481", "FECHA_CORTE": 20240425, "FECHA_REGISTRO": 20240215, "ID_DOC_DENUNCIA": "0a11bc17b04f7094f30c3b2fe0897a589a1ee607607e1eb19abcdb53a35a5802", "UBIGEO": 70101, "DEPARTAMENTO": "CALLAO", "PROVINCIA": "CALLAO", "DISTRITO": "CALLAO", "TIPO_DE_DENUNCIA": "ACTA DE DENUNCIA VERBAL", "SITUACION_DENUNCIA": "RESUELTA", "TIPO": "PATRIMONIO (DELITO)", "SUBTIPO": "HURTO", "MODALIDAD": "HURTO", "FECHA_HECHO": 20240215, "HORA_HECHO": 1120, "UBICACION": "AV. NESTOR GAMBETA ALTURA DEL  A.H. JUAN PABLO II  CALLAO 07046  PERU", "DESCRIPCION": "SARITA COLONIA", "FECHA_NACIMIENTO": 20020517, "EDAD_PERSONA": 21, "SEXO": "FEMENINO", "ESTADO_CIVIL": "SOLTERO(A)", "GRADO_INSTRUCCION": "NO INDICA", "OCUPACION": "NO INDICA", "PAIS_NATAL": "PERU", "LONGITUD": -77.12878114, "LATITUD": -12.02479132, "Año": "2024", "Mes": "02" }, "geometry": { "type": "Point", "coordinates": [ 268234.993497839837801, 8669807.689526064321399 ] } },
{ "type": "Feature", "properties": { "id": "2483", "FECHA_CORTE": 20240425, "FECHA_REGISTRO": 20240201, "ID_DOC_DENUNCIA": "dcc6128744e8fa85f2411f94cc25af86657c67ce4cf76b8962fb09fa094ad95d", "UBIGEO": 70102, "DEPARTAMENTO": "CALLAO", "PROVINCIA": "CALLAO", "DISTRITO": "BELLAVISTA", "TIPO_DE_DENUNCIA": "DENUNCIA", "SITUACION_DENUNCIA": "RESUELTA", "TIPO": "PATRIMONIO (DELITO)", "SUBTIPO": "HURTO", "MODALIDAD": "HURTO", "FECHA_HECHO": 20240204, "HORA_HECHO": 1158, "UBICACION": "URBANIZACION SAN JOSE", "DESCRIPCION": "CIUDAD DEL PESCADOR", "FECHA_NACIMIENTO": 20060712, "EDAD_PERSONA": 17, "SEXO": "MASCULINO", "ESTADO_CIVIL": "SOLTERO(A)", "GRADO_INSTRUCCION": "NO INDICA", "OCUPACION": "NO INDICA", "PAIS_NATAL": "PERU", "LONGITUD": -77.09542575, "LATITUD": -12.05631833, "Año": "2024", "Mes": "02" }, "geometry": { "type": "Point", "coordinates": [ 271894.59281994740013, 8666347.254206497222185 ] } },
{ "type": "Feature", "properties": { "id": "2489", "FECHA_CORTE": 20240425, "FECHA_REGISTRO": 20240221, "ID_DOC_DENUNCIA": "3124889b6689de6cb3b322b5ad72d7d5537008c894546e27ea5f9f9fec36a266", "UBIGEO": 70101, "DEPARTAMENTO": "CALLAO", "PROVINCIA": "CALLAO", "DISTRITO": "CALLAO", "TIPO_DE_DENUNCIA": "DENUNCIA", "SITUACION_DENUNCIA": "RESUELTA", "TIPO": "PATRIMONIO (DELITO)", "SUBTIPO": "HURTO", "MODALIDAD": "HURTO", "FECHA_HECHO": 20240220, "HORA_HECHO": 2057, "UBICACION": "JR PACASMAYO 174 UUVV SANTA MARINA NORTE", "DESCRIPCION": "CALLAO", "FECHA_NACIMIENTO": 19810928, "EDAD_PERSONA": 42, "SEXO": "FEMENINO", "ESTADO_CIVIL": "SOLTERO(A)", "GRADO_INSTRUCCION": "NO INDICA", "OCUPACION": "NO INDICA", "PAIS_NATAL": "PERU", "LONGITUD": -77.1312542, "LATITUD": -12.0546107, "Año": "2024", "Mes": "02" }, "geometry": { "type": "Point", "coordinates": [ 267991.244578016339801, 8666506.126570392400026 ] } },
{ "type": "Feature", "properties": { "id": "2490", "FECHA_CORTE": 20240425, "FECHA_REGISTRO": 20240222, "ID_DOC_DENUNCIA": "673f56999d7f2d36abb7927b6f33140bfe19053cab27db74d93b13aa473484ac", "UBIGEO": 70101, "DEPARTAMENTO": "CALLAO", "PROVINCIA": "CALLAO", "DISTRITO": "CALLAO", "TIPO_DE_DENUNCIA": "DENUNCIA", "SITUACION_DENUNCIA": "RESUELTA", "TIPO": "PATRIMONIO (DELITO)", "SUBTIPO": "HURTO", "MODALIDAD": "HURTO", "FECHA_HECHO": 20240221, "HORA_HECHO": 700, "UBICACION": "CALLE 2 MZ L LT 19", "DESCRIPCION": "CIUDAD DEL PESCADOR", "FECHA_NACIMIENTO": 20000705, "EDAD_PERSONA": 23, "SEXO": "FEMENINO", "ESTADO_CIVIL": "SOLTERO(A)", "GRADO_INSTRUCCION": "NO INDICA", "OCUPACION": "NO INDICA", "PAIS_NATAL": "PERU", "LONGITUD": -77.1259843, "LATITUD": -12.0508491, "Año": "2024", "Mes": "02" }, "geometry": { "type": "Point", "coordinates": [ 268561.942904468858615, 8666926.796845387667418 ] } },
{ "type": "Feature", "properties": { "id": "2491", "FECHA_CORTE": 20240425, "FECHA_REGISTRO": 20240228, "ID_DOC_DENUNCIA": "78dade4f471ecf356a90c420140ae8084db16103da6d448abc02bf32e3ff1de0", "UBIGEO": 70101, "DEPARTAMENTO": "CALLAO", "PROVINCIA": "CALLAO", "DISTRITO": "CALLAO", "TIPO_DE_DENUNCIA": "DENUNCIA", "SITUACION_DENUNCIA": "PENDIENTE", "TIPO": "PATRIMONIO (DELITO)", "SUBTIPO": "HURTO", "MODALIDAD": "HURTO", "FECHA_HECHO": 20240228, "HORA_HECHO": 1508, "UBICACION": "AV ALAMEDA CON CALLE SAN MARTIN", "DESCRIPCION": "RAMON CASTILLA", "FECHA_NACIMIENTO": 20060603, "EDAD_PERSONA": 17, "SEXO": "MASCULINO", "ESTADO_CIVIL": "SOLTERO(A)", "GRADO_INSTRUCCION": "NO INDICA", "OCUPACION": "NO INDICA", "PAIS_NATAL": "PERU", "LONGITUD": -77.1241852, "LATITUD": -12.0410144, "Año": "2024", "Mes": "02" }, "geometry": { "type": "Point", "coordinates": [ 268749.454854221723508, 8668016.507444282993674 ] } },
{ "type": "Feature", "properties": { "id": "2536", "FECHA_CORTE": 20240425, "FECHA_REGISTRO": 20240222, "ID_DOC_DENUNCIA": "e0e8493358363a9852214e4d10ca494f2c5eb63f90d6d0fe1e8a932741402140", "UBIGEO": 70101, "DEPARTAMENTO": "CALLAO", "PROVINCIA": "CALLAO", "DISTRITO": "CALLAO", "TIPO_DE_DENUNCIA": "DENUNCIA", "SITUACION_DENUNCIA": "RESUELTA", "TIPO": "PATRIMONIO (DELITO)", "SUBTIPO": "ROBO", "MODALIDAD": "ROBO AGRAVADO A MANO ARMADA", "FECHA_HECHO": 20240221, "HORA_HECHO": 2130, "UBICACION": "AV ELMER FAUCETT CON AV OSCAR R BENAVIDES PUENTE COLONIAL", "DESCRIPCION": "LA LEGUA", "FECHA_NACIMIENTO": 19950114, "EDAD_PERSONA": 29, "SEXO": "MASCULINO", "ESTADO_CIVIL": "SOLTERO(A)", "GRADO_INSTRUCCION": "NO INDICA", "OCUPACION": "NO INDICA", "PAIS_NATAL": "PERU", "LONGITUD": -77.09642651, "LATITUD": -12.05287335, "Año": "2024", "Mes": "02" }, "geometry": { "type": "Point", "coordinates": [ 271782.692595550790429, 8666727.596158340573311 ] } },
{ "type": "Feature", "properties": { "id": "2555", "FECHA_CORTE": 20240425, "FECHA_REGISTRO": 20240214, "ID_DOC_DENUNCIA": "49756117240cfb7eb4f45f76142bb81f5db6d6f563d6fd7756fc7bacd2b39c46", "UBIGEO": 70101, "DEPARTAMENTO": "CALLAO", "PROVINCIA": "CALLAO", "DISTRITO": "CALLAO", "TIPO_DE_DENUNCIA": "ACTA DE INTERVENCION", "SITUACION_DENUNCIA": "RESUELTA", "TIPO": "PATRIMONIO (DELITO)", "SUBTIPO": "HURTO", "MODALIDAD": "HURTO AGRAVADO", "FECHA_HECHO": 20240214, "HORA_HECHO": 450, "UBICACION": "PARROQUIA SANTA ANA - AVENIDA DE LA ALAMEDA  CALLAO 07026  PERU", "DESCRIPCION": "RAMON CASTILLA", "FECHA_NACIMIENTO": 19930908, "EDAD_PERSONA": 30, "SEXO": "MASCULINO", "ESTADO_CIVIL": "SOLTERO(A)", "GRADO_INSTRUCCION": "NO INDICA", "OCUPACION": "OBRERO", "PAIS_NATAL": "PERU", "LONGITUD": -77.12559272, "LATITUD": -12.04040922, "Año": "2024", "Mes": "02" }, "geometry": { "type": "Point", "coordinates": [ 268595.641366858268157, 8668082.283062439411879 ] } },
{ "type": "Feature", "properties": { "id": "2606", "FECHA_CORTE": 20240425, "FECHA_REGISTRO": 20240203, "ID_DOC_DENUNCIA": "c81f2b38134dbac4205bf8569672eb02fd50ef0f353d5d710df5217eebed71f6", "UBIGEO": 70101, "DEPARTAMENTO": "CALLAO", "PROVINCIA": "CALLAO", "DISTRITO": "CALLAO", "TIPO_DE_DENUNCIA": "ACTA DE INTERVENCION", "SITUACION_DENUNCIA": "PENDIENTE", "TIPO": "PATRIMONIO (DELITO)", "SUBTIPO": "ROBO", "MODALIDAD": "ASALTO Y ROBO DE VEHICULOS", "FECHA_HECHO": 20240203, "HORA_HECHO": 1145, "UBICACION": "AV NESTOR GAMBETA ALTURA BDEL TERMINAL PESQUERO DE OQEUNDO CALLAO", "DESCRIPCION": "DEPROVE - CALLAO", "FECHA_NACIMIENTO": 19790509, "EDAD_PERSONA": 44, "SEXO": "MASCULINO", "ESTADO_CIVIL": "SOLTERO(A)", "GRADO_INSTRUCCION": "NO INDICA", "OCUPACION": "NO INDICA", "PAIS_NATAL": "PERU", "LONGITUD": -77.092665, "LATITUD": -12.0168725, "Año": "2024", "Mes": "02" }, "geometry": { "type": "Point", "coordinates": [ 272161.989739682059735, 8670714.079932695254683 ] } },
{ "type": "Feature", "properties": { "id": "2633", "FECHA_CORTE": 20240425, "FECHA_REGISTRO": 20240216, "ID_DOC_DENUNCIA": "94c6aeceb3d8df14513a4eac97af2241a1695d429a59844abac88896d83351fb", "UBIGEO": 70101, "DEPARTAMENTO": "CALLAO", "PROVINCIA": "CALLAO", "DISTRITO": "CALLAO", "TIPO_DE_DENUNCIA": "DENUNCIA", "SITUACION_DENUNCIA": "RESUELTA", "TIPO": "PATRIMONIO (DELITO)", "SUBTIPO": "ROBO", "MODALIDAD": "ROBO", "FECHA_HECHO": 20240216, "HORA_HECHO": 1350, "UBICACION": "AV ENRRIQUE MEEIGGS CON PASAJE EL SOL", "DESCRIPCION": "DULANTO", "FECHA_NACIMIENTO": 19940930, "EDAD_PERSONA": 29, "SEXO": "MASCULINO", "ESTADO_CIVIL": "SOLTERO(A)", "GRADO_INSTRUCCION": "NO INDICA", "OCUPACION": "CONDUCTOR", "PAIS_NATAL": "PERU", "LONGITUD": -77.1094839, "LATITUD": -12.0469405, "Año": "2024", "Mes": "02" }, "geometry": { "type": "Point", "coordinates": [ 270355.626620948547497, 8667373.146615600213408 ] } },
{ "type": "Feature", "properties": { "id": "2634", "FECHA_CORTE": 20240425, "FECHA_REGISTRO": 20240202, "ID_DOC_DENUNCIA": "2d6cb4e390528c757fbdf0d659ea335792b445593f45af6e4c118fcb4c619111", "UBIGEO": 70106, "DEPARTAMENTO": "CALLAO", "PROVINCIA": "CALLAO", "DISTRITO": "VENTANILLA", "TIPO_DE_DENUNCIA": "DENUNCIA", "SITUACION_DENUNCIA": "PENDIENTE", "TIPO": "PATRIMONIO (DELITO)", "SUBTIPO": "HURTO", "MODALIDAD": "HURTO", "FECHA_HECHO": 20240202, "HORA_HECHO": 2145, "UBICACION": "AAHH VILLA LOS REYES PARADERO FLECHA", "DESCRIPCION": "VILLA LOS REYES", "FECHA_NACIMIENTO": 19841227, "EDAD_PERSONA": 39, "SEXO": "FEMENINO", "ESTADO_CIVIL": "SOLTERO(A)", "GRADO_INSTRUCCION": "NO INDICA", "OCUPACION": "NO INDICA", "PAIS_NATAL": "PERU", "LONGITUD": -77.11927327, "LATITUD": -11.83134307, "Año": "2024", "Mes": "02" }, "geometry": { "type": "Point", "coordinates": [ 269106.86040286871139, 8691220.190208159387112 ] } },
{ "type": "Feature", "properties": { "id": "2635", "FECHA_CORTE": 20240425, "FECHA_REGISTRO": 20240202, "ID_DOC_DENUNCIA": "97566edb711ab3c5872fbbe878f22df7a3e8a6a0a01f95d7bfa5635cce802cff", "UBIGEO": 70101, "DEPARTAMENTO": "CALLAO", "PROVINCIA": "CALLAO", "DISTRITO": "CALLAO", "TIPO_DE_DENUNCIA": "DENUNCIA", "SITUACION_DENUNCIA": "RESUELTA", "TIPO": "PATRIMONIO (DELITO)", "SUBTIPO": "HURTO", "MODALIDAD": "HURTO DE CELULAR", "FECHA_HECHO": 20240202, "HORA_HECHO": 1445, "UBICACION": "CALLE JOSE EGUREN POR INMEDIACIONES DEL PARQUE EL AYLLU", "DESCRIPCION": "LA LEGUA", "FECHA_NACIMIENTO": 19880202, "EDAD_PERSONA": 36, "SEXO": "FEMENINO", "ESTADO_CIVIL": "SOLTERO(A)", "GRADO_INSTRUCCION": "NO INDICA", "OCUPACION": "NO INDICA", "PAIS_NATAL": "PERU", "LONGITUD": -77.1100266, "LATITUD": -12.0508149, "Año": "2024", "Mes": "02" }, "geometry": { "type": "Point", "coordinates": [ 270299.819292203290388, 8666943.999994605779648 ] } },
{ "type": "Feature", "properties": { "id": "2636", "FECHA_CORTE": 20240425, "FECHA_REGISTRO": 20240208, "ID_DOC_DENUNCIA": "9625e9d686bb4d1e2f5740737e5388c15fbe73646d5a17252664bdb5c4bf7d76", "UBIGEO": 70101, "DEPARTAMENTO": "CALLAO", "PROVINCIA": "CALLAO", "DISTRITO": "CALLAO", "TIPO_DE_DENUNCIA": "OCURRENCIA", "SITUACION_DENUNCIA": "PENDIENTE", "TIPO": "PATRIMONIO (DELITO)", "SUBTIPO": "HURTO", "MODALIDAD": "HURTO", "FECHA_HECHO": 20240208, "HORA_HECHO": 30, "UBICACION": "VIRGEN MARIA\" EN ASENTAMIENTO HUMANO SANTA ROSA", "DESCRIPCION": "DULANTO", "FECHA_NACIMIENTO": 19890813, "EDAD_PERSONA": 34, "SEXO": "MASCULINO", "ESTADO_CIVIL": "SOLTERO(A)", "GRADO_INSTRUCCION": "NO INDICA", "OCUPACION": "NO INDICA", "PAIS_NATAL": "PERU", "LONGITUD": -77.11181451, "LATITUD": -12.01782389, "Año": "2024", "Mes": "02" }, "geometry": { "type": "Point", "coordinates": [ 270077.038739758194424, 8670592.870701640844345 ] } },
{ "type": "Feature", "properties": { "id": "2638", "FECHA_CORTE": 20240425, "FECHA_REGISTRO": 20240223, "ID_DOC_DENUNCIA": "22e0ca2672e598aa4d8669bf91d5cddedf65e87f998e728954e451d47232318e", "UBIGEO": 70101, "DEPARTAMENTO": "CALLAO", "PROVINCIA": "CALLAO", "DISTRITO": "CALLAO", "TIPO_DE_DENUNCIA": "DENUNCIA", "SITUACION_DENUNCIA": "RESUELTA", "TIPO": "PATRIMONIO (DELITO)", "SUBTIPO": "ROBO", "MODALIDAD": "ROBO", "FECHA_HECHO": 20240222, "HORA_HECHO": 1400, "UBICACION": "INTERSECCION CALLE A CON CALLE H SECTOR 5 BOCANEGRA", "DESCRIPCION": "PLAYA RIMAC", "FECHA_NACIMIENTO": 19480711, "EDAD_PERSONA": 75, "SEXO": "FEMENINO", "ESTADO_CIVIL": "SOLTERO(A)", "GRADO_INSTRUCCION": "NO INDICA", "OCUPACION": "NO INDICA", "PAIS_NATAL": "PERU", "LONGITUD": -77.100038, "LATITUD": -12.0233699, "Año": "2024", "Mes": "02" }, "geometry": { "type": "Point", "coordinates": [ 271364.417491057072766, 8669989.044970786198974 ] } },
{ "type": "Feature", "properties": { "id": "2639", "FECHA_CORTE": 20240425, "FECHA_REGISTRO": 20240221, "ID_DOC_DENUNCIA": "aa55914aefc1aeb5363748c7baded8d142b78f7be134dee4081290de28d5a36b", "UBIGEO": 70101, "DEPARTAMENTO": "CALLAO", "PROVINCIA": "CALLAO", "DISTRITO": "CALLAO", "TIPO_DE_DENUNCIA": "DENUNCIA", "SITUACION_DENUNCIA": "RESUELTA", "TIPO": "PATRIMONIO (DELITO)", "SUBTIPO": "ROBO", "MODALIDAD": "ROBO AGRAVADO", "FECHA_HECHO": 20240221, "HORA_HECHO": 425, "UBICACION": "PARADERO MONARK", "DESCRIPCION": "PLAYA RIMAC", "FECHA_NACIMIENTO": 19980923, "EDAD_PERSONA": 25, "SEXO": "FEMENINO", "ESTADO_CIVIL": "SOLTERO(A)", "GRADO_INSTRUCCION": "NO INDICA", "OCUPACION": "NO INDICA", "PAIS_NATAL": "PERU", "LONGITUD": -77.0923318, "LATITUD": -12.0263082, "Año": "2024", "Mes": "02" }, "geometry": { "type": "Point", "coordinates": [ 272206.226011245278642, 8669670.333233987912536 ] } },
{ "type": "Feature", "properties": { "id": "2640", "FECHA_CORTE": 20240425, "FECHA_REGISTRO": 20240203, "ID_DOC_DENUNCIA": "cfad04a22c0558899fc6cf14b44ac72895bc8f8c87fcf82671a863cf7f2ccb43", "UBIGEO": 70101, "DEPARTAMENTO": "CALLAO", "PROVINCIA": "CALLAO", "DISTRITO": "CALLAO", "TIPO_DE_DENUNCIA": "DENUNCIA", "SITUACION_DENUNCIA": "RESUELTA", "TIPO": "PATRIMONIO (DELITO)", "SUBTIPO": "ROBO", "MODALIDAD": "ROBO AGRAVADO A MANO ARMADA", "FECHA_HECHO": 20240203, "HORA_HECHO": 1150, "UBICACION": "CALLE LOS DIAMANTES COLEGIO VIRGEN DE FATIMA CALLAO  PERU", "DESCRIPCION": "LA LEGUA", "FECHA_NACIMIENTO": 19861002, "EDAD_PERSONA": 37, "SEXO": "MASCULINO", "ESTADO_CIVIL": "SOLTERO(A)", "GRADO_INSTRUCCION": "NO INDICA", "OCUPACION": "NO INDICA", "PAIS_NATAL": "PERU", "LONGITUD": -77.1084239, "LATITUD": -12.05239212, "Año": "2024", "Mes": "02" }, "geometry": { "type": "Point", "coordinates": [ 270475.705158712924458, 8666770.827007707208395 ] } }
]
}
